src_id,dst_id,weight
0,6063,25
2,16,1111
2,35,224
2,785,55
2,1594,206
2,1765,30
2,4142,25
2,4144,4
2,9572,12
5,2957,20
15,0,2635
15,8,2653
15,11,225
15,20,1852
15,25,4549
15,27,20
15,28,15764
15,31,79125
15,32,50
15,33,3407
15,36,45
15,37,50
15,39,18824
15,44,8424
15,49,10
15,53,22
15,56,417
15,57,3456
15,58,400
15,59,4175
15,60,25
15,68,79
15,70,579
15,75,150
15,84,2811
15,86,5
15,88,302
15,90,1174
15,93,477
15,100,25
15,104,300
15,107,15
15,115,6364
15,124,515
15,126,18
15,127,20
15,135,20
15,136,15074
15,140,9300
15,141,5966
15,143,805
15,144,150
15,148,628
15,152,115
15,163,899
15,165,25
15,169,907
15,172,150
15,175,30
15,178,576
15,182,50
15,187,75
15,188,1058
15,195,5
15,198,6181
15,200,476
15,205,137
15,207,599
15,208,3287
15,209,100
15,215,16
15,223,380
15,226,9516
15,227,135
15,229,5361
15,230,95
15,233,115
15,243,365
15,250,703
15,260,20
15,263,401
15,266,480
15,276,2266
15,290,6968
15,291,4669
15,292,905
15,293,40
15,294,10
15,298,45
15,299,30
15,302,343
15,304,31978
15,308,275
15,311,635
15,319,674
15,320,788
15,322,662
15,323,3308
15,330,165
15,336,34583
15,340,25
15,344,41145
15,346,233
15,354,3521
15,360,1040
15,361,4718
15,363,50
15,365,80
15,368,1137
15,369,20
15,373,377
15,374,2135
15,375,7729
15,378,1667
15,381,125
15,385,18941
15,387,90
15,389,737
15,394,70
15,401,25
15,402,6383
15,404,73
15,408,1680
15,409,24
15,410,16
15,413,454
15,414,54328
15,416,135
15,417,1
15,418,30
15,423,1164
15,425,688
15,427,550
15,432,119919
15,437,2367
15,441,2
15,447,7547
15,452,649
15,457,12
15,468,100
15,469,55
15,471,12378
15,477,574
15,481,122350
15,491,3366
15,501,974
15,505,62461
15,506,175
15,508,30
15,510,585
15,512,50
15,513,25
15,515,95
15,518,600
15,519,41160
15,522,13012
15,524,210
15,531,939
15,536,22
15,538,1080
15,539,18665
15,542,134587
15,556,1663
15,567,25
15,568,99
15,569,30654
15,572,350
15,575,10
15,578,97
15,581,5
15,592,626
15,594,1785
15,596,33
15,604,265
15,605,507
15,614,29384
15,617,1712
15,627,204
15,628,29
15,631,195
15,637,60
15,642,418
15,649,34834
15,664,9078
15,666,7403
15,669,3511
15,673,194
15,689,1580
15,692,976
15,700,11012
15,701,3398
15,705,419
15,706,1216
15,710,5151
15,713,3648
15,726,315
15,732,1836
15,733,160
15,735,4777
15,743,30
15,744,10
15,752,670
15,756,3535
15,758,20
15,761,138
15,762,25
15,763,30
15,767,4470
15,770,5
15,772,25
15,775,530
15,783,24
15,785,30
15,792,6
15,797,365
15,802,1039
15,803,78
15,808,40
15,810,129
15,812,295
15,817,535
15,821,119
15,824,19879
15,826,125
15,828,1576
15,831,150
15,833,570
15,838,20
15,848,580
15,849,152
15,861,25
15,865,41
15,867,195
15,876,13064
15,878,501
15,882,327
15,884,25
15,887,716
15,888,64
15,889,40758
15,901,2330
15,903,105
15,907,20
15,910,30
15,911,15
15,917,108
15,919,38
15,928,32
15,934,222
15,935,784
15,938,90
15,939,55
15,942,68
15,943,400
15,945,15
15,946,15
15,953,380
15,954,80
15,959,2191
15,961,150
15,964,274
15,971,10
15,973,24
15,974,1376
15,978,163
15,988,10
15,994,25
15,995,9467
15,996,120
15,998,55
15,1013,963
15,1015,55
15,1016,490
15,1025,3907
15,1035,75
15,1037,10
15,1043,1575
15,1044,9296
15,1047,133
15,1050,50
15,1053,70
15,1059,9815
15,1060,75
15,1061,15
15,1064,35
15,1066,687
15,1069,1529
15,1070,630
15,1071,2490
15,1074,8083
15,1077,650
15,1085,187
15,1087,5
15,1092,12
15,1094,19746
15,1096,238
15,1097,10
15,1102,3374
15,1104,20
15,1105,10
15,1111,2445
15,1113,70
15,1116,5001
15,1117,169
15,1124,687
15,1127,105
15,1129,2275
15,1131,115
15,1132,1418
15,1133,2134
15,1135,30
15,1136,597
15,1137,581
15,1138,140
15,1150,50
15,1156,119
15,1158,374
15,1161,454
15,1169,50
15,1171,5
15,1174,24
15,1178,60
15,1179,1788
15,1183,40
15,1184,5279
15,1193,5147
15,1196,55
15,1207,25
15,1211,315
15,1212,1080
15,1216,296
15,1223,742
15,1229,720
15,1237,1634
15,1239,30
15,1243,25
15,1244,497
15,1247,75
15,1248,177
15,1254,257
15,1258,1191
15,1259,3223
15,1271,173
15,1272,390
15,1274,5
15,1279,140
15,1292,255
15,1295,11
15,1299,150
15,1300,493
15,1301,100
15,1302,260
15,1307,89465
15,1309,4570
15,1311,100
15,1318,12
15,1319,138
15,1327,4021
15,1334,129
15,1336,288
15,1338,4045
15,1347,45
15,1356,70
15,1358,165
15,1370,25
15,1372,1379
15,1375,12446
15,1376,25
15,1384,25
15,1391,50
15,1397,24
15,1399,140
15,1400,51
15,1401,10
15,1416,8427
15,1417,959
15,1419,1213
15,1420,200
15,1421,273
15,1425,61
15,1427,798
15,1430,985
15,1443,2932
15,1454,1288
15,1460,48
15,1464,64
15,1467,900
15,1468,1116
15,1469,292
15,1472,20
15,1478,45
15,1490,1104
15,1509,840
15,1516,12
15,1520,120
15,1525,285
15,1526,55
15,1531,100
15,1532,6025
15,1534,7739
15,1535,5030
15,1538,10115
15,1549,67
15,1550,30
15,1559,25
15,1563,690
15,1564,166
15,1569,4301
15,1571,105
15,1572,1275
15,1578,15
15,1586,10
15,1589,20
15,1590,151
15,1591,1715
15,1596,298
15,1604,20
15,1606,260
15,1610,4320
15,1614,60
15,1618,321
15,1620,1857
15,1628,319
15,1630,122
15,1632,2330
15,1636,25
15,1645,30
15,1649,25
15,1656,180
15,1660,75
15,1663,24
15,1671,448
15,1675,786
15,1681,1621
15,1685,3985
15,1688,100
15,1691,287
15,1697,12
15,1702,235
15,1703,370
15,1704,1139
15,1705,25
15,1707,1929
15,1710,150
15,1712,110
15,1718,50
15,1719,65
15,1721,60
15,1724,108
15,1732,125
15,1733,25
15,1735,10
15,1736,51640
15,1743,80
15,1746,3094
15,1748,631
15,1757,40
15,1758,100
15,1759,1050
15,1767,856
15,1769,6
15,1773,25
15,1785,642
15,1787,220
15,1790,542
15,1793,50
15,1794,70
15,1795,60
15,1797,200
15,1798,40
15,1800,7140
15,1802,1980
15,1803,132
15,1808,80
15,1812,222
15,1814,75
15,1815,50
15,1816,142
15,1819,50
15,1820,60
15,1822,54
15,1823,25
15,1826,25
15,1832,25
15,1834,17
15,1836,125
15,1841,30
15,1842,108
15,1844,513
15,1848,56
15,1858,241
15,1862,25
15,1863,95
15,1864,614
15,1867,1776
15,1868,1790
15,1870,2515
15,1874,10
15,1875,12
15,1877,151
15,1880,648
15,1882,100
15,1886,75
15,1891,25
15,1892,230
15,1897,60
15,1898,1610
15,1904,12
15,1911,3472
15,1914,15
15,1915,150
15,1918,45
15,1919,10059
15,1921,10
15,1933,150
15,1935,20
15,1950,110
15,1952,25
15,1954,85
15,1957,12
15,1958,648
15,1973,330
15,1975,3455
15,1978,32698
15,1979,680
15,1983,559
15,1989,1010
15,2033,1028
15,2051,6847
15,2075,450
15,2081,100
15,2084,2884
15,2087,946
15,2093,5
15,2097,167
15,2119,106
15,2125,408
15,2133,80
15,2139,325
15,2148,25
15,2150,235
15,2153,595
15,2154,150
15,2169,80
15,2172,50
15,2173,532
15,2184,25
15,2193,550
15,2194,30
15,2196,80
15,2197,158
15,2218,544
15,2219,145
15,2221,421
15,2236,5
15,2239,25
15,2242,80
15,2243,80
15,2245,50
15,2249,119
15,2262,30
15,2265,1661
15,2270,1391
15,2276,653
15,2277,50
15,2279,18
15,2281,198
15,2282,30
15,2286,6
15,2287,22
15,2290,79
15,2306,141
15,2307,933
15,2310,25
15,2312,75
15,2320,240
15,2321,30
15,2324,60
15,2336,43
15,2348,10
15,2358,110
15,2364,2565
15,2401,1483
15,2428,160
15,2465,2300
15,2520,104
15,2522,150
15,2524,325
15,2525,15
15,2541,460
15,2542,160
15,2556,60
15,2573,75
15,2596,10
15,2598,27
15,2599,25
15,2602,1730
15,2608,138
15,2618,45
15,2620,1581
15,2624,225
15,2634,7552
15,2636,50
15,2649,7048
15,2651,846
15,2652,320
15,2660,30
15,2661,1408
15,2662,25
15,2671,120
15,2672,212
15,2674,3515
15,2675,446
15,2676,705
15,2680,155
15,2681,110
15,2685,84
15,2687,50
15,2692,535
15,2693,148
15,2697,30
15,2705,185
15,2706,70
15,2710,944
15,2712,465
15,2713,65
15,2729,6894
15,2730,93
15,2742,8191
15,2745,170
15,2757,508
15,2766,10
15,2771,30
15,2781,140
15,2784,4693
15,2788,85
15,2789,90
15,2790,270
15,2792,45
15,2796,822
15,2801,33197
15,2805,72
15,2806,78
15,2810,1674
15,2815,264
15,2817,120
15,2818,358
15,2822,104
15,2828,90
15,2830,65
15,2832,758
15,2833,15
15,2835,72
15,2839,656
15,2840,2887
15,2844,75
15,2854,30
15,2865,675
15,2884,30
15,2885,1030
15,2886,102
15,2887,725
15,2895,341
15,2897,276
15,2899,119
15,2902,192
15,2903,35
15,2904,925
15,2905,102
15,2908,1325
15,2912,20
15,2917,20
15,2920,353
15,2924,220
15,2930,5
15,2942,106
15,2943,151
15,2944,30
15,2947,2355
15,2949,50
15,2956,490
15,2959,383
15,2964,105
15,2966,12
15,2990,10
15,2991,25
15,2996,30
15,3001,5
15,3019,163
15,3024,75
15,3029,20
15,3032,2742
15,3043,110
15,3054,150
15,3057,32
15,3058,25
15,3070,25
15,3074,64
15,3075,384
15,3077,424
15,3079,4465
15,3082,25
15,3087,10
15,3089,80
15,3090,20
15,3094,8294
15,3095,148
15,3097,12886
15,3107,1122
15,3117,2174
15,3120,150
15,3123,50
15,3130,4882
15,3135,155
15,3136,15
15,3143,72
15,3153,25
15,3154,263
15,3155,24
15,3156,558
15,3162,1165
15,3168,265
15,3169,20
15,3177,103
15,3188,26
15,3191,7799
15,3192,24
15,3193,1625
15,3194,13188
15,3200,50
15,3202,165
15,3205,783
15,3207,2999
15,3210,50
15,3219,305
15,3220,264
15,3223,165
15,3224,29
15,3225,159
15,3228,6752
15,3237,469
15,3239,15
15,3249,486
15,3253,1867
15,3254,5
15,3261,20
15,3271,20
15,3276,5544
15,3284,20774
15,3285,5878
15,3288,190
15,3291,40
15,3300,25
15,3307,25
15,3337,77
15,3340,30
15,3341,30
15,3354,3713
15,3355,726
15,3364,779
15,3378,25
15,3382,68
15,3390,150
15,3393,55
15,3395,5
15,3415,404
15,3418,855
15,3422,25
15,3423,832
15,3424,125
15,3431,18
15,3433,255
15,3444,95
15,3445,33
15,3446,60
15,3450,674
15,3456,770
15,3461,30
15,3467,10
15,3470,60
15,3472,35
15,3478,150
15,3481,336
15,3483,10
15,3487,24
15,3488,478
15,3489,1369
15,3490,50
15,3500,50
15,3509,100
15,3517,36
15,3520,6800
15,3529,72
15,3549,25
15,3556,197
15,3568,555
15,3579,5
15,3593,150
15,3599,174
15,3612,235
15,3620,10
15,3621,15
15,3631,1265
15,3635,40
15,3639,880
15,3643,2034
15,3644,110
15,3650,25
15,3664,315
15,3666,160
15,3675,20
15,3680,90
15,3682,829
15,3683,15
15,3690,5
15,3704,1748
15,3711,564
15,3717,1823
15,3718,156
15,3720,239
15,3722,2790
15,3725,78
15,3731,1881
15,3746,37
15,3753,48
15,3768,20
15,3769,30
15,3776,200
15,3784,945
15,3785,12
15,3786,50
15,3790,1369
15,3794,25
15,3800,25
15,3801,1002
15,3802,175
15,3803,1120
15,3805,548
15,3810,6190
15,3815,30
15,3817,20
15,3818,65
15,3819,120
15,3821,1801
15,3828,190
15,3835,75
15,3836,329
15,3845,10
15,3848,133
15,3863,140
15,3865,10
15,3873,10
15,3874,3384
15,3876,15
15,3885,2717
15,3887,991
15,3888,20
15,3895,12
15,3916,10
15,3918,868
15,3920,335
15,3923,80
15,3926,18
15,3930,15
15,3931,34
15,3937,31
15,3945,25
15,3946,4108
15,3949,793
15,3951,40
15,3970,462
15,3983,27
15,3995,188
15,3999,230
15,4003,261
15,4004,1411
15,4006,45
15,4008,2418
15,4014,247
15,4016,92
15,4018,40
15,4021,181
15,4022,766
15,4026,50
15,4027,105
15,4032,15
15,4033,159
15,4034,35
15,4036,131
15,4039,185
15,4055,25
15,4058,40
15,4061,50
15,4064,58
15,4088,96
15,4092,25
15,4097,25
15,4098,30
15,4101,25
15,4104,3830
15,4109,141
15,4110,27
15,4150,207
15,4159,331
15,4181,50
15,4199,125
15,4202,785
15,4207,13836
15,4212,150
15,4236,175
15,4281,483
15,4336,3225
15,4383,30
15,4384,38
15,4388,1303
15,4392,80
15,4393,94
15,4400,600
15,4412,458
15,4418,50
15,4421,1588
15,4424,150
15,4427,60
15,4429,295
15,4432,105
15,4440,43
15,4441,208
15,4448,3604
15,4451,108
15,4455,10
15,4457,64
15,4461,25
15,4465,50
15,4470,1912
15,4477,265
15,4481,564
15,4488,75
15,4490,100
15,4492,100
15,4495,20
15,4509,25
15,4511,25
15,4518,25
15,4523,1331
15,4525,2435
15,4526,63
15,4529,25
15,4538,40
15,4542,75
15,4546,1456
15,4548,75
15,4555,20
15,4567,2020
15,4572,40
15,4579,45
15,4581,55
15,4582,1155
15,4595,2220
15,4597,25
15,4598,108
15,4599,1042
15,4601,4320
15,4621,15
15,4628,402
15,4637,1772
15,4646,600
15,4647,830
15,4652,45
15,4670,126
15,4671,300
15,4678,1
15,4679,90
15,4684,1060
15,4697,75
15,4698,25
15,4702,306
15,4706,2319
15,4726,6
15,4728,174
15,4745,10
15,4746,994
15,4747,6863
15,4753,10
15,4762,5960
15,4766,595
15,4770,93
15,4771,100
15,4777,109
15,4783,884
15,4785,42
15,4791,711
15,4819,395
15,4833,25
15,4835,2417
15,4840,40
15,4855,24809
15,4864,1
15,4878,100
15,4883,136
15,4896,25
15,4905,1305
15,4913,20
15,4916,12
15,4921,120
15,4947,175
15,4957,1773
15,4958,40
15,4964,7930
15,4965,5
15,5041,114
15,5044,160
15,5046,743
15,5047,15
15,5056,48
15,5066,75
15,5074,200
15,5077,25
15,5083,5
15,5087,156
15,5090,25
15,5097,18
15,5100,55
15,5104,145
15,5106,365
15,5108,45
15,5109,24
15,5110,2318
15,5116,168
15,5117,4213
15,5121,25
15,5129,32
15,5130,6316
15,5132,235
15,5142,300
15,5145,119
15,5146,40
15,5161,120
15,5170,80
15,5191,51
15,5192,7066
15,5194,25
15,5195,200
15,5199,155
15,5203,130
15,5217,567
15,5219,2788
15,5222,393
15,5229,25
15,5232,205
15,5236,20
15,5249,20
15,5253,194
15,5258,115
15,5263,3352
15,5264,87
15,5269,1210
15,5278,25
15,5283,145
15,5327,1195
15,5328,646
15,5356,104
15,5359,1000
15,5360,129
15,5373,15
15,5386,2550
15,5399,128
15,5407,1778
15,5450,1322
15,5458,90
15,5468,172
15,5471,63
15,5480,1095
15,5485,150
15,5488,1138
15,5508,5510
15,5516,20
15,5523,1518
15,5527,1456
15,5540,1339
15,5546,85
15,5547,314
15,5554,497
15,5556,1077
15,5560,30
15,5574,680
15,5582,325
15,5586,715
15,5604,105
15,5609,18
15,5616,20
15,5619,80
15,5620,660
15,5629,74
15,5636,87
15,5638,5940
15,5641,371
15,5643,401
15,5644,1205
15,5647,1138
15,5648,334
15,5660,30
15,5663,404
15,5677,30
15,5680,50
15,5689,2244
15,5692,1012
15,5697,170
15,5774,30
15,5778,100
15,5783,50
15,5797,11
15,5804,6
15,5830,331
15,5870,425
15,5879,2200
15,5896,514
15,5900,20
15,5918,25
15,5928,707
15,5936,15
15,5939,132
15,5949,1250
15,5953,80
15,6007,2239
15,6010,50
15,6015,20
15,6016,100
15,6019,60
15,6030,1168
15,6036,122
15,6044,25
15,6055,64
15,6056,120
15,6057,280
15,6063,1562
15,6065,50
15,6067,140
15,6074,60
15,6092,169
15,6104,150
15,6105,50
15,6126,287
15,6134,80
15,6135,57
15,6167,70
15,6171,25
15,6172,25
15,6194,60
15,6197,45
15,6198,75
15,6202,10
15,6220,5
15,6236,110
15,6241,20
15,6247,75
15,6251,25
15,6258,25
15,6272,25
15,6278,55
15,6290,20
15,6295,10
15,6298,5
15,6299,5
15,6302,150
15,6303,25
15,6316,15
15,6334,400
15,6341,65
15,6342,62
15,6365,76
15,6387,535
15,6407,15
15,6408,25
15,6415,20
15,6433,33
15,6437,95
15,6465,15
15,6474,18
15,6509,25
15,6515,30
15,6541,551
15,6552,11
15,6578,20
15,6582,12
15,6593,2955
15,6594,60
15,6629,20
15,6634,125
15,6662,75
15,6685,115
15,6689,237
15,6696,20
15,6698,30
15,6703,48
15,6709,792
15,6717,45
15,6726,50
15,6730,196
15,6743,75
15,6746,25
15,6760,50
15,6762,11
15,6805,20
15,6806,20
15,6829,890
15,6840,75
15,6848,48
15,6869,5
15,6890,180
15,6893,65
15,6899,51
15,6918,21089
15,6922,825
15,6935,309
15,6939,2394
15,6973,24
15,7011,1518
15,7032,25
15,7038,325
15,7094,30
15,7137,272
15,7155,50
15,7248,4036
15,7266,199
15,7289,697
15,7293,25
15,7296,85
15,7326,360
15,7376,230
15,7397,6
15,7450,232
15,7469,65
15,7474,229
15,7479,102
15,7542,25
15,7569,125
15,7605,50
15,7622,103
15,7626,55
15,7628,155
15,7630,25
15,7640,107
15,7648,270
15,7653,385
15,7780,150
15,7793,18
15,7797,25
15,7818,154
15,7877,393
15,7883,130
15,7885,96
15,7961,90
15,8001,205
15,8021,145
15,8061,30
15,8145,22
15,8263,219
15,8446,30
15,8448,98
15,8458,814
15,8476,25
15,8492,763
15,8495,25
15,8622,18568
15,8731,30
15,8769,160
15,8789,25
15,8914,60
15,8932,120
15,9024,1392
15,9039,60
15,9044,40
15,9062,293
15,9079,20
15,9101,458
15,9122,174
15,9147,40
15,9153,20
15,9162,240
15,9163,6
15,9167,425
15,9168,30
15,9173,384
15,9174,228
15,9177,100
15,9178,60
15,9180,1124
15,9185,448
15,9186,25
15,9192,1296
15,9197,25
15,9201,25
15,9202,30
15,9204,686
15,9218,342
15,9224,25
15,9230,10
15,9234,377
15,9237,224
15,9238,353
15,9246,110
15,9252,129
15,9254,160
15,9255,85
15,9259,2601
15,9260,565
15,9271,248
15,9272,706
15,9273,2075
15,9284,55
15,9292,25
15,9293,75
15,9294,122
15,9295,18
15,9299,24
15,9301,940
15,9315,283
15,9316,30
15,9317,35
15,9322,60
15,9323,226
15,9328,33
15,9331,75
15,9342,370
15,9345,480
15,9355,398
15,9361,60
15,9369,12
15,9379,410
15,9382,45
15,9386,75
15,9390,30
15,9391,2845
15,9394,219
15,9396,1060
15,9413,25
15,9420,50
15,9423,10
15,9424,957
15,9429,127
15,9430,25
15,9432,262
15,9434,150
15,9446,18
15,9449,15
15,9455,68
15,9459,1520
15,9463,3126
15,9465,31
15,9467,44
15,9469,30
15,9478,30
15,9484,480
15,9492,60
15,9495,20
15,9498,300
15,9502,93
15,9503,430
15,9526,30
15,9540,699
15,9541,97
15,9554,500
15,9555,50
15,9557,60
15,9558,78
15,9564,388
15,9571,55
15,9576,30
15,9579,56
15,9583,36
15,9587,30
15,9591,3854
15,9600,30
15,9635,30
15,9656,72
15,9669,488
15,9687,24
15,9688,20
15,9696,50
15,9698,85
15,9702,40
15,9703,140
15,9707,25
15,9710,80
15,9713,60
15,9714,10
15,9719,58
15,9730,25
15,9731,30
15,9747,30
15,9760,30
15,9762,50
15,9808,17
17,145,25
17,314,50
17,368,100
17,774,123
17,1062,150
17,1335,35
17,1788,12
17,2278,25
17,2363,20
17,3539,25
17,4045,50
17,4414,50
17,4543,60
17,5643,135
17,6341,25
17,8677,100
19,349,40
19,3853,15
21,614,110
21,1025,25
21,1652,80
21,3680,50
21,4432,10
21,5633,20
26,1736,90
27,1025,55
28,93,50
28,240,25
28,264,490
28,826,25
28,848,165
28,865,10
28,893,8467
28,1023,50
28,1083,330
28,1095,72
28,1266,2705
28,1333,332
28,1406,80
28,1574,12
28,1758,35
28,1785,917
28,1867,390
28,2185,465
28,2661,810
28,2663,956
28,2667,25
28,2676,20
28,2862,75
28,3489,109
28,3837,10
28,4418,30
28,4456,25
28,4470,70
28,4480,76
28,6027,54
28,9465,56
28,9484,65
30,98,20
31,9,30
31,30,10
31,33,1235
31,34,30
31,174,30
31,200,10
31,203,375
31,287,75
31,304,150
31,314,175
31,368,50
31,370,2155
31,401,30
31,436,6115
31,542,55
31,689,108
31,751,50
31,753,50
31,756,1170
31,757,110
31,766,125
31,781,50
31,826,125
31,831,25
31,845,50
31,853,40
31,857,50
31,876,225
31,943,704
31,948,100
31,1037,75
31,1039,50
31,1040,20
31,1067,150
31,1089,110
31,1121,50
31,1134,50
31,1162,450
31,1184,995
31,1239,25
31,1261,75
31,1317,1565
31,1349,225
31,1373,16
31,1375,20
31,1390,50
31,1432,10
31,1567,200
31,1599,60
31,1619,42
31,1682,15
31,1698,15
31,1758,100
31,1890,75
31,1905,35
31,1927,150
31,1945,126
31,1946,55
31,1954,30
31,2162,100
31,2201,30
31,2370,369
31,2592,55
31,2660,25
31,2673,65
31,2701,150
31,2798,320
31,2802,125
31,2815,390
31,2846,30
31,2894,25
31,2932,36
31,2936,25
31,3128,325
31,3172,685
31,3421,50
31,3778,25
31,4472,25
31,4511,25
31,4590,30
31,4762,5
31,9213,25
31,9458,240
31,9614,10
31,9686,25
32,145,75
32,203,20
32,304,60
32,314,220
32,370,480
32,831,25
32,1057,275
32,1134,25
32,1188,5
32,1739,200
32,2237,60
32,3128,585
32,3581,65
32,6619,25
32,9228,25
32,9317,5
32,9626,50
33,314,50
33,370,300
33,665,525
33,731,84
33,1057,50
33,2002,125
33,2089,25
33,3128,340
35,2,108
36,2132,15
36,2986,60
36,6525,12
39,50,690
39,240,60
39,301,12
39,314,60
39,378,45
39,516,30
39,859,45
39,1171,70
39,1392,30
39,1598,25
39,1758,50
39,1785,843
39,1927,30
39,1933,20
39,2242,25
39,2560,140
39,2663,430
39,2940,24
39,3178,300
39,3428,5
39,3484,90
39,3791,30
39,3837,169
39,4418,95
39,4529,5
39,6027,84
39,9465,214
39,9540,5
40,41,515
43,52,96
43,850,48
43,1625,44
43,2187,24
43,3024,116
43,3867,65
43,4110,128
43,4475,20
43,4531,168
43,6638,44
43,9467,50
43,9739,6
44,452,5
44,826,25
44,1173,50
44,1309,75
44,1333,795
44,1492,50
44,1598,100
44,1627,240
44,1785,937
44,1849,10
44,1882,15
44,1963,60
44,2663,335
44,3489,86
47,940,55
50,1800,66
51,1512,136
51,2037,107
51,3066,79
51,3677,5
51,3939,100
51,4420,20
51,4735,12
51,5686,123
51,6100,25
51,6707,20
52,2187,24
52,3827,6
52,3867,66
52,4924,45
52,6827,24
53,4645,1425
53,5459,294
56,1081,20
56,2247,2177
58,3280,1934
58,4923,223
58,5832,53
59,1428,180
59,5663,12
59,5870,50
59,9349,60
68,252,29363
68,1769,2851
68,1921,4277
68,2489,45
68,2496,769
68,4264,60
68,4295,950
68,4325,472
68,4331,325
68,4361,68
68,4378,41
68,4964,10677
68,4974,71
68,5018,223
68,6951,175
68,6973,453
68,6982,15
68,6990,612
68,7010,133
68,7043,408
68,7052,545
68,7120,325
68,7196,2635
68,7222,313
68,7326,292
68,7397,5
68,7400,136
68,7496,229
68,7515,11
68,7536,242
68,7545,86
68,7577,205
68,7596,319
68,7599,95
68,7756,168
68,7796,70
68,8201,16
68,8204,3558
68,8266,187
68,8283,2159
68,8344,42
68,8550,274
68,8567,100
68,8596,53
68,8818,30
68,9020,104
72,2124,10
73,4144,5
80,9,20
80,200,102
80,654,60
80,659,65
80,670,1176
80,674,40
80,748,40
80,1025,85
80,1053,20
80,1266,626
80,1301,40
80,1307,777
80,1624,5
80,1705,50
80,1707,10
80,1736,3205
80,1800,138
80,1882,5
80,2031,55
80,2067,200
80,2075,36
80,2079,40
80,2229,20
80,2676,20
80,2784,5
80,2872,59
80,3296,40
80,3324,36
80,3330,110
80,3749,2158
80,3756,40
80,3757,10
80,3763,40
80,4004,225
80,4470,140
80,4595,64
80,4616,20
80,4618,130
80,4667,119
80,4840,15
80,4855,470
80,5180,580
80,5390,24
80,5414,105
80,5505,15
80,5572,20
80,5617,15
80,5621,15
80,5663,44
80,6425,20
83,4293,5
83,4294,15
83,4359,120
84,583,62
84,970,368
84,980,42
84,2626,5
84,2667,20
84,2761,15
84,3993,6
84,6431,24
84,6675,15
86,6,160
86,178,5
86,197,9343
86,200,130
86,294,25
86,405,180
86,586,700
86,607,88
86,642,196
86,649,25
86,797,25
86,956,685
86,959,3
86,962,2098
86,967,25
86,1269,39656
86,1276,1301
86,1736,96
86,1747,75
86,1760,10
86,1927,50
86,2634,1978
86,2637,78
86,2723,4991
86,2872,56
86,2981,141
86,3025,25
86,3199,199
86,3200,20
86,3533,25
86,3652,180
86,3737,58
86,3828,50
86,4484,825
86,4613,40393
86,5262,80
89,35,48
89,9572,36
90,2,689
90,3,200
90,5,204
90,9,164
90,15,458253
90,20,3327
90,23,3763
90,28,47205
90,31,84592
90,32,6767
90,34,1391
90,43,2075
90,44,20742
90,51,187
90,82,50
90,84,6002
90,86,62044
90,87,2095
90,93,1524
90,95,199
90,97,5
90,99,5
90,104,60
90,107,163
90,133,484
90,135,398
90,136,37169
90,140,22219
90,141,9615
90,146,25
90,147,2
90,151,2561
90,155,2604
90,167,350
90,169,52856
90,177,224
90,178,19254
90,179,20
90,180,20470
90,188,161246
90,192,2748
90,193,1760
90,195,9374
90,198,639351
90,208,116256
90,229,111
90,247,2152
90,250,594
90,251,9174
90,252,17339
90,260,375
90,261,126
90,262,30
90,263,302
90,265,310
90,271,606
90,273,21257
90,274,532
90,276,9748
90,290,3399
90,291,10417
90,292,30126
90,293,1014
90,294,6069
90,298,13580
90,299,6423
90,301,6364
90,303,15029
90,304,43787
90,320,8878
90,323,5416
90,324,61
90,327,24
90,329,3065
90,336,83496
90,343,490
90,347,711
90,354,5497
90,357,13095
90,361,840
90,362,177
90,367,198
90,375,113021
90,385,15393
90,387,277479
90,389,116579
90,392,60
90,401,600
90,407,519
90,408,4599
90,409,924
90,414,108901
90,416,1884
90,418,860
90,419,830
90,420,5471
90,423,3949
90,424,3679
90,425,1644
90,427,883
90,428,4935
90,430,176
90,432,84987
90,433,34223
90,442,399
90,447,1255
90,448,27
90,453,1545
90,457,759
90,461,2340
90,463,57159
90,466,15
90,481,83787
90,491,5081
90,492,39
90,505,33226
90,509,10
90,514,23028
90,515,95
90,519,30120
90,522,13194
90,534,15765
90,536,10772
90,542,90426
90,545,29395
90,553,70
90,557,17413
90,562,179
90,563,174
90,568,129
90,570,4247
90,571,302
90,573,2660
90,575,4311
90,579,25
90,581,1283
90,583,135
90,585,510
90,587,135
90,588,1046
90,589,29
90,592,3213
90,597,10
90,604,320
90,607,1524
90,608,2057
90,610,495
90,612,11852
90,614,20154
90,618,95051
90,625,33299
90,627,2149
90,632,125
90,633,105
90,642,37
90,647,16790
90,650,478
90,666,35887
90,669,9725
90,673,296
90,676,2243
90,677,234
90,689,559
90,692,436
90,701,1088
90,703,707
90,704,1195
90,705,2409
90,712,225
90,721,4829
90,732,682
90,733,190
90,735,826
90,739,300
90,743,1005
90,744,362
90,747,71
90,748,25
90,758,42
90,761,824
90,785,1780
90,802,2119
90,809,104
90,812,471
90,817,1852
90,824,9451
90,826,220
90,832,1343
90,836,3225
90,837,244
90,843,924
90,853,850
90,855,18911
90,863,50662
90,869,6
90,876,4924
90,882,584
90,883,354
90,891,2550
90,911,26
90,917,3272
90,918,62
90,919,48
90,920,40
90,923,3922
90,928,4913
90,935,1699
90,942,102
90,943,4205
90,949,5
90,951,10
90,959,33250
90,963,175
90,964,95
90,971,10
90,973,32
90,988,334
90,989,3459
90,991,45
90,994,118502
90,996,160
90,1001,1989
90,1004,2025
90,1008,243
90,1010,1746
90,1018,200
90,1021,412
90,1024,1570
90,1025,5158
90,1027,10
90,1033,525
90,1039,165
90,1045,30
90,1047,6815
90,1049,1692
90,1053,17
90,1068,10603
90,1070,5128
90,1071,9047
90,1078,1141
90,1080,394
90,1085,250
90,1095,89
90,1096,187
90,1097,15
90,1100,2346
90,1105,386
90,1116,3379
90,1128,1493
90,1146,36
90,1147,183
90,1149,36
90,1150,25
90,1158,2288
90,1159,90
90,1166,6638
90,1171,225
90,1174,5
90,1176,18
90,1179,83
90,1184,4866
90,1200,170
90,1216,431
90,1217,25
90,1219,481
90,1223,2939
90,1225,1473
90,1237,3605
90,1244,14146
90,1254,1146
90,1257,420
90,1258,674
90,1259,7871
90,1266,18031
90,1271,5
90,1285,183
90,1292,140
90,1294,4770
90,1295,95
90,1307,183682
90,1311,31
90,1312,703
90,1318,3
90,1319,154
90,1327,10010
90,1356,30
90,1358,75
90,1359,112
90,1375,2342
90,1409,210
90,1417,9154
90,1419,25
90,1425,449
90,1426,552
90,1430,1139
90,1432,13346
90,1489,20
90,1506,17550
90,1509,465
90,1513,90
90,1532,28
90,1534,17367
90,1549,134
90,1552,93
90,1563,2567
90,1569,10941
90,1573,300
90,1604,60
90,1618,1965
90,1620,8104
90,1624,325
90,1628,367
90,1630,105
90,1634,6339
90,1637,385
90,1644,251
90,1670,14822
90,1675,1480
90,1676,40
90,1680,54
90,1684,505
90,1691,60
90,1697,23
90,1699,1016
90,1703,729
90,1707,19316
90,1708,80
90,1710,755
90,1713,725
90,1718,435
90,1719,226
90,1731,224
90,1736,51938
90,1746,2000
90,1752,1075
90,1757,1074
90,1760,15
90,1767,764
90,1787,83
90,1790,1277
90,1792,756
90,1800,15978
90,1803,5082
90,1812,83
90,1848,259
90,1849,593
90,1863,125
90,1865,3717
90,1870,6376
90,1874,15
90,1875,18
90,1885,90818
90,1887,107
90,1898,165
90,1908,12404
90,1911,4689
90,1927,50
90,1950,479
90,1952,31
90,1953,100
90,1958,901
90,1959,30
90,1960,2132
90,1975,4725
90,1978,94717
90,1983,30
90,2004,2101
90,2029,1325
90,2046,164
90,2075,711
90,2106,55
90,2108,62
90,2119,186
90,2125,2946
90,2127,70
90,2135,5990
90,2147,471
90,2153,252
90,2158,120
90,2165,780
90,2169,35
90,2175,11
90,2179,4470
90,2197,485
90,2223,15
90,2236,10
90,2237,509
90,2241,10010
90,2274,1502
90,2290,126
90,2309,118
90,2317,730
90,2319,675
90,2324,90
90,2335,3840
90,2346,10
90,2404,1315
90,2414,6961
90,2465,2395
90,2520,18
90,2521,255
90,2534,386
90,2537,4000
90,2541,150
90,2545,250
90,2556,220
90,2580,183
90,2598,43
90,2599,6248
90,2604,85
90,2608,11367
90,2618,43
90,2619,627
90,2620,270
90,2631,308
90,2632,50
90,2642,4627
90,2649,17456
90,2652,322
90,2670,15219
90,2676,952
90,2677,98
90,2679,25
90,2680,40
90,2696,50
90,2703,30
90,2710,2126
90,2711,67
90,2713,105
90,2723,33
90,2725,9209
90,2727,25
90,2728,785
90,2744,10
90,2745,370
90,2751,15
90,2757,898
90,2759,2997
90,2784,16863
90,2786,10
90,2807,966
90,2808,468
90,2813,32
90,2815,3677
90,2821,11
90,2833,16
90,2838,5
90,2850,26
90,2852,325
90,2868,45
90,2872,33186
90,2873,390
90,2874,25
90,2875,54
90,2887,1767
90,2896,10
90,2905,178
90,2908,90
90,2909,542
90,2922,34
90,2924,567
90,2927,72
90,2942,187
90,2943,458
90,2957,15
90,2968,11263
90,2981,1187
90,2982,433
90,2989,25
90,2990,2899
90,3001,229
90,3002,20
90,3006,200
90,3015,15
90,3016,255
90,3018,71
90,3024,185
90,3029,30
90,3038,25
90,3039,1245
90,3040,284
90,3054,335
90,3056,258
90,3057,10
90,3070,380
90,3071,206
90,3074,571
90,3075,102
90,3077,920
90,3083,3854
90,3087,20
90,3089,1849
90,3090,10
90,3094,1720
90,3099,30
90,3107,2060
90,3110,1046
90,3118,184
90,3130,2053
90,3142,91
90,3172,228
90,3189,283
90,3210,580
90,3213,44
90,3237,9556
90,3239,467
90,3258,2027
90,3271,3349
90,3276,11455
90,3277,75
90,3281,1145
90,3285,15369
90,3288,1364
90,3300,495
90,3310,1042
90,3320,1010
90,3340,30
90,3354,40637
90,3355,2307
90,3359,25
90,3364,1355
90,3367,58
90,3379,20
90,3386,1356
90,3394,978
90,3406,61
90,3428,361
90,3437,31
90,3452,200
90,3461,45
90,3481,84
90,3483,86
90,3490,188
90,3492,37
90,3500,75
90,3516,15
90,3520,339
90,3524,115
90,3529,229
90,3541,516
90,3544,363
90,3559,300
90,3562,2922
90,3566,287
90,3572,29
90,3577,5447
90,3579,10
90,3620,15
90,3625,40
90,3636,10
90,3639,2926
90,3648,55
90,3650,25
90,3655,222
90,3657,5
90,3660,630
90,3680,1855
90,3690,5
90,3696,352
90,3704,665
90,3707,7200
90,3718,473
90,3725,358
90,3729,639
90,3737,1179
90,3738,90
90,3748,6
90,3758,3179
90,3775,1128
90,3790,657
90,3797,62
90,3801,2900
90,3802,150
90,3805,2159
90,3818,205
90,3858,469
90,3874,1939
90,3880,120
90,3885,1500
90,3918,9132
90,3929,125
90,3948,250
90,3952,75
90,3972,20
90,3977,373
90,3978,54
90,3984,5
90,3993,183
90,4004,140
90,4008,5879
90,4022,2260
90,4023,46
90,4034,15
90,4036,57
90,4042,865
90,4043,220
90,4058,200
90,4061,293
90,4069,10
90,4073,80
90,4083,160
90,4086,15
90,4089,247
90,4090,50
90,4097,3511
90,4101,25
90,4110,247
90,4113,153
90,4131,2255
90,4150,6190
90,4193,340
90,4207,26848
90,4236,75
90,4392,60
90,4401,20
90,4415,339
90,4432,347
90,4441,931
90,4442,137
90,4450,70
90,4451,359
90,4456,30
90,4464,1276
90,4466,160
90,4470,4072
90,4481,648
90,4484,275
90,4487,279
90,4489,22
90,4508,613
90,4511,90
90,4523,2774
90,4530,20
90,4545,3045
90,4550,800
90,4555,25
90,4556,32
90,4567,3305
90,4595,3115
90,4599,2083
90,4625,1245
90,4634,504
90,4642,1310
90,4670,1126
90,4680,35
90,4684,1204
90,4687,394
90,4688,130
90,4698,351
90,4726,32
90,4742,1923
90,4762,35470
90,4791,3874
90,4797,30
90,4825,467
90,4826,65
90,4831,232
90,4838,10478
90,4840,90
90,4854,5576
90,4855,52652
90,4862,15
90,4897,15
90,4900,90
90,4906,40
90,4930,14
90,4945,1315
90,4965,86
90,5040,1105
90,5043,360
90,5048,15392
90,5056,333
90,5068,78
90,5074,365
90,5109,1275
90,5110,6941
90,5111,90
90,5112,2890
90,5123,25
90,5130,1428
90,5155,236
90,5158,120
90,5164,259
90,5170,220
90,5194,50
90,5199,28536
90,5200,1708
90,5219,7338
90,5258,732
90,5272,4312
90,5278,25
90,5324,100
90,5328,4905
90,5331,20
90,5438,35
90,5468,2666
90,5488,902
90,5491,854
90,5495,172
90,5519,651
90,5551,106
90,5554,263
90,5574,23
90,5582,4107
90,5602,3051
90,5636,102
90,5641,15
90,5663,6314
90,5677,280
90,5697,164
90,5733,171
90,5765,406
90,5774,115
90,5813,365
90,5916,25
90,5924,12
90,5934,75
90,5959,5
90,5996,12
90,6014,160
90,6020,36
90,6024,12
90,6025,25
90,6027,30547
90,6044,45
90,6063,5494
90,6067,1470
90,6076,450
90,6091,25
90,6096,175
90,6120,80
90,6123,50
90,6133,60
90,6140,55
90,6143,110
90,6157,25
90,6190,288
90,6219,20
90,6227,10
90,6228,15
90,6262,120
90,6274,40
90,6278,45
90,6287,5
90,6322,482
90,6339,6
90,6344,31
90,6365,114
90,6393,104
90,6408,135
90,6418,65
90,6427,5
90,6437,207
90,6447,50
90,6485,61
90,6515,30
90,6524,44
90,6554,60
90,6593,470
90,6608,1992
90,6609,20
90,6614,450
90,6618,36
90,6643,27
90,6661,710
90,6689,858
90,6712,3312
90,6732,10
90,6762,68
90,6767,5
90,6818,25
90,6833,20
90,6857,50
90,6893,60
90,6918,33109
90,6939,846
90,7011,4756
90,7196,30
90,7606,120
90,7613,43
90,7672,25
90,8021,7705
90,8387,639
90,9122,411
90,9161,1012
90,9192,96
90,9234,1176
90,9259,2400
90,9264,67
90,9269,58
90,9273,5419
90,9294,388
90,9299,126
90,9306,55
90,9309,70
90,9315,267
90,9317,115
90,9320,75
90,9332,105
90,9351,46
90,9352,10
90,9371,48
90,9379,1190
90,9389,251
90,9391,3739
90,9424,1389
90,9461,205
90,9463,4185
90,9479,10
90,9498,455
90,9502,10
90,9506,64
90,9540,2331
90,9554,56
90,9564,1742
90,9591,1858
90,9635,95
90,9648,5
90,9664,30
90,9669,1735
90,9676,5
90,9680,180
90,9690,25
90,9691,6
90,9714,30
90,9739,81
90,9766,95
104,9,30
104,214,25
104,839,25
104,939,24
104,1010,40
104,1025,40
104,1620,100
104,1707,68
104,1718,50
104,2784,80
104,3172,105
104,3554,95
104,3650,25
104,4567,50
104,6301,10
104,6413,40
104,6583,25
104,6760,55
107,114,686
107,326,1592
107,561,374
107,1723,265
107,2124,8
107,2129,2187
107,2138,362
114,89,99
115,83,5
115,158,1450
115,4293,200
115,4367,60
115,7018,5
116,873,5
129,1134,25
129,6711,30
131,1,125
131,377,20
133,5,55
133,173,280
133,1637,3845
136,59,104
136,139,80
136,168,20075
136,189,271
136,281,125
136,286,30
136,295,30
136,466,110
136,473,65
136,476,534
136,477,307
136,495,80
136,497,200
136,498,836
136,499,1555
136,500,460
136,501,220
136,503,500
136,504,200
136,655,338
136,657,204
136,678,75
136,679,702
136,680,388
136,682,520
136,700,1456
136,715,284
136,716,208
136,718,66
136,721,75
136,1010,25
136,1266,1920
136,1421,417
136,1422,1565
136,1436,286
136,1455,180
136,1457,35
136,1458,89
136,1461,220
136,1462,200
136,1475,800
136,1477,100
136,1483,204
136,1497,140
136,1498,100
136,1519,124
136,1985,140
136,1986,40
136,2007,200
136,2009,108
136,2010,484
136,2011,104
136,2014,370
136,2053,164
136,2057,124
136,2059,260
136,2063,164
136,2064,100
136,2069,58
136,2091,115
136,3265,340
136,3311,268
136,3745,528
136,4567,30
136,4609,44
136,4610,650
136,4611,152
136,4642,50
136,4790,256
136,4808,180
136,4809,188
136,5131,20
136,5197,192
136,5255,20
136,5292,245
136,5293,240
136,5300,200
136,5305,100
136,5314,20
136,5609,44
136,5665,164
136,5686,60
136,5759,100
136,5810,229
136,5885,60
136,5896,184
138,682,1320
140,401,25
140,476,435
140,493,40
140,496,40
140,498,12
140,502,120
140,503,930
140,680,140
140,681,60
140,684,61
140,700,1454
140,717,128
140,720,50
140,724,228
140,1010,96
140,1057,50
140,1166,241
140,1266,87
140,1422,124
140,1435,102
140,1436,162
140,1457,165
140,1474,50
140,1476,532
140,1736,3510
140,1758,375
140,1764,130
140,1933,10
140,1983,490
140,2010,50
140,2014,20
140,2016,60
140,2054,188
140,2055,20
140,2056,10
140,2061,160
140,2064,20
140,2069,203
140,2075,49
140,2844,20
140,3312,80
140,3446,25
140,3744,64
140,4567,825
140,4804,40
140,5131,50
140,5267,15
140,5294,112
140,5297,120
140,5298,112
140,5306,100
140,5308,116
140,5328,750
140,5556,36
140,9424,34
140,9711,25
141,279,155
141,474,330
141,475,290
141,476,230
141,498,52
141,720,1079
141,722,148
141,723,22
141,1423,278
141,1434,172
141,1435,422
141,1436,50
141,1456,50
141,1484,12
141,1496,130
141,1499,60
141,2015,544
141,2017,80
141,2062,10
141,3262,120
141,3266,40
141,3267,40
141,4607,20
141,4779,45
141,4780,120
141,5256,78
141,5290,180
141,5299,256
141,5665,64
141,5842,20
146,980,10
147,72,846
147,179,37
147,583,325
148,619,5
153,4108,2068
154,240,50
154,3458,25
155,6,15
155,156,356
155,203,30
155,214,25
155,369,10
155,1077,5
155,1119,25
155,1148,100
155,1301,50
155,1518,15
155,1682,25
155,1758,5
155,3458,50
155,3489,105
155,5442,40
155,9715,30
156,150,40
156,369,120
156,1148,140
156,1301,40
156,3458,20
156,5441,20
156,5447,20
157,6,10
157,125,50
157,3128,25
157,4316,50
157,8813,50
160,6970,132
160,9502,25
164,4108,506
168,656,20
168,1480,20
168,3265,75
169,2,470
169,15,470
169,19,2454
169,20,5
169,28,1490
169,30,5
169,31,8697
169,32,10255
169,35,599
169,44,5
169,53,51
169,57,4319
169,84,387
169,86,72198
169,88,53
169,90,16
169,115,1745
169,118,25
169,136,5450
169,137,70
169,138,2250
169,149,25
169,151,176
169,152,122
169,155,251
169,175,45
169,180,692
169,193,670
169,194,337
169,195,10
169,196,5
169,198,842329
169,208,110385
169,215,12
169,217,775
169,226,6932
169,229,2752
169,234,268
169,243,2801
169,246,47
169,251,11281
169,263,498
169,276,81
169,282,1264
169,285,180
169,286,15646
169,289,36
169,290,7307
169,293,339
169,296,44210
169,298,807
169,301,165
169,306,5
169,309,103
169,311,25
169,346,83
169,368,100
169,385,2356
169,387,89538
169,389,43
169,392,6
169,404,17
169,407,18
169,414,17426
169,416,5
169,418,895
169,420,1337
169,432,4894
169,453,973
169,466,5
169,474,540
169,476,1339
169,477,380
169,483,142
169,485,1694
169,490,195
169,498,919
169,499,65
169,505,28
169,511,111
169,519,1614
169,522,3869
169,527,422
169,534,1140
169,542,28120
169,545,110
169,583,5
169,586,1050
169,587,99
169,594,147
169,607,484
169,614,1847
169,625,5743
169,628,53
169,635,2505
169,642,153
169,646,2505
169,647,75
169,649,8466
169,657,306
169,664,4576
169,666,3630
169,669,25
169,672,2505
169,676,8325
169,677,40
169,682,4594
169,704,1125
169,706,1096
169,710,8292
169,712,22
169,713,2077
169,718,264
169,726,665
169,730,240
169,732,791
169,740,880
169,741,1219
169,802,56
169,808,34
169,812,21
169,821,758
169,853,30
169,889,11312
169,911,15
169,927,624
169,928,6
169,935,39
169,943,10025
169,964,61
169,965,40
169,994,98004
169,1001,5
169,1010,316
169,1025,968
169,1039,1679
169,1047,45
169,1070,305
169,1074,1941
169,1102,965
169,1120,221
169,1128,280
169,1136,1529
169,1143,768
169,1161,116
169,1166,15
169,1171,30
169,1174,17
169,1184,390
169,1227,25
169,1263,34
169,1266,3158
169,1280,125
169,1285,653
169,1292,325
169,1307,13892
169,1309,182
169,1312,72
169,1318,18
169,1334,54
169,1347,6
169,1355,75
169,1373,1498
169,1378,5
169,1394,11
169,1398,1057
169,1405,30
169,1409,35
169,1417,2822
169,1419,964
169,1420,861
169,1421,94
169,1423,278
169,1426,6
169,1431,1103
169,1432,749
169,1468,71
169,1469,2378
169,1474,90
169,1479,225
169,1481,41
169,1488,318
169,1506,324
169,1509,16
169,1528,11
169,1535,1363
169,1539,12
169,1572,4218
169,1585,30
169,1596,168
169,1620,150
169,1628,45
169,1652,1732
169,1668,1986
169,1682,75
169,1691,203
169,1707,327
169,1712,35
169,1715,37
169,1730,12
169,1736,19023
169,1755,36
169,1800,13451
169,1836,40
169,1857,180
169,1863,90
169,1871,1222
169,1875,25
169,1899,391
169,1907,130
169,1909,25
169,1927,100
169,1933,15
169,1954,1893
169,1960,2814
169,1972,1216
169,1983,782
169,2004,187
169,2041,45
169,2049,310
169,2069,837
169,2070,115
169,2075,1302
169,2080,40
169,2093,40
169,2095,15
169,2150,35
169,2153,247
169,2164,60
169,2179,3
169,2208,140
169,2213,468
169,2218,39
169,2237,67
169,2241,891
169,2248,35
169,2317,48
169,2359,105
169,2414,675
169,2422,1705
169,2483,1593
169,2580,25
169,2625,75
169,2636,50
169,2639,15
169,2652,43
169,2672,2791
169,2676,210
169,2680,5
169,2697,20
169,2710,11
169,2770,555
169,2784,335
169,2796,138
169,2801,12425
169,2844,80
169,2852,84
169,2872,450
169,2887,25
169,2908,522
169,2959,475
169,2962,2136
169,2981,25
169,3006,15
169,3013,25
169,3056,15
169,3090,5
169,3095,6306
169,3130,1135
169,3142,27
169,3172,2517
169,3188,50
169,3224,5
169,3237,24
169,3269,524
169,3272,21
169,3276,3393
169,3277,50
169,3288,40
169,3297,11
169,3300,25
169,3310,284
169,3340,25
169,3364,278
169,3382,80
169,3386,25
169,3390,30
169,3405,25
169,3435,2806
169,3453,25
169,3456,4936
169,3469,2094
169,3487,6
169,3489,613
169,3509,111
169,3516,5
169,3545,93
169,3548,49
169,3556,175
169,3562,219
169,3599,131
169,3680,45
169,3699,20
169,3704,3828
169,3705,3555
169,3718,385
169,3720,66
169,3725,75
169,3729,135
169,3737,154
169,3748,40
169,3753,43
169,3758,25
169,3760,1662
169,3790,632
169,3794,140
169,3801,50
169,3805,113
169,3832,380
169,3876,135
169,3885,879
169,3918,24
169,3923,30
169,3984,468
169,4004,481
169,4008,4965
169,4040,25
169,4088,22
169,4104,1485
169,4281,129
169,4296,84
169,4301,35
169,4392,530
169,4406,45
169,4412,114
169,4425,20
169,4432,30
169,4437,2200
169,4470,678
169,4484,165
169,4567,4636
169,4595,318
169,4606,40
169,4628,3243
169,4636,25
169,4637,504
169,4649,36
169,4653,20
169,4663,30
169,4670,37
169,4762,1252
169,4766,180
169,4777,180
169,4783,412
169,4786,11139
169,4791,212
169,4819,10
169,4823,2758
169,4835,65
169,4838,4472
169,4855,2905
169,4859,225
169,4902,10
169,4903,10
169,4964,5684
169,5031,260
169,5059,995
169,5074,40
169,5087,35
169,5098,36
169,5130,248
169,5131,45
169,5145,46
169,5158,185
169,5166,95
169,5170,25
169,5182,310
169,5194,55
169,5199,45
169,5200,1574
169,5203,171
169,5252,185
169,5253,46
169,5258,50
169,5264,299
169,5267,472
169,5272,431
169,5278,71
169,5321,305
169,5326,204
169,5328,1725
169,5350,2771
169,5356,391
169,5360,11
169,5373,35
169,5378,3532
169,5385,682
169,5392,60
169,5399,211
169,5426,75
169,5432,1235
169,5444,665
169,5458,1168
169,5468,20
169,5488,143
169,5519,100
169,5523,2995
169,5540,15
169,5547,121
169,5554,630
169,5556,241
169,5578,758
169,5582,40
169,5584,118
169,5586,128
169,5606,20
169,5608,25
169,5609,161
169,5612,219
169,5614,195
169,5636,37
169,5641,5485
169,5643,3305
169,5652,875
169,5663,1362
169,5720,50
169,5726,55
169,5735,25
169,5765,312
169,5781,399
169,5868,3352
169,5879,10
169,5902,5
169,6015,85
169,6025,270
169,6027,2610
169,6039,45
169,6063,22
169,6067,298
169,6107,25
169,6123,45
169,6322,10
169,6333,15
169,6408,120
169,6760,100
169,6875,6
169,7536,53
169,7569,20
169,8021,1324
169,8190,66
169,8267,6
169,8802,115
169,9024,2706
169,9177,55
169,9205,45
169,9259,133
169,9293,30
169,9311,39
169,9379,10
169,9424,103
169,9489,10
169,9502,11
169,9520,50
169,9540,318
169,9554,183
169,9555,100
169,9579,138
169,9591,8691
169,9680,340
169,9719,76
169,9766,15
169,9790,72
175,3369,5
175,6037,412
176,2139,260
176,4098,50
176,4685,45
177,2,524
177,24,170
177,34,7320
177,51,869
177,68,1733
177,72,15
177,82,43
177,104,2293
177,107,6030
177,116,5
177,124,2094
177,134,5
177,146,181
177,147,9837
177,151,91
177,155,2147
177,167,233
177,175,615
177,176,449
177,180,824
177,194,13972
177,196,1215
177,204,3302
177,226,3273
177,229,21978
177,251,1867
177,260,1278
177,274,17326
177,276,10
177,290,15
177,298,32
177,301,99628
177,324,70
177,325,336
177,327,11134
177,330,1280
177,332,75
177,339,97
177,340,16
177,341,108
177,342,1673
177,346,4476
177,355,4431
177,385,8170
177,387,3631
177,389,434616
177,392,40
177,406,676
177,407,23778
177,411,199
177,418,140
177,420,18
177,430,400702
177,437,10224
177,446,1171
177,447,40814
177,453,90
177,483,25072
177,492,737
177,505,6286
177,536,4819
177,550,1420
177,554,421
177,559,701
177,563,3632
177,565,5
177,566,582
177,569,71
177,573,3918
177,574,996
177,575,8227
177,584,20
177,587,9031
177,588,76
177,589,147
177,590,5
177,595,193
177,597,3627
177,599,82
177,604,1232
177,605,487
177,607,1889
177,614,14103
177,616,50
177,619,5770
177,621,10
177,624,1046
177,634,244
177,642,4395
177,647,578
177,649,322
177,650,31407
177,666,109985
177,673,2240
177,682,4309
177,689,1568
177,712,3556
177,732,223586
177,735,1103
177,739,46
177,748,1745
177,850,5
177,919,782
177,950,5
177,951,1408
177,957,75
177,958,162
177,960,30
177,961,3450
177,971,624
177,973,23
177,974,252
177,980,11
177,981,25
177,991,1536
177,998,129
177,1001,3028
177,1006,55
177,1008,35
177,1010,95
177,1015,5201
177,1016,5
177,1020,754
177,1025,32915
177,1102,1384
177,1111,122
177,1161,1311
177,1166,460
177,1171,25
177,1193,14809
177,1258,97
177,1263,1304
177,1266,4409
177,1270,31
177,1272,261
177,1291,3827
177,1292,3789
177,1307,16959
177,1312,631
177,1419,116
177,1426,7272
177,1430,3562
177,1468,263
177,1478,484
177,1506,5194
177,1532,669
177,1585,913
177,1620,6541
177,1628,36
177,1685,5
177,1691,1225
177,1694,12
177,1704,440
177,1707,1161
177,1710,36339
177,1712,37
177,1714,7643
177,1725,19408
177,1733,20
177,1736,2546
177,1743,11
177,1745,302
177,1746,25
177,1750,10
177,1756,171
177,1760,5611
177,1769,2138
177,1832,5
177,1840,1556
177,1953,10
177,1983,567
177,2004,33016
177,2025,533
177,2033,30
177,2075,32
177,2080,16057
177,2095,163
177,2118,1882
177,2122,282
177,2127,5
177,2134,730
177,2169,130
177,2171,394
177,2310,5
177,2482,440
177,2500,5197
177,2532,1036
177,2572,90
177,2580,2711
177,2582,25
177,2584,79
177,2598,4102
177,2601,3773
177,2608,102
177,2613,1620
177,2615,2087
177,2617,5
177,2619,852
177,2623,31
177,2631,3778
177,2636,5
177,2639,115
177,2640,260
177,2649,220
177,2652,1196
177,2672,809
177,2674,33
177,2676,5
177,2729,4036
177,2750,178
177,2767,49
177,2784,770
177,2852,20
177,2872,28449
177,2887,218
177,2924,401
177,2962,1001
177,2971,712
177,2977,37
177,2982,339
177,2997,1309
177,3004,26
177,3006,124
177,3020,356
177,3024,343
177,3042,25
177,3043,15
177,3049,3804
177,3050,5
177,3053,139
177,3056,7980
177,3057,6650
177,3064,497
177,3069,5
177,3070,15
177,3079,1577
177,3083,71
177,3130,1325
177,3142,1901
177,3172,60
177,3188,56
177,3192,176
177,3199,2773
177,3202,245
177,3207,82
177,3210,10257
177,3213,100
177,3224,6107
177,3225,616
177,3228,526
177,3237,27595
177,3239,553
177,3249,418
177,3253,514
177,3254,52
177,3261,70
177,3271,1276
177,3276,369
177,3281,399
177,3282,40
177,3284,5463
177,3340,15
177,3353,10
177,3354,25673
177,3359,5
177,3364,16
177,3372,10
177,3382,35
177,3383,112
177,3452,78
177,3489,5
177,3493,5
177,3517,106
177,3533,67
177,3538,223
177,3539,5
177,3545,46
177,3546,5
177,3548,10
177,3552,45
177,3553,10
177,3579,20
177,3580,10
177,3593,46
177,3605,108
177,3608,382
177,3613,5
177,3624,10
177,3631,103
177,3638,7047
177,3655,90
177,3673,238
177,3690,559
177,3704,425
177,3718,1306
177,3722,2302
177,3725,568
177,3748,817
177,3759,4376
177,3760,1791
177,3858,2739
177,3861,115
177,3862,15
177,3876,31
177,3894,1259
177,3895,3701
177,3901,5
177,3915,277
177,3918,51
177,3920,56
177,3923,10
177,3924,486
177,3945,211
177,3953,61
177,3955,40
177,3968,86
177,3969,5
177,3984,2002
177,3989,1727
177,3990,424
177,3996,404
177,3998,45
177,4004,5
177,4021,153
177,4023,27
177,4037,72
177,4041,970
177,4062,10
177,4069,103
177,4079,1502
177,4081,50
177,4084,25
177,4086,38
177,4088,181
177,4110,32
177,4150,35783
177,4392,5
177,4432,10
177,4470,212
177,4489,12
177,4502,15
177,4550,3597
177,4567,56
177,4595,94
177,4601,10
177,4625,488
177,4634,220
177,4635,7172
177,4649,15
177,4684,625
177,4698,35
177,4706,1156
177,4708,112
177,4726,7152
177,4727,79
177,4728,127
177,4730,20
177,4735,17
177,4742,65
177,4744,202
177,4745,10
177,4747,988
177,4750,131
177,4753,66
177,4756,120
177,4762,19673
177,4785,399
177,4815,10
177,4819,25
177,4826,35
177,4835,67
177,4837,30
177,4838,402
177,4854,5941
177,4860,3319
177,4864,4438
177,4867,6
177,4875,10
177,4878,75
177,4883,5
177,4902,20
177,4906,85
177,4936,464
177,4965,15
177,5047,5
177,5048,1392
177,5056,15
177,5074,15
177,5087,6
177,5130,267
177,5164,11
177,5191,246
177,5199,17
177,5267,36
177,5307,30
177,5328,685
177,5331,165
177,5360,10
177,5399,15
177,5519,7727
177,5556,47
177,5583,505
177,5586,40080
177,5641,166
177,5648,15
177,5663,216
177,5680,1547
177,5809,5
177,5916,2724
177,5918,70
177,5928,6
177,5970,5
177,6020,75
177,6025,5
177,6058,98
177,6063,2579
177,6067,231
177,6074,46
177,6075,5
177,6089,1338
177,6123,5
177,6126,514
177,6156,5
177,6194,65
177,6217,271
177,6227,25
177,6254,50
177,6263,5
177,6280,45
177,6285,55
177,6291,122
177,6331,21
177,6340,1021
177,6362,26
177,6378,12
177,6380,21
177,6384,5
177,6408,164
177,6413,39
177,6427,447
177,6461,5
177,6462,108
177,6468,6
177,6474,82
177,6484,33
177,6534,6
177,6545,1
177,6623,5
177,6627,15
177,6638,16
177,6689,58
177,6722,60
177,6730,10
177,6742,11
177,6759,5
177,6786,21
177,6799,5
177,6811,25
177,6834,65
177,6957,1459
177,7032,55
177,7043,494
177,7196,3698
177,7376,14340
177,7503,16
177,7543,114
177,7618,45
177,8550,1335
177,9031,5
177,9250,35
177,9251,512
177,9424,53
177,9540,499
177,9641,78
177,9650,5
178,6,105
178,181,15
178,196,145
178,560,5
178,618,25
178,631,106
178,735,917
178,1025,110
178,1256,140
178,1736,30
178,1800,308
178,2601,192
178,2615,15
178,2998,400
178,3047,330
178,3049,2570
178,3074,212
178,3344,565
178,3375,80
178,3609,10
178,3642,10
178,3886,159
178,4039,187
178,4070,122
178,4567,179
178,4684,372
178,4938,105
178,5641,75
178,5946,101
178,6246,58
178,6321,120
178,6641,501
180,224,30
180,335,25
180,407,160
180,604,135
180,705,20
180,999,129
180,1248,180
180,1443,195
180,1954,30
180,2580,82
180,2706,60
180,2730,469
180,2750,100
180,2757,25
180,2984,1094
180,2997,392
180,3095,260
180,3239,25
180,3361,25
180,3373,5
180,3509,166
180,3601,103
180,3608,205
180,3613,285
180,3631,295
180,3690,85
180,3718,10
180,4341,106
180,4523,25
180,4645,270
180,4653,30
180,4657,5
180,4684,185
180,4712,90
180,4730,60
180,4785,140
180,4786,1085
180,4787,55
180,4800,50
180,4825,758
180,4837,140
180,4921,100
180,5047,50
180,5059,30
180,5075,455
180,5356,61
180,5590,49
180,5647,540
180,5680,260
180,5797,65
180,5963,80
180,6137,25
180,6195,25
180,6262,248
180,6451,8
180,6583,18
180,8244,190
180,9564,910
180,9645,390
184,1025,25
186,5973,40
187,423,1920
187,544,760
187,1013,602
187,1253,867
187,1749,626
187,2107,145
187,2109,20
187,2117,696
187,2584,107
187,2730,42
187,2774,240
187,2983,108
187,2985,120
187,3506,203
187,3676,5
187,3893,174
187,3900,20
187,3909,211
187,3911,32
187,4007,16
187,4693,153
187,5913,495
187,5920,50
187,6018,202
187,6090,10
188,5,51
188,15,1729
188,21,170
188,25,1526
188,28,2735
188,31,5
188,32,30
188,39,427
188,43,2542
188,44,4086
188,72,15
188,79,40
188,85,15
188,86,62
188,90,920
188,107,5
188,133,20
188,136,81
188,140,1167
188,156,1374
188,169,2237
188,175,893
188,187,179
188,194,60
188,195,1572
188,196,15
188,198,12080
188,208,4740
188,225,65
188,234,396
188,243,50
188,246,112
188,247,957
188,250,21
188,264,402
188,271,469
188,292,41
188,303,985
188,304,10
188,321,11290
188,324,186
188,327,2
188,343,251
188,347,765
188,354,838
188,357,5593
188,365,25
188,366,2628
188,367,80
188,368,33
188,372,15
188,374,742
188,375,2007
188,387,1662
188,389,16
188,404,60
188,408,219
188,413,110
188,414,1712
188,415,70
188,418,615
188,420,56
188,425,4000
188,446,19217
188,447,101
188,451,150
188,461,928
188,472,15
188,505,226
188,509,15
188,511,1380
188,514,4481
188,519,6
188,531,434
188,542,6471
188,550,70
188,553,510
188,554,20
188,562,10
188,566,25
188,569,30386
188,573,250
188,575,2580
188,578,133
188,592,218
188,594,356
188,601,4677
188,607,800
188,612,918
188,614,6084
188,617,1053
188,619,225
188,625,521
188,642,5218
188,649,88
188,666,1055
188,689,886
188,701,1168
188,731,238
188,732,641
188,761,53
188,785,10
188,802,289
188,809,52
188,812,114
188,832,152
188,836,86
188,843,65
188,855,8387
188,865,5
188,876,4520
188,891,1058
188,906,97
188,919,26
188,923,824
188,928,30
188,943,2270
188,958,10
188,959,286
188,961,116
188,974,625
188,979,11358
188,983,50
188,994,27
188,1010,306
188,1015,35
188,1018,349
188,1021,65
188,1025,904
188,1036,465
188,1037,25
188,1039,80
188,1044,456
188,1045,75
188,1055,14880
188,1071,3107
188,1096,347
188,1098,160
188,1119,25
188,1131,30
188,1143,1339
188,1165,100
188,1166,3318
188,1179,20
188,1201,20
188,1219,10
188,1225,306
188,1258,11
188,1266,7347
188,1269,11911
188,1290,356
188,1299,135
188,1307,12406
188,1309,67
188,1312,463
188,1355,212
188,1384,25
188,1389,132
188,1394,22
188,1417,5580
188,1432,5928
188,1492,70
188,1509,155
188,1516,18
188,1534,3324
188,1538,11204
188,1559,25
188,1573,20
188,1588,10
188,1589,199
188,1604,50
188,1620,678
188,1624,250
188,1644,492
188,1652,5556
188,1670,5419
188,1682,15
188,1685,50
188,1694,25
188,1696,240
188,1707,14036
188,1736,2545
188,1760,25
188,1764,20
188,1767,825
188,1772,460
188,1784,100
188,1785,1067
188,1787,78
188,1790,60
188,1792,334
188,1800,701
188,1849,150
188,1864,425
188,1865,120
188,1868,2004
188,1870,89
188,1880,1105
188,1883,80
188,1885,42703
188,1887,25
188,1905,18
188,1907,607
188,1909,25
188,1950,409
188,1953,10
188,1954,9106
188,1959,120
188,1964,25
188,1972,1999
188,1975,4293
188,1983,46
188,2004,15
188,2033,766
188,2121,15
188,2165,60
188,2191,100
188,2193,392
188,2201,144
188,2223,75
188,2229,125
188,2242,125
188,2249,681
188,2252,50
188,2270,180
188,2274,34
188,2278,15
188,2284,66
188,2311,25
188,2317,671
188,2319,398
188,2521,15
188,2532,116
188,2534,1759
188,2582,55
188,2598,26
188,2608,77
188,2613,20
188,2625,100
188,2649,2156
188,2667,40
188,2672,5698
188,2674,288
188,2676,121
188,2680,135
188,2706,15
188,2724,189
188,2728,380
188,2729,1648
188,2747,30
188,2752,65
188,2759,1296
188,2784,4445
188,2792,90
188,2801,13467
188,2808,10
188,2844,50
188,2845,25
188,2850,50
188,2851,71
188,2852,175
188,2865,40
188,2868,15
188,2873,156
188,2874,50
188,2886,11
188,2887,68
188,2894,75
188,2905,30
188,2909,10
188,2948,210
188,2955,6
188,2959,95
188,2968,4522
188,2981,224
188,2984,90
188,2997,1
188,3034,15181
188,3038,25
188,3057,18
188,3070,95
188,3076,20
188,3077,65
188,3128,25
188,3130,2037
188,3139,145
188,3162,90
188,3172,3753
188,3179,153
188,3180,15
188,3210,205
188,3224,65
188,3237,950
188,3285,2740
188,3300,25
188,3340,25
188,3372,228
188,3386,2755
188,3394,657
188,3395,20
188,3428,230
188,3450,130
188,3456,15253
188,3486,50
188,3489,329
188,3520,1951
188,3631,225
188,3644,110
188,3668,15
188,3675,20
188,3725,350
188,3786,15
188,3801,118
188,3803,96
188,3805,91
188,3810,1035
188,3821,234
188,3845,15
188,3867,48
188,3918,406
188,3935,20
188,3952,90
188,3989,12372
188,4000,388
188,4004,531
188,4014,59
188,4021,205
188,4024,15
188,4029,30
188,4043,291
188,4058,20
188,4063,55
188,4092,100
188,4110,22
188,4131,285
188,4150,86
188,4383,1561
188,4400,206
188,4432,255
188,4438,368
188,4441,357
188,4470,65
188,4490,5
188,4504,24
188,4511,120
188,4542,30
188,4550,180
188,4559,190
188,4567,261
188,4585,25
188,4595,33
188,4628,98
188,4646,4620
188,4682,66
188,4684,353
188,4706,429
188,4721,256
188,4724,23
188,4736,367
188,4747,2149
188,4762,498
188,4791,184
188,4825,333
188,4826,150
188,4855,6593
188,4866,160
188,4878,5
188,4883,80
188,4885,130
188,4897,30
188,4903,105
188,4906,20
188,4936,485
188,5048,2681
188,5117,2489
188,5130,180
188,5132,557
188,5146,80
188,5156,65
188,5158,125
188,5160,25
188,5187,5
188,5264,222
188,5455,175
188,5574,12
188,5598,150
188,5641,694
188,5765,193
188,5920,10
188,5951,10
188,5958,32
188,5959,10
188,5994,15
188,6007,1506
188,6026,223
188,6030,644
188,6047,15
188,6063,375
188,6089,5
188,6126,90
188,6153,55
188,6170,10
188,6228,60
188,6268,25
188,6280,520
188,6357,33
188,6392,1859
188,6482,5
188,6689,437
188,6939,120
188,7376,174
188,9166,40
188,9234,311
188,9251,25
188,9269,36
188,9299,30
188,9317,50
188,9342,33
188,9355,244
188,9391,171
188,9405,15
188,9424,12
188,9426,6716
188,9498,10
188,9520,80
188,9540,573
188,9559,24
188,9571,50
188,9617,55
188,9649,50
188,9686,120
188,9701,25
188,9760,6
189,2171,75
192,2040,25
192,2105,220
192,3574,5
192,6315,75
193,6,125
193,368,25
193,1638,30
193,1874,110
193,2240,25
193,3128,10
194,416,2736
194,590,580
194,972,52
194,1017,12
194,1019,25
194,1249,16
194,1254,613
194,3340,45
194,3616,505
194,6395,30
195,15,55
195,31,3
195,90,76
195,130,40
195,167,234
195,169,3
195,188,3
195,194,1929
195,198,58
195,323,410
195,327,24
195,335,5800
195,424,549
195,463,63
195,565,146
195,612,21713
195,625,233
195,676,1076
195,826,25
195,958,25
195,991,417
195,1006,25
195,1039,10
195,1307,2631
195,1432,5
195,1736,36
195,2580,33
195,2639,25
195,2968,13
195,3078,158
195,3284,63
195,3340,30
195,3353,18
195,3701,50
195,3988,10
195,6025,15
195,6148,35
195,6604,35
196,243,300
196,3553,100
196,4930,72
196,6096,51
197,2667,25
198,2,82
198,4,75
198,8,35
198,9,811
198,12,15
198,15,4
198,17,7526
198,18,50
198,28,5
198,29,1540
198,34,91
198,39,893
198,51,22
198,59,639
198,75,350
198,79,10
198,90,2
198,94,500
198,104,25
198,108,450
198,111,135
198,118,50
198,119,160
198,121,290
198,122,35
198,130,260
198,131,20821
198,132,25
198,145,1130
198,148,90
198,150,75
198,151,131
198,152,399
198,167,1218
198,169,1
198,172,1965
198,178,15
198,180,271
198,187,70
198,200,1359
198,203,280
198,208,86
198,210,35479
198,214,130
198,217,60
198,225,197
198,226,311
198,243,325
198,253,50
198,254,3005
198,259,200
198,301,85
198,303,726
198,304,18
198,314,1830
198,319,25
198,326,5
198,333,20
198,344,73
198,345,305
198,346,8
198,347,1531
198,348,55
198,356,2725
198,357,38
198,361,8933
198,368,325
198,369,75
198,372,40
198,373,10
198,375,38
198,378,75
198,380,11
198,382,30
198,386,1
198,387,1
198,389,1
198,391,90
198,392,55
198,394,12
198,398,482
198,401,815
198,402,703
198,407,7
198,414,2
198,422,10
198,423,100
198,428,70
198,437,549
198,442,5
198,444,10
198,447,1000
198,451,1365
198,453,755
198,454,125
198,461,84
198,485,2821
198,511,820
198,514,24
198,516,175
198,522,1078
198,539,2625
198,542,1750
198,545,15
198,550,160
198,553,75
198,558,65
198,563,20
198,569,61861
198,570,3
198,572,20
198,573,605
198,575,6
198,585,2461
198,587,294
198,591,5
198,604,60
198,607,296
198,612,1213
198,614,1280
198,619,4
198,625,1678
198,627,6
198,669,10
198,673,5
198,692,80
198,704,122
198,710,82
198,733,11
198,748,20
198,749,10
198,753,75
198,757,798
198,760,25
198,764,30
198,765,280
198,766,150
198,767,35
198,774,13226
198,776,95
198,777,141
198,779,275
198,781,135
198,784,2005
198,790,410
198,797,75
198,801,50
198,811,72
198,816,35
198,825,50
198,826,250
198,828,22
198,830,35
198,853,337
198,855,486
198,856,194
198,863,38605
198,894,765
198,898,125
198,906,199
198,909,75
198,917,17
198,923,4167
198,927,329
198,928,25
198,931,735
198,935,30
198,939,10
198,965,45
198,994,31
198,995,978
198,1008,50
198,1010,115
198,1015,3
198,1016,75
198,1025,174
198,1033,6
198,1037,40
198,1039,664
198,1042,24
198,1045,182
198,1051,50
198,1053,30
198,1055,9075
198,1056,30
198,1057,75
198,1060,50
198,1062,428
198,1069,145
198,1070,641
198,1074,59
198,1077,50
198,1081,60
198,1082,50
198,1089,55
198,1090,1861
198,1092,73
198,1094,6875
198,1096,113
198,1107,25
198,1111,5
198,1113,100
198,1116,1838
198,1124,46
198,1125,35
198,1129,10
198,1132,752
198,1133,180
198,1134,785
198,1139,144
198,1143,302
198,1155,30
198,1158,1335
198,1166,644
198,1168,30
198,1169,85
198,1171,10
198,1174,17
198,1179,20
198,1184,425
198,1185,42
198,1187,70
198,1188,25
198,1189,80
198,1193,42
198,1196,25
198,1199,50
198,1217,75
198,1239,30
198,1243,341
198,1266,69
198,1269,67
198,1273,200
198,1274,80
198,1277,25
198,1285,668
198,1293,350
198,1294,20
198,1305,530
198,1307,1265
198,1309,135
198,1316,210
198,1327,40
198,1339,25
198,1356,44
198,1358,140
198,1369,75
198,1370,80
198,1373,1238
198,1375,17565
198,1376,85
198,1379,565
198,1389,238
198,1390,525
198,1391,25
198,1397,25
198,1398,521
198,1401,24
198,1402,50
198,1408,126
198,1409,10
198,1454,74
198,1468,15
198,1469,476
198,1492,30
198,1506,1318
198,1518,45
198,1525,50
198,1529,24
198,1534,1262
198,1539,6
198,1540,30
198,1558,185
198,1559,30
198,1568,20
198,1569,574
198,1572,30
198,1585,165
198,1588,600
198,1590,120
198,1604,20
198,1610,165
198,1618,18
198,1620,10
198,1624,50
198,1626,130
198,1638,290
198,1640,150
198,1643,5
198,1645,2440
198,1650,1360
198,1651,39815
198,1666,5
198,1670,12
198,1678,20
198,1681,697
198,1682,125
198,1683,85
198,1694,24
198,1696,120
198,1698,25
198,1703,43
198,1705,275
198,1707,1
198,1729,25
198,1730,10
198,1736,1298
198,1745,408
198,1746,196
198,1758,300
198,1762,30
198,1764,320
198,1768,690
198,1770,130
198,1773,60
198,1777,25
198,1781,560
198,1792,55
198,1800,115
198,1802,197
198,1806,25
198,1811,175
198,1812,140
198,1814,12806
198,1815,25
198,1817,78
198,1819,195
198,1820,310
198,1837,220
198,1839,676
198,1840,136
198,1843,15
198,1846,52
198,1847,75
198,1854,30
198,1862,20
198,1863,45
198,1865,105
198,1876,379
198,1877,20
198,1878,25
198,1879,3135
198,1882,80
198,1883,25
198,1888,19
198,1899,360
198,1907,842
198,1908,590
198,1910,40
198,1919,252
198,1933,65
198,1953,38
198,2004,74
198,2025,12
198,2027,40
198,2049,3261
198,2050,1170
198,2075,360
198,2093,115
198,2094,160
198,2153,206
198,2156,64
198,2157,59
198,2161,25
198,2164,27
198,2173,73
198,2192,116
198,2195,50
198,2205,85
198,2208,5
198,2209,25
198,2223,25
198,2236,45
198,2240,25
198,2249,20
198,2253,475
198,2255,100
198,2267,30
198,2276,15
198,2278,40
198,2279,17
198,2294,135
198,2309,25
198,2310,20
198,2319,12
198,2329,90
198,2331,8
198,2335,585
198,2345,11
198,2346,5
198,2358,175
198,2363,50
198,2364,50
198,2372,500
198,2401,25
198,2404,30
198,2414,620
198,2416,228
198,2419,20
198,2421,250
198,2425,210
198,2426,856
198,2435,235
198,2442,344
198,2451,1350
198,2462,396
198,2463,70
198,2468,576
198,2472,1067
198,2474,225
198,2476,472
198,2477,216
198,2482,432
198,2483,1472
198,2484,70
198,2485,20
198,2487,700
198,2488,32
198,2492,20
198,2495,2001
198,2497,164
198,2498,305
198,2502,100
198,2504,30
198,2512,1988
198,2514,68
198,2525,105
198,2526,30
198,2534,2419
198,2544,1720
198,2545,125
198,2550,25
198,2552,400
198,2553,50
198,2554,1926
198,2557,60
198,2560,180
198,2561,210
198,2562,75
198,2563,55
198,2568,5
198,2575,318
198,2577,1076
198,2598,3464
198,2602,404
198,2608,75
198,2620,2302
198,2657,44
198,2667,95
198,2676,130
198,2678,40
198,2682,30
198,2686,42
198,2691,535
198,2698,425
198,2711,18
198,2712,15
198,2716,200
198,2724,70
198,2725,20
198,2729,12
198,2736,100
198,2742,2375
198,2745,289
198,2757,20
198,2770,419
198,2787,35
198,2795,615
198,2798,150
198,2801,20
198,2802,50
198,2806,18
198,2816,10
198,2825,180
198,2832,493
198,2845,25
198,2850,20
198,2851,85
198,2854,25
198,2877,30
198,2886,20
198,2908,238
198,2920,80
198,2938,5
198,2941,552
198,2948,280
198,2954,25
198,2956,140
198,2959,142
198,2964,67
198,2968,2345
198,2974,20
198,2984,55
198,2988,220
198,3014,5
198,3016,40
198,3034,13644
198,3042,75
198,3079,393
198,3083,280
198,3086,20
198,3096,146
198,3097,946
198,3101,60
198,3103,60
198,3106,21
198,3107,80
198,3108,1100
198,3117,49
198,3120,175
198,3130,76
198,3135,25
198,3137,279
198,3142,5
198,3155,1250
198,3169,15
198,3172,2670
198,3177,124
198,3180,215
198,3198,6940
198,3199,703
198,3204,45
198,3224,20
198,3228,200
198,3237,6
198,3255,4880
198,3270,2355
198,3284,227
198,3320,4579
198,3340,25
198,3353,37
198,3354,685
198,3372,44
198,3418,20
198,3425,244
198,3426,50
198,3432,100
198,3439,55
198,3446,44
198,3449,45
198,3452,180
198,3486,30
198,3489,40
198,3496,3151
198,3499,1095
198,3501,25
198,3511,25
198,3512,15
198,3533,30
198,3539,10
198,3545,32
198,3562,47
198,3581,10
198,3588,745
198,3639,2107
198,3643,25
198,3656,20
198,3664,1185
198,3671,20
198,3680,1595
198,3683,31
198,3693,20
198,3704,528
198,3725,118
198,3732,10
198,3760,432
198,3778,550
198,3783,90
198,3786,10
198,3874,5
198,3882,206
198,3888,80
198,3895,81
198,3897,60
198,3916,10
198,3918,658
198,3920,24
198,3931,17
198,3944,5
198,3957,145
198,3983,6
198,3984,165
198,3987,41
198,3990,100
198,4004,45
198,4033,53
198,4045,82
198,4052,40
198,4075,63
198,4083,30
198,4088,25
198,4095,25
198,4122,1
198,4131,995
198,4151,346
198,4159,706
198,4168,75
198,4202,8458
198,4207,938
198,4227,1277
198,4229,2637
198,4234,534
198,4235,2265
198,4250,50
198,4273,60
198,4274,25
198,4276,3
198,4284,275
198,4285,25
198,4290,1705
198,4291,120
198,4295,417
198,4298,375
198,4300,869
198,4306,18
198,4314,1388
198,4319,85
198,4320,2053
198,4325,307
198,4336,367
198,4344,375
198,4345,2053
198,4356,40
198,4366,65
198,4375,30
198,4380,470
198,4383,10
198,4387,85
198,4400,18
198,4405,18
198,4407,30
198,4414,44
198,4422,25
198,4444,18
198,4448,16
198,4456,95
198,4468,240
198,4470,310
198,4477,235
198,4484,476
198,4497,50
198,4507,400
198,4511,55
198,4513,40
198,4542,25
198,4543,60
198,4548,25
198,4567,15
198,4592,75
198,4595,86
198,4706,235
198,4710,315
198,4721,174
198,4753,20
198,4814,83
198,4835,24
198,4852,55
198,4854,348
198,4855,459
198,4902,10
198,4906,5
198,4946,315
198,4961,1802
198,4967,1212
198,4968,391
198,4973,2428
198,4983,30
198,4998,100
198,5010,215
198,5016,194
198,5024,260
198,5031,210
198,5130,67
198,5137,25
198,5156,15
198,5158,20
198,5161,55
198,5163,225
198,5170,25
198,5188,40
198,5217,6
198,5220,145
198,5223,1463
198,5229,1280
198,5267,70
198,5272,347
198,5328,307
198,5357,10
198,5364,25
198,5508,239
198,5519,50
198,5554,51
198,5556,350
198,5582,20
198,5586,121
198,5601,15
198,5602,60
198,5604,25
198,5606,5
198,5641,35
198,5643,742
198,5648,25
198,5663,500
198,5706,20
198,5879,45
198,5930,160
198,5951,30
198,5955,100
198,5957,30
198,5961,64
198,6007,952
198,6027,367
198,6030,244
198,6063,111
198,6067,116
198,6117,25
198,6123,60
198,6140,20
198,6170,25
198,6280,330
198,6282,24
198,6322,164
198,6341,50
198,6431,560
198,6437,5
198,6496,96
198,6522,25
198,6535,20
198,6564,90
198,6608,219
198,6661,20
198,6706,121
198,6709,448
198,6760,175
198,6857,25
198,6914,125
198,6940,718
198,6956,325
198,6965,495
198,6978,30
198,6982,116
198,6991,100
198,6994,45
198,6995,50
198,6996,267
198,7004,372
198,7042,140
198,7046,25
198,7064,542
198,7075,1576
198,7076,210
198,7085,457
198,7086,25
198,7093,60
198,7104,14566
198,7110,420
198,7112,240
198,7118,10
198,7143,262
198,7145,325
198,7150,75
198,7151,75
198,7156,1503
198,7166,50
198,7169,552
198,7175,269
198,7176,398
198,7196,25
198,7212,260
198,7222,6
198,7224,98
198,7226,25
198,7231,251
198,7237,75
198,7240,3860
198,7243,50
198,7266,285
198,7271,340
198,7276,300
198,7285,94
198,7291,100
198,7296,339
198,7307,20
198,7309,158
198,7322,1522
198,7324,5
198,7326,1394
198,7348,90
198,7355,86
198,7360,63
198,7376,6
198,7394,351
198,7402,174
198,7415,123
198,7444,25
198,7460,55
198,7473,60
198,7496,158
198,7508,149
198,7515,245
198,7516,100
198,7542,360
198,7543,155
198,7549,364
198,7554,40
198,7585,71
198,7589,105
198,7590,986
198,7593,68
198,7596,61
198,7609,25
198,7610,5
198,7633,75
198,7647,444
198,7679,5
198,7688,42
198,7698,95
198,7705,87
198,7707,150
198,7715,58
198,7724,72
198,7725,500
198,7739,1038
198,7741,1578
198,7744,25
198,7746,648
198,7747,180
198,7754,102
198,7765,20
198,7766,75
198,7768,53
198,7782,51
198,7793,12
198,7796,55
198,7799,120
198,7800,40
198,7813,17
198,7817,118
198,7818,10
198,7828,40
198,7861,704
198,7869,30
198,7928,132
198,7931,50
198,7947,50
198,7968,6
198,7983,220
198,7988,22
198,8001,10
198,8021,143
198,8029,24
198,8034,190
198,8074,15
198,8132,66
198,8136,12
198,8147,12
198,8160,291
198,8164,124
198,8168,48
198,8174,24
198,8190,24
198,8208,120
198,8230,15
198,8244,141
198,8248,25
198,8250,6
198,8287,144
198,8294,64
198,8311,78
198,8331,300
198,8343,44
198,8347,15
198,8362,120
198,8393,120
198,8395,25
198,8404,236
198,8448,150
198,8458,239
198,8465,5
198,8475,25
198,8476,25
198,8560,50
198,8566,56
198,8604,45
198,8622,236
198,8677,632
198,8698,75
198,8720,25
198,8721,25
198,8735,209
198,8742,115
198,8745,60
198,8772,30
198,8792,25
198,8810,32
198,8822,113
198,8830,85
198,8831,30
198,8835,306
198,8836,90
198,8845,30
198,8855,30
198,8859,36
198,8865,59
198,8870,125
198,8877,20
198,8891,25
198,8923,25
198,8932,25
198,8934,20
198,8943,73
198,8946,1457
198,9005,6
198,9166,35
198,9167,125
198,9168,23
198,9178,121
198,9192,18
198,9205,30
198,9213,80
198,9228,45
198,9234,15
198,9241,45
198,9261,25
198,9262,15
198,9306,25
198,9317,25
198,9322,30
198,9323,213
198,9344,25
198,9348,25
198,9353,195
198,9359,30
198,9378,24
198,9379,20
198,9424,55
198,9434,30
198,9447,2
198,9459,776
198,9462,25
198,9463,169
198,9465,105
198,9493,50
198,9503,75
198,9508,65
198,9532,365
198,9540,5
198,9577,5
198,9611,100
198,9626,25
198,9680,150
198,9686,255
198,9690,5
198,9696,25
198,9711,165
198,9750,20
198,9755,6
204,243,375
204,748,1048
204,1025,20
204,1414,1444
204,1736,668
204,1800,2408
204,2075,84
204,3325,75
204,4567,150
204,5458,40
204,5580,125
208,9,120
208,34,198
208,58,253
208,59,840
208,156,10
208,180,240
208,193,173
208,229,225
208,250,48
208,251,904
208,263,80
208,274,20
208,289,10039
208,290,2085
208,293,30
208,295,25
208,296,5024
208,321,3330
208,401,310
208,405,60
208,425,1655
208,453,77
208,471,140
208,483,352
208,484,25
208,490,485
208,491,159
208,515,105
208,522,321
208,534,11
208,545,15
208,594,861
208,599,44
208,607,461
208,614,435
208,631,15
208,638,124
208,647,80
208,650,100
208,668,1000
208,689,140
208,694,660
208,701,10
208,702,5154
208,705,20
208,710,25250
208,713,970
208,731,40
208,733,185
208,735,176
208,738,85
208,739,3625
208,748,211
208,824,174
208,826,100
208,901,975
208,959,18
208,961,26
208,974,250
208,984,100
208,1010,5
208,1094,7225
208,1116,55
208,1171,40
208,1174,12
208,1196,132
208,1217,25
208,1375,425
208,1419,1157
208,1420,347
208,1426,47
208,1430,5
208,1469,104
208,1488,55
208,1489,5
208,1506,274
208,1591,125
208,1618,58
208,1620,661
208,1624,210
208,1645,140
208,1682,25
208,1707,632
208,1710,155
208,1732,25
208,1736,779
208,1800,6289
208,1840,3
208,1954,72
208,1998,15
208,2004,166
208,2029,254
208,2042,45
208,2046,40
208,2049,75
208,2069,67
208,2075,1315
208,2077,545
208,2081,210
208,2084,25
208,2095,10
208,2165,26
208,2193,158
208,2218,24
208,2264,20
208,2414,220
208,2532,24
208,2636,25
208,2674,15
208,2676,50
208,2729,5
208,2759,5
208,2784,564
208,2791,105
208,2865,105
208,2874,180
208,2884,6
208,2963,1618
208,3034,1380
208,3068,150
208,3106,10
208,3130,105
208,3179,93
208,3198,10360
208,3213,135
208,3230,955
208,3269,154
208,3272,182
208,3277,20
208,3282,156
208,3285,34
208,3288,80
208,3300,25
208,3310,133
208,3313,155
208,3320,5678
208,3323,122
208,3340,25
208,3364,91
208,3386,539
208,3496,778
208,3516,10
208,3562,292
208,3593,25
208,3614,10
208,3673,24
208,3704,1394
208,3715,5
208,3722,25
208,3725,15
208,3729,30
208,3732,35
208,3759,604
208,3760,2256
208,3805,138
208,3949,207
208,3989,4037
208,4008,968
208,4024,15
208,4104,236
208,4432,20
208,4470,231
208,4523,170
208,4567,2151
208,4595,330
208,4601,20
208,4613,2282
208,4628,61
208,4637,509
208,4647,18
208,4649,40
208,4657,96
208,4662,45
208,4705,20
208,4763,40
208,4771,15
208,4814,302
208,4819,66
208,4823,852
208,4838,4104
208,4855,1708
208,5089,30
208,5130,165
208,5141,25
208,5158,60
208,5188,52
208,5192,128
208,5200,694
208,5203,89
208,5262,370
208,5267,445
208,5272,47
208,5278,50
208,5280,142
208,5319,25
208,5327,409
208,5328,2212
208,5332,325
208,5350,1967
208,5357,50
208,5385,333
208,5400,265
208,5407,731
208,5409,96
208,5426,122
208,5433,199
208,5458,991
208,5491,867
208,5554,62
208,5556,1071
208,5574,44
208,5584,55
208,5599,35
208,5606,20
208,5609,424
208,5627,238
208,5641,3228
208,5643,525
208,5644,667
208,5648,135
208,5663,1362
208,5689,2582
208,5692,60
208,5722,50
208,5765,374
208,5787,256
208,5813,643
208,5830,90
208,5851,20
208,5952,204
208,6020,60
208,6027,494
208,6063,264
208,6280,50
208,6431,100
208,6717,25
208,9031,20
208,9057,60
208,9192,109
208,9424,6
208,9540,80
208,9580,10
208,9591,194
208,9659,6
208,9766,5
210,198,2
210,314,25
210,386,5
210,402,64
210,516,225
210,521,150
210,774,1477
210,834,100
210,1010,5
210,1072,25
210,1119,25
210,1122,25
210,1203,20
210,1228,25
210,1354,10
210,1362,45
210,1531,50
210,1807,95
210,1841,30
210,1882,25
210,1910,30
210,1924,25
210,2350,85
210,2361,25
210,2366,790
210,2383,55
210,2393,35
210,2400,13
210,2407,25
210,2413,25
210,2416,416
210,2417,100
210,2424,200
210,2451,150
210,2454,25
210,2474,25
210,2493,20
210,2908,21
210,3442,25
210,3593,25
210,4122,2
210,4126,80
210,4130,95
210,4148,105
210,4162,100
210,4207,523
210,4214,50
210,5211,50
210,5229,50
210,6913,707
210,6917,75
210,6921,185
210,6925,50
210,6930,60
210,7275,25
210,7296,30
210,7421,50
210,7424,239
210,7479,128
210,7542,25
210,7647,70
210,7688,6
210,7692,30
210,7844,24
210,7917,400
210,8050,20
210,8059,44
210,8063,85
210,8079,105
210,8719,25
210,8723,150
210,8745,50
210,8772,54
210,8845,30
210,8862,20
210,8877,85
210,8891,205
217,4506,5
217,9319,90
221,220,150
223,914,25
224,3130,30
225,361,30
225,1025,30
225,1201,165
225,1303,20
225,9714,10
226,243,25
226,1664,14841
226,1736,145
226,2169,5
226,2741,1879
226,2861,109
226,2962,20
226,3238,2
226,9053,25
226,9059,22
226,9116,100
228,1047,12083
229,664,115
229,727,5638
229,821,25
229,1983,1414
229,3278,55395
229,4742,441
229,5622,4812
229,5872,25
243,732,200
246,1883,48
251,466,125
251,483,3639
251,732,81
251,1506,270
251,1800,27410
251,5075,90
251,5258,25
251,5278,21
251,5476,25
251,5527,512
251,5580,75
251,5626,375
251,5648,34
251,5659,5
251,5663,404
251,5705,25
251,5813,219
251,6106,45
251,9424,24
251,9760,2545
251,9834,25
252,150,30
252,311,30
252,368,30
252,369,90
252,759,25
252,974,426
252,1331,499
252,1358,30
252,1580,72
252,1758,60
252,1768,95
252,1815,66
252,1916,155
252,1920,120
252,1921,93
252,2500,4038
252,2502,210
252,2549,41729
252,2560,30
252,2561,1998
252,2564,267
252,3172,290
252,4300,7595
252,4308,60
252,4316,30
252,4324,90
252,4330,105
252,4357,45
252,4373,50
252,4984,201
252,5013,578
252,6944,405
252,6955,821
252,6956,60
252,6969,30
252,6992,5
252,7003,215
252,7028,156
252,7029,60
252,7314,15
252,7324,25
252,7358,128
252,7542,55
252,7744,179
252,7793,86
252,7797,1727
252,7806,1138
252,7811,1700
252,7939,288
252,7944,72
252,7951,177
252,8019,654
252,8244,108
252,8250,30
252,8334,105
252,8570,35
252,8661,5
252,8815,30
254,1194,5
254,2371,5
254,2392,25
254,2395,50
254,4954,50
254,7461,45
260,1950,330
260,3565,25
260,4236,50
260,4383,235
260,4894,25
260,6334,170
260,6391,15
260,6704,50
265,218,40
268,1025,25
268,2075,75
268,5663,60
269,5411,470
270,221,40
270,243,10
270,263,558
270,289,46
270,481,1069
270,505,40
270,612,20
270,642,17
270,646,375
270,649,6
270,673,11
270,677,15
270,689,119
270,694,15
270,712,5
270,713,15
270,734,5
270,1506,10
270,2002,10
270,2767,5
270,3272,36
270,3283,126
270,3310,3
270,3711,25
270,3725,52
270,5059,10
270,5169,50
270,5264,5
270,5328,30
270,5378,48
270,5407,5
270,5432,10
270,5488,595
270,5519,13
270,5554,10
270,5604,5
270,5616,10
270,5629,15
270,5689,15
270,9554,15
271,9,120
271,34,198
271,37,20
271,53,106
271,80,36885
271,85,20
271,141,56
271,145,15
271,149,120
271,193,305
271,200,40
271,229,214
271,276,98
271,281,50
271,294,10
271,368,35
271,403,5
271,477,5
271,483,752
271,489,10
271,498,119
271,501,5
271,515,70
271,522,206
271,558,60
271,607,167
271,614,522
271,638,237
271,657,20
271,664,83
271,666,336
271,677,425
271,689,416
271,702,15
271,710,448
271,713,140
271,719,180
271,721,50
271,725,1051
271,736,25
271,738,60
271,739,60
271,740,25
271,742,35
271,748,370
271,826,80
271,919,5
271,939,48
271,974,53
271,1010,10
271,1025,100
271,1039,143
271,1102,377
271,1111,80
271,1166,80
271,1171,15
271,1266,34
271,1292,22
271,1307,2
271,1312,16
271,1409,5
271,1426,9
271,1437,891
271,1438,340
271,1448,160
271,1473,815
271,1506,2282
271,1588,20
271,1618,24
271,1620,541
271,1628,15
271,1652,25
271,1707,374
271,1736,355
271,1839,15
271,1863,10
271,1953,30
271,1954,72
271,1990,61
271,2012,63
271,2021,10
271,2029,75
271,2058,5
271,2069,36
271,2169,44
271,2218,48
271,2319,30
271,2323,48
271,2791,419
271,2852,16
271,2872,80
271,2948,90
271,3006,5
271,3128,20
271,3172,210
271,3271,12
271,3276,105
271,3297,304
271,3300,10
271,3310,34
271,3456,909
271,3680,240
271,3705,568
271,3717,280
271,3718,20
271,3722,19
271,3725,36
271,3737,80
271,3758,236
271,3828,25
271,4432,15
271,4437,440
271,4470,197
271,4484,120
271,4550,95
271,4595,79
271,4637,15
271,4645,1516
271,4742,184
271,4855,17
271,5162,20
271,5192,42
271,5194,40
271,5199,6
271,5313,45
271,5319,30
271,5342,630
271,5388,326
271,5403,6
271,5407,829
271,5433,158
271,5436,51
271,5451,10
271,5499,10
271,5508,1001
271,5540,440
271,5554,79
271,5574,88
271,5584,20
271,5602,21
271,5643,554
271,5648,80
271,5667,675
271,5669,499
271,5726,15
271,5765,150
271,5813,533
271,6027,34
271,6067,31
271,6254,18
271,6280,165
271,6408,102
271,9192,46
271,9424,12
271,9540,25
271,9766,5
273,637,75
273,1010,15
273,1736,316
273,2070,1471
273,2073,20
273,3295,239
273,3717,253
273,3765,55
273,4470,130
273,4661,104
273,5389,64
273,5887,20
273,6027,70
274,269,14265
274,1025,50
274,1736,470
274,2075,200
274,3731,1814
274,4567,400
274,4654,450
274,5663,60
276,9,76
276,193,634
276,243,705
276,293,231
276,732,315
276,1053,5
276,1258,95
276,1425,1679
276,1478,46
276,1705,60
276,1758,25
276,1878,60
276,1927,30
276,2075,30
276,2120,15
276,2592,30
276,3038,30
276,3317,1074
276,3704,1166
276,3718,47
276,3725,431
276,5130,492
276,5324,3669
276,5524,30
276,5602,1957
276,6455,10
278,1736,85
286,281,125
286,476,70
286,501,10
286,1356,100
286,1379,95
286,1456,50
286,1476,288
286,1482,20
286,1484,108
286,1736,295
286,1758,275
286,2006,460
286,2008,20
286,2013,80
286,4511,55
288,12,20
288,82,40
288,200,40
288,203,25
288,253,25
288,314,25
288,368,50
288,536,1590
288,594,129
288,676,4965
288,701,8398
288,826,125
288,839,75
288,909,25
288,1010,30
288,1266,51
288,1292,94
288,1307,608
288,1312,10
288,1441,1567
288,1446,90
288,1491,6095
288,1618,55
288,1620,48
288,1736,4425
288,1758,975
288,1795,150
288,1800,25
288,1839,25
288,2066,5595
288,2229,60
288,2267,30
288,2872,10
288,3172,4
288,3452,50
288,3593,50
288,3680,90
288,3736,556
288,3740,25
288,3761,50
288,3762,3163
288,3778,375
288,4470,115
288,4567,480
288,4595,55
288,4603,1038
288,4613,46
288,5074,25
288,5381,3783
288,5637,519
288,6425,25
288,9711,25
289,1025,25
289,1736,100
290,430,10
290,491,80
290,1416,255
290,1453,20
290,5556,50
290,5602,5
291,663,235
291,3295,80
291,3749,504
291,3764,80
291,4795,50
291,5510,45
291,5670,180
291,5695,40
291,5718,25
291,5723,10
291,5900,5
291,9395,25
291,9465,48
292,233,40
292,274,20
292,294,50
292,401,1143
292,501,1375
292,702,2528
292,713,17800
292,939,48
292,1624,40
292,1736,3200
292,1800,506
292,1839,35
292,2069,176
292,2237,450
292,3277,150
292,3673,50
292,3760,234
292,4567,1025
292,5200,1509
292,5328,1816
292,5663,96
292,6063,160
292,9554,48
294,382,35
294,689,15
294,784,10
294,1010,70
294,1025,160
294,1119,80
294,1213,155
294,1239,35
294,1492,40
294,1580,96
294,1620,70
294,1736,48
294,1758,587
294,1800,968
294,1882,5
294,2075,130
294,2802,5
294,3704,678
294,3747,767
294,4470,20
294,4567,1768
294,4595,40
294,4797,36
294,5234,10
294,5357,245
294,5384,235
294,5556,724
294,5648,40
294,5663,48
294,9424,48
296,243,75
296,709,672
296,1437,32994
296,1444,305
296,1473,25
296,1478,30
296,1507,563
296,1508,64
296,1736,24
296,1993,25
296,2075,30
296,3326,188
296,4567,60
296,5253,20
296,5685,30
297,1025,55
297,4567,627
297,4758,85
297,5351,114
297,5404,315
297,5525,516
297,5663,66
298,270,40
298,302,77
298,553,15
298,672,175
298,712,60
298,1213,30
298,1736,296
298,1752,25
298,1758,25
298,1800,1892
298,1995,245
298,2034,55
298,2042,85
298,2051,2248
298,2075,265
298,2087,60
298,2744,15
298,2948,25
298,3704,234
298,3722,453
298,3738,20
298,3753,48
298,4567,130
298,4767,25
298,5130,5
298,5266,315
298,5361,740
298,5392,136
298,5556,60
298,5643,666
298,5663,366
298,5746,448
298,9424,55
299,290,20
299,505,48
299,741,5464
299,1620,150
299,1991,100
299,2035,2693
299,2085,2425
299,3713,240
299,3714,360
299,3885,2040
299,4818,50
299,5181,2059
299,5203,50
299,5639,1121
299,5863,375
300,1736,732
301,304,44
301,468,5
301,1800,150
301,3078,50
301,4523,335
301,9179,60
302,726,450
302,1025,50
302,4567,50
302,5663,90
303,149,150
303,203,30
303,311,350
303,368,65
303,446,100
303,536,564
303,687,1501
303,693,7989
303,696,1310
303,697,9628
303,974,575
303,1010,100
303,1025,1082
303,1039,176
303,1102,565
303,1111,539
303,1166,2424
303,1213,30
303,1258,275
303,1266,17725
303,1285,500
303,1390,320
303,1424,250
303,1448,1068
303,1451,35
303,1620,260
303,1626,50
303,1736,633
303,2667,35
303,2784,3410
303,3172,904
303,3293,50
303,3298,2115
303,3324,421
303,3330,370
303,3331,35
303,3332,50
303,3333,1525
303,3562,343
303,3708,105
303,3734,130
303,3735,2830
303,3751,2567
303,4004,428
303,4432,55
303,4437,1815
303,4470,137
303,4484,780
303,4595,1008
303,4641,981
303,4653,655
303,4667,105
303,4669,750
303,4764,125
303,4771,1280
303,4896,686
303,5180,50
303,5341,90
303,5353,585
303,5471,168
303,5516,90
303,5537,2065
303,5574,241
303,5606,90
303,5646,275
303,5772,15
303,6027,1796
303,6123,125
303,9465,80
303,9540,80
304,136,66
304,263,45826
304,294,25
304,301,17
304,646,15
304,703,188
304,732,135
304,2074,15
304,3094,22
304,3737,30
304,3759,12
304,5267,10
304,5407,175
309,4108,3685
319,3816,50
320,1124,539
320,1551,7927
320,1843,135
320,2961,2352
320,5108,6
320,9396,726
320,9429,359
321,3366,1271
321,6708,535
321,9590,6333
323,627,6447
323,1004,6555
323,4841,60
323,4921,55
323,6720,5
327,2,96
327,7,10
327,15,3695
327,24,889
327,29,2801
327,34,72
327,43,777
327,51,121
327,68,6401
327,72,705
327,73,15
327,84,3792
327,90,107253
327,95,93
327,114,296
327,124,150
327,148,1186
327,151,179
327,153,680
327,155,1697
327,164,143
327,167,133
327,169,73468
327,177,10
327,178,13123
327,180,45
327,182,190
327,183,15
327,188,63397
327,192,1763
327,195,4147
327,204,246
327,225,362
327,241,132
327,247,1147
327,251,10
327,271,33411
327,274,90
327,276,111
327,290,15
327,292,27831
327,294,3821
327,298,411
327,303,3213
327,324,15
327,326,10
327,330,485
327,336,8600
327,339,283
327,341,96
327,342,3721
327,366,3051
327,385,63
327,389,219
327,392,20
327,412,3249
327,414,22972
327,416,677
327,417,67
327,418,25
327,420,3193
327,425,246
327,447,6
327,453,25
327,472,5
327,483,30
327,505,1737
327,511,2429
327,522,6605
327,545,15430
327,547,387
327,548,97
327,550,837
327,557,11515
327,558,10
327,561,91
327,562,5
327,565,1547
327,573,73
327,575,279
327,577,20
327,578,161
327,583,127
327,587,556
327,588,674
327,591,25
327,594,52
327,596,150
327,597,70
327,603,10
327,604,291
327,605,1439
327,607,281
327,611,10
327,614,2166
327,620,70
327,623,20
327,624,5
327,625,20681
327,626,30
327,627,1127
327,649,183
327,666,511
327,673,5
327,682,4309
327,705,466
327,735,15
327,748,1325
327,802,34
327,826,10
327,853,60
327,950,239
327,957,30
327,959,29386
327,961,30
327,962,10
327,963,35
327,966,20
327,970,308
327,971,178
327,974,426
327,979,1715
327,990,68
327,994,68346
327,996,100
327,998,6
327,999,305
327,1001,25
327,1008,129
327,1010,219
327,1011,119
327,1014,352
327,1015,20
327,1025,97
327,1033,12
327,1071,265
327,1074,11065
327,1111,20
327,1128,309
327,1161,499
327,1166,60
327,1168,32
327,1178,17
327,1193,4
327,1200,45
327,1225,140
327,1244,7346
327,1255,122
327,1257,35
327,1258,282
327,1263,90
327,1266,952
327,1271,179
327,1272,261
327,1276,2470
327,1291,760
327,1307,2216
327,1309,124
327,1312,36
327,1314,3
327,1327,240
327,1357,5
327,1419,10
327,1421,457
327,1430,5
327,1464,64
327,1468,10
327,1506,4168
327,1532,789
327,1563,1204
327,1613,20
327,1620,2114
327,1628,5
327,1684,15
327,1685,10
327,1707,686
327,1710,247
327,1712,46
327,1721,70
327,1723,70
327,1725,36
327,1731,403
327,1735,10
327,1736,6552
327,1743,62
327,1748,464
327,1757,351
327,1767,20
327,1800,185
327,1803,627
327,1840,767
327,1865,455
327,1887,61
327,1899,671
327,2033,30
327,2075,54
327,2099,20
327,2106,110
327,2108,31
327,2127,25
327,2129,100
327,2137,31
327,2139,166
327,2144,10
327,2164,64
327,2204,65
327,2232,5
327,2236,35
327,2237,57
327,2270,1640
327,2276,625
327,2297,184
327,2310,10
327,2580,168
327,2591,10
327,2593,71
327,2596,10
327,2598,6
327,2602,330
327,2604,15
327,2608,61
327,2609,136
327,2612,72
327,2618,12687
327,2619,1366
327,2628,10
327,2635,104
327,2640,1110
327,2652,67
327,2672,411
327,2674,20
327,2676,206
327,2731,100
327,2732,69
327,2738,10
327,2744,275
327,2745,195
327,2748,15
327,2752,633
327,2753,40
327,2759,1544
327,2760,100
327,2762,22
327,2784,1241
327,2796,195
327,2801,724
327,2810,424
327,2818,88
327,2833,5
327,2838,10
327,2852,25
327,2872,452
327,2887,235
327,2924,25
327,2930,10
327,2962,5
327,2967,20
327,2968,40
327,2984,6
327,3002,15
327,3018,102
327,3020,55
327,3023,50
327,3024,46
327,3027,120
327,3054,278
327,3057,5
327,3067,64
327,3070,35
327,3072,15
327,3073,312
327,3074,55
327,3075,82
327,3096,234
327,3130,713
327,3142,42
327,3172,125
327,3188,56
327,3237,707
327,3253,3125
327,3261,80
327,3276,1589
327,3284,7106
327,3336,15
327,3337,22
327,3340,30
327,3354,18333
327,3355,299
327,3364,428
327,3372,796
327,3377,20
327,3379,10
327,3381,20
327,3382,35
327,3389,38
327,3415,334
327,3452,15
327,3489,44
327,3493,5
327,3518,6
327,3529,73
327,3530,10
327,3538,270
327,3539,121
327,3541,511
327,3544,142
327,3548,15
327,3552,35
327,3562,41
327,3566,155
327,3579,45
327,3580,162
327,3595,40
327,3596,72
327,3605,12
327,3614,20
327,3616,6
327,3619,10
327,3623,60
327,3631,103
327,3633,10
327,3636,70
327,3638,34
327,3641,60
327,3644,140
327,3654,35
327,3657,110
327,3660,179
327,3673,206
327,3678,2
327,3683,82
327,3690,5
327,3694,20
327,3696,5
327,3699,50
327,3704,6
327,3718,5
327,3748,62
327,3759,579
327,3760,57
327,3816,15
327,3853,10
327,3858,167
327,3860,20
327,3861,20
327,3864,87
327,3865,1088
327,3873,51
327,3874,346
327,3885,2552
327,3902,20
327,3916,40
327,3918,3103
327,3924,27
327,3925,166
327,3929,45
327,3934,10
327,3935,35
327,3937,69
327,3942,17
327,3943,40
327,3944,40
327,3960,20
327,3961,150
327,3963,169
327,3972,30
327,3977,179
327,3980,578
327,3983,44
327,3984,56
327,3986,5
327,3990,434
327,3993,12
327,4021,1059
327,4022,1053
327,4023,53
327,4032,30
327,4037,295
327,4038,58
327,4039,414
327,4041,418
327,4047,20
327,4048,75
327,4058,15
327,4060,20
327,4072,52
327,4089,119
327,4094,30
327,4100,10
327,4110,5
327,4150,17
327,4383,1
327,4395,22
327,4432,10
327,4456,45
327,4465,60
327,4470,155
327,4475,11
327,4550,165
327,4583,10
327,4595,163
327,4625,5
327,4673,40
327,4674,12
327,4675,36
327,4678,10
327,4680,25
327,4682,94
327,4684,209
327,4698,276
327,4702,153
327,4703,10
327,4706,40
327,4715,132
327,4720,10
327,4726,56
327,4730,2
327,4735,10
327,4742,35
327,4743,62
327,4745,31
327,4746,603
327,4748,37
327,4750,27
327,4751,40
327,4771,25
327,4785,106
327,4830,50
327,4833,68
327,4835,67
327,4839,130
327,4840,20
327,4842,10
327,4849,40
327,4850,30
327,4854,1589
327,4855,657
327,4864,11
327,4871,5
327,4884,144
327,4892,190
327,4900,30
327,4903,466
327,4906,30
327,4910,36
327,4918,104
327,4922,5
327,4933,12
327,4935,20
327,5036,20
327,5044,90
327,5048,3820
327,5051,5
327,5056,20
327,5063,20
327,5087,6
327,5109,70
327,5117,2121
327,5142,5
327,5156,70
327,5158,5
327,5164,56
327,5199,36
327,5230,783
327,5250,354
327,5307,30
327,5328,490
327,5331,10
327,5360,111
327,5491,326
327,5540,2862
327,5556,5
327,5586,1642
327,5641,347
327,5663,36
327,5694,20
327,5912,50
327,5921,5
327,5922,60
327,5924,23
327,5925,10
327,5927,20
327,5939,264
327,5941,30
327,5948,12
327,5960,32
327,5970,5
327,5980,215
327,5981,86
327,5993,120
327,6000,30
327,6002,100
327,6007,1978
327,6016,20
327,6019,140
327,6025,270
327,6030,18
327,6041,10
327,6043,160
327,6044,15
327,6047,54
327,6059,20
327,6060,10
327,6063,420
327,6065,60
327,6067,226
327,6070,10
327,6076,132
327,6078,40
327,6082,50
327,6099,6
327,6114,48
327,6116,15
327,6118,50
327,6123,5
327,6128,265
327,6129,144
327,6130,27
327,6131,80
327,6135,142
327,6136,50
327,6140,110
327,6151,30
327,6154,42
327,6161,46
327,6174,10
327,6185,270
327,6194,65
327,6202,80
327,6212,10
327,6215,10
327,6217,271
327,6219,350
327,6226,10
327,6233,205
327,6237,30
327,6239,35
327,6240,60
327,6242,70
327,6244,110
327,6245,25
327,6252,172
327,6253,30
327,6254,50
327,6257,36
327,6280,75
327,6286,20
327,6288,5
327,6295,10
327,6298,50
327,6304,10
327,6305,40
327,6308,10
327,6309,10
327,6326,90
327,6330,50
327,6331,21
327,6342,102
327,6346,20
327,6363,20
327,6382,15
327,6384,5
327,6394,10
327,6401,60
327,6408,60
327,6413,39
327,6414,130
327,6416,54
327,6424,22
327,6430,10
327,6448,232
327,6475,20
327,6484,26
327,6486,5
327,6509,40
327,6520,30
327,6526,12
327,6534,6
327,6536,22
327,6552,64
327,6570,10
327,6571,70
327,6576,20
327,6578,50
327,6590,10
327,6592,134
327,6599,26
327,6608,849
327,6609,10
327,6620,60
327,6647,10
327,6649,30
327,6661,90
327,6679,15
327,6684,10
327,6688,10
327,6689,186
327,6694,20
327,6696,20
327,6730,120
327,6745,63
327,6768,10
327,6786,21
327,6814,10
327,6834,50
327,6840,85
327,6859,5
327,6868,40
327,6869,10
327,6871,60
327,6939,12
327,7011,2904
327,7196,3
327,8021,1975
327,8550,5
327,9199,42
327,9424,70
327,9492,30
327,9540,344
327,9711,6
327,9766,5
328,3853,30
330,1025,35
330,1166,25
330,3350,1195
330,4079,236
330,5641,332
330,5663,36
332,4865,275
335,1580,42
335,1758,20
335,3525,25
335,4003,15
336,15,171
336,31,30
336,90,282
336,136,12156
336,153,1028
336,164,357
336,169,4534
336,180,15
336,188,229
336,195,7955
336,198,1500
336,208,182
336,271,262
336,274,5
336,299,25
336,304,55106
336,309,420
336,341,666
336,387,624
336,413,356
336,414,5007
336,416,45
336,519,368
336,556,5370
336,569,20677
336,585,20286
336,592,66
336,594,151
336,612,46
336,614,2661
336,667,6
336,730,4265
336,797,335
336,959,29
336,974,40
336,986,36
336,994,35
336,1015,35
336,1025,15
336,1039,25
336,1225,5
336,1245,105
336,1259,875
336,1263,175
336,1307,498
336,1327,148
336,1430,491
336,1506,2907
336,1620,115
336,1800,80
336,2075,155
336,2169,25
336,2369,7640
336,2465,605
336,2598,7
336,2608,61
336,2631,55
336,2634,5419
336,2725,51
336,2729,2888
336,2742,320
336,2759,5
336,2984,46
336,2992,25
336,3188,5
336,3194,1437
336,3205,95
336,3207,332
336,3221,1330
336,3235,129
336,3253,1720
336,3258,20
336,3261,44
336,3276,4749
336,3291,30
336,3300,50
336,3354,5030
336,3386,2678
336,3568,155
336,3639,949
336,3655,12
336,3704,30
336,3722,658
336,3727,10
336,3737,1201
336,3753,10
336,3760,178
336,3895,49
336,3989,10576
336,4014,88
336,4207,3853
336,4470,65
336,4595,111
336,4736,369
336,4762,100
336,4824,90
336,4855,25353
336,5056,40
336,5350,3646
336,5357,55
336,5556,51
336,5619,111
336,5641,1254
336,5648,258
336,5663,795
336,6689,150
336,6698,735
336,9024,609
336,9029,2006
336,9122,50
336,9273,205
336,9747,25
341,4108,1074
342,525,90
342,2139,50
342,2996,1066
342,6140,295
343,2882,35
343,2926,50
344,1096,25
344,1408,96
344,1569,50
344,1812,10
344,1883,30
344,5109,25
344,9317,15
345,3458,50
346,171,2645
346,2025,1273
346,3236,657
346,3254,4054
346,9039,50
346,9065,25
346,9094,20
347,3404,7095
354,4481,1360
355,109,25
355,1126,705
355,2428,335
355,2432,150
355,2500,903
355,4163,805
355,4165,235
355,4191,925
355,4204,190
355,4970,80
355,5002,125
355,6978,810
355,7028,25
355,7071,100
355,7168,75
355,7303,690
355,7336,75
355,7429,25
355,7443,45
355,7481,125
355,7544,140
355,7721,252
355,7738,345
355,7883,247
355,7978,90
355,8161,30
355,8508,175
355,8525,125
357,842,25
357,900,294
357,909,50
357,1240,25
357,1303,10
357,1883,25
357,2247,624
357,3501,25
357,9201,50
357,9540,73
361,1736,175
361,4458,18201
362,1830,23
363,1736,88
363,2389,64
363,5556,60
363,7460,25
363,8698,35
363,8824,25
363,8835,186
363,9747,20
365,1121,132
365,2215,55
366,1743,77
366,1800,119
366,4712,620
366,4855,1318
366,6063,10
375,39,3775
375,50,278
375,1215,944
375,1234,710
375,1266,182
375,1300,80
375,1333,864
375,1344,635
375,1358,25
375,1364,50
375,1574,41
375,1598,50
375,1677,1234
375,1791,235
375,1849,40
375,1882,10
375,2268,12
375,2275,60
375,2280,25
375,2341,25
375,2344,65
375,2663,37
375,2676,5
375,2708,25
375,2718,10
375,2915,85
375,3173,100
375,3489,99
375,3791,40
375,3809,38
375,3840,263
375,4480,50
375,5159,40
375,9222,45
375,9368,25
375,9689,25
378,857,75
384,5663,36
385,52,58
385,3037,27
385,3562,50
385,4386,33
385,4395,141
385,6594,65
385,6605,121
385,9487,5
385,9618,50
385,9749,60
386,169,1
386,345,25
386,847,25
386,1189,95
386,2160,25
386,2165,30
386,2784,1
386,4117,100
386,4122,3
386,4944,650
386,4959,25
386,5210,2
386,7281,1
386,7421,50
386,7446,50
386,8053,5
386,8838,18
386,8910,25
387,15,368
387,25,30
387,28,727
387,31,11572
387,32,30
387,34,360
387,39,383
387,68,96
387,84,5
387,86,103
387,90,11
387,104,35
387,136,242
387,138,2426
387,163,275
387,167,253
387,169,3202
387,188,145
387,194,50
387,195,440
387,196,50
387,198,7453
387,204,25
387,208,3226
387,226,50
387,229,12116
387,243,1569
387,252,2
387,253,50
387,263,600
387,271,1003
387,272,140
387,276,216
387,288,348638
387,290,276
387,293,129
387,294,30
387,296,48678
387,298,391
387,302,60
387,303,24
387,304,12105
387,336,163
387,375,30
387,384,952
387,389,137
387,401,40
387,405,254
387,414,486
387,416,186
387,432,8771
387,433,150
387,442,20
387,453,22
387,463,1096
387,481,286
387,483,1771
387,490,956
387,505,110
387,519,593
387,534,376
387,542,7960
387,545,310
387,551,20
387,556,1470
387,566,20
387,573,1141
387,575,478
387,592,231
387,594,612
387,612,1040
387,642,244
387,647,152
387,649,6719
387,666,363
387,672,1380
387,677,25
387,692,61
387,694,165
387,701,1536
387,702,101
387,706,90
387,712,31
387,728,1485
387,732,20
387,735,689
387,754,65
387,756,787
387,836,61
387,935,239
387,943,75
387,947,12
387,950,50
387,976,210
387,989,982
387,994,1057
387,1020,50
387,1025,52
387,1039,80
387,1044,1685
387,1102,1342
387,1136,766
387,1166,154
387,1171,10
387,1184,1705
387,1225,411
387,1258,5
387,1280,60
387,1292,178
387,1307,1128
387,1312,35
387,1320,100
387,1327,5
387,1375,1303
387,1416,1715
387,1419,1026
387,1425,25
387,1431,40
387,1432,5967
387,1506,2328
387,1509,92
387,1535,70
387,1590,18
387,1618,654
387,1646,125
387,1652,1865
387,1662,12
387,1710,75
387,1736,5652
387,1746,407
387,1764,50
387,1800,4936
387,1839,1605
387,1840,10
387,1864,120
387,1882,20
387,1972,906
387,1983,210
387,2003,1794
387,2004,229
387,2025,43
387,2051,2123
387,2070,25
387,2075,638
387,2080,25
387,2087,5
387,2125,30
387,2169,25
387,2193,64
387,2241,614
387,2422,1080
387,2556,245
387,2572,42
387,2580,50
387,2598,20
387,2608,40
387,2613,25
387,2620,6035
387,2634,10536
387,2639,10
387,2672,3441
387,2674,255
387,2686,126
387,2729,1965
387,2784,1003
387,2801,4441
387,2852,20
387,2872,359
387,2905,25
387,2981,42
387,2984,35
387,3006,5
387,3032,1629
387,3034,47673
387,3047,142
387,3056,10
387,3079,40
387,3128,75
387,3172,171
387,3228,399
387,3230,835
387,3276,2096
387,3281,15
387,3282,390
387,3319,392
387,3382,5
387,3452,20
387,3593,15
387,3643,20
387,3664,2808
387,3704,4224
387,3722,52
387,3725,3293
387,3737,170
387,3746,130
387,3748,22
387,3759,26383
387,3790,20
387,3887,460
387,3918,61
387,3989,5008
387,3996,25
387,4069,20
387,4079,6
387,4207,1592
387,4400,96
387,4470,16
387,4484,675
387,4511,305
387,4567,1205
387,4596,25
387,4604,11
387,4649,548
387,4670,210
387,4684,10
387,4750,285
387,4762,373647
387,4786,6832
387,4854,3379
387,4855,14866
387,5130,80
387,5158,10
387,5194,40
387,5267,40
387,5326,136
387,5328,1531
387,5407,507
387,5468,5
387,5523,31
387,5554,65
387,5556,4416
387,5590,1141
387,5606,100
387,5636,55
387,5638,3556
387,5647,35
387,5648,77
387,5663,392
387,5713,25
387,5742,30
387,5765,54
387,5804,453
387,5813,1042
387,5830,62
387,6063,6
387,6224,25
387,6333,5
387,6408,240
387,6417,60
387,6608,660
387,6918,25
387,7196,1595
387,7376,88
387,8622,262
387,9024,2637
387,9424,286
387,9520,80
387,9710,25
389,18,250
389,37,5
389,39,17072
389,43,412
389,49,20
389,50,835
389,66,10
389,93,2809
389,102,96
389,121,50
389,122,85
389,126,349
389,135,547
389,150,350
389,152,490
389,153,663
389,193,78
389,200,3860
389,215,69
389,225,1943
389,234,140
389,235,70
389,239,250
389,241,132
389,250,156
389,261,126
389,265,620
389,271,61
389,343,2160
389,345,55
389,347,6704
389,355,120
389,372,25
389,378,484
389,382,91
389,385,2209
389,394,176
389,402,4899
389,404,394
389,418,405
389,433,67099
389,438,116
389,444,50
389,446,95106
389,463,131765
389,485,9899
389,507,896
389,508,108
389,515,275
389,524,205
389,567,15
389,622,5
389,666,77498
389,667,918
389,745,5
389,753,220
389,764,6
389,774,36
389,776,31
389,783,1260
389,784,25
389,785,2675
389,789,212
389,797,255
389,800,20
389,806,175
389,808,60
389,810,67
389,815,125
389,816,557
389,824,487
389,832,997
389,836,5392
389,843,1535
389,849,250
389,853,1155
389,860,43
389,862,30
389,865,89
389,866,37
389,867,226
389,871,30
389,877,239
389,878,7911
389,883,937
389,887,3234
389,900,2395
389,906,1129
389,915,107
389,917,6189
389,919,484
389,925,183
389,928,8055
389,939,61
389,941,40
389,986,468
389,1010,335
389,1018,902
389,1027,30
389,1033,1093
389,1037,220
389,1049,588
389,1053,20
389,1058,524
389,1064,50
389,1070,7376
389,1071,2241
389,1090,1296
389,1092,144
389,1094,7015
389,1098,250
389,1105,229
389,1111,2929
389,1112,347
389,1124,640
389,1137,1082
389,1139,288
389,1147,66
389,1156,20
389,1166,1603
389,1169,36
389,1171,40
389,1174,147
389,1178,174
389,1185,132
389,1187,380
389,1188,25
389,1199,405
389,1204,1350
389,1210,148
389,1217,35
389,1223,3090
389,1245,90
389,1258,555
389,1261,30
389,1286,20
389,1295,121
389,1305,42
389,1309,232
389,1321,53
389,1349,60
389,1370,30
389,1373,75
389,1375,7335
389,1376,135
389,1395,30
389,1401,20
389,1402,150
389,1406,90
389,1409,40
389,1509,3125
389,1510,245
389,1513,180
389,1520,30
389,1527,50
389,1534,16977
389,1540,25
389,1561,352
389,1564,275
389,1568,100
389,1573,610
389,1574,170
389,1575,30
389,1588,20
389,1606,20
389,1624,225
389,1626,55
389,1628,130
389,1642,10
389,1643,20
389,1652,865
389,1656,675
389,1666,411
389,1671,1185
389,1672,15
389,1677,3227
389,1682,35
389,1705,90
389,1736,5452
389,1737,510
389,1764,60
389,1766,266
389,1781,90
389,1790,2303
389,1794,100
389,1798,80
389,1800,573
389,1802,3444
389,1806,550
389,1846,196
389,1863,30
389,1865,5769
389,1883,223
389,1884,102
389,1904,24
389,1907,2303
389,1909,143
389,1919,976
389,1930,30
389,1931,36
389,1942,30
389,1953,65
389,1957,60
389,1968,40
389,2154,10
389,2157,146
389,2164,21
389,2188,82
389,2193,2005
389,2198,148
389,2208,210
389,2213,81
389,2218,771
389,2220,5
389,2224,414
389,2236,270
389,2237,260
389,2240,95
389,2265,3727
389,2267,30
389,2279,136
389,2286,40
389,2287,55
389,2290,30
389,2292,135
389,2299,138
389,2304,30
389,2310,65
389,2313,35
389,2320,66
389,2329,559
389,2331,285
389,2345,90
389,2346,45
389,2465,7595
389,2521,261
389,2532,1139
389,2560,20
389,2625,576
389,2656,34
389,2661,476
389,2663,2381
389,2667,200
389,2670,15864
389,2676,900
389,2677,616
389,2681,50
389,2691,235
389,2693,464
389,2697,95
389,2703,242
389,2706,419
389,2708,436
389,2714,92
389,2744,27
389,2751,105
389,2776,31
389,2808,154
389,2813,32
389,2814,11
389,2821,11
389,2831,50
389,2833,416
389,2839,1212
389,2850,166
389,2851,47
389,2855,40
389,2872,4520
389,2875,64
389,2903,110
389,2909,979
389,2917,70
389,2918,63
389,2919,30
389,2927,150
389,2934,38
389,2937,50
389,2938,30
389,2948,120
389,2955,36
389,3038,30
389,3096,891
389,3097,15338
389,3099,1190
389,3101,100
389,3106,125
389,3107,1518
389,3109,99
389,3120,15
389,3121,5
389,3123,5
389,3127,185
389,3134,5
389,3135,261
389,3142,159
389,3158,35
389,3170,77
389,3176,42
389,3179,291
389,3258,2057
389,3357,140
389,3396,125
389,3414,60
389,3417,30
389,3426,5
389,3444,199
389,3463,66
389,3483,180
389,3489,3675
389,3490,173
389,3493,60
389,3501,30
389,3516,50
389,3562,28
389,3617,30
389,3655,180
389,3681,186
389,3696,713
389,3725,232
389,3774,25
389,3776,56
389,3783,200
389,3784,555
389,3803,2656
389,3842,25
389,4045,328
389,4058,235
389,4150,10896
389,4393,108
389,4422,125
389,4424,5
389,4426,225
389,4432,106
389,4436,26
389,4440,561
389,4442,43
389,4443,32
389,4446,10
389,4455,517
389,4458,108
389,4471,10
389,4477,80
389,4484,660
389,4490,25
389,4508,622
389,4511,270
389,4513,249
389,4525,140
389,4555,90
389,4560,844
389,4572,1611
389,4580,11
389,4591,80
389,4592,35
389,4595,211
389,4739,11
389,4753,392
389,4826,60
389,4859,30
389,4916,24
389,4945,1569
389,5047,105
389,5099,144
389,5102,5
389,5104,116
389,5106,25
389,5111,194
389,5117,4929
389,5120,49
389,5137,227
389,5144,89
389,5158,120
389,5161,78
389,5438,45
389,5586,2922
389,5602,525
389,5694,70
389,5765,339
389,5982,5
389,5996,24
389,6024,12
389,6094,120
389,6123,73
389,6170,125
389,6182,20
389,6200,20
389,6207,5
389,6299,40
389,6339,36
389,6340,10
389,6341,170
389,6344,26
389,6357,10
389,6730,356
389,6760,245
389,8387,1500
389,9167,5
389,9168,115
389,9169,51
389,9181,1638
389,9237,56
389,9241,100
389,9265,20
389,9269,149
389,9274,132
389,9315,30
389,9317,125
389,9332,540
389,9342,44
389,9343,188
389,9353,245
389,9362,30
389,9369,124
389,9371,178
389,9391,36
389,9410,5
389,9423,64
389,9447,34
389,9459,2170
389,9463,920
389,9470,11
389,9477,6
389,9499,85
389,9508,215
389,9512,20
389,9517,100
389,9528,330
389,9532,644
389,9541,104
389,9565,45
389,9608,21
389,9627,17
389,9635,40
389,9690,25
389,9702,90
389,9733,15
389,9739,304
389,9753,5
389,9796,76
390,847,55
390,1073,75
390,1228,80
390,1517,40
390,1598,50
390,1906,55
390,2350,210
390,2388,55
390,2390,25
390,2391,15
390,3458,55
390,5211,25
390,7147,80
390,7655,635
390,7842,48
390,7919,132
390,8082,100
390,8397,396
390,8695,55
390,8711,55
390,8740,50
390,8977,25
391,4108,102
392,5102,20
393,169,1
393,386,1
398,1025,25
398,7464,25
401,2784,20
401,4484,450
402,2560,50
405,6,70
406,2094,335
406,6515,80
406,6593,240
407,178,9592
407,1025,328
407,1758,25
407,2598,56424
407,3489,90
407,3527,420
407,3587,50
407,5641,180
407,5663,306
407,6089,648
407,6237,120
407,9424,72
408,146,693
408,1011,5
408,6442,158
409,4706,50
410,2607,2044
410,2730,66
411,6593,1408
412,1017,18
414,15,522
414,31,302
414,33,10
414,86,12
414,87,15
414,90,56
414,140,47
414,147,6
414,167,291
414,169,281
414,178,200
414,180,198
414,188,6908
414,194,227
414,197,65
414,198,6750
414,208,5750
414,252,53
414,271,43
414,292,130
414,323,15
414,336,5965
414,342,20
414,355,10
414,385,45
414,387,1370
414,389,10
414,398,2901
414,418,45
414,425,2524
414,430,1
414,432,1505
414,437,35
414,451,37123
414,484,46
414,505,204
414,519,95
414,528,3320
414,529,2483
414,536,36
414,546,50
414,556,653
414,569,50760
414,573,479
414,592,211
414,594,171
414,596,125
414,607,377
414,612,1286
414,614,59
414,617,1192
414,626,15
414,649,65
414,666,110
414,677,25
414,692,1172
414,701,205
414,747,32
414,748,261
414,799,5408
414,824,232
414,837,68
414,876,8320
414,959,30
414,979,4310
414,994,504
414,1025,371
414,1043,115
414,1094,1250
414,1129,13956
414,1166,800
414,1193,223
414,1225,134
414,1244,146
414,1263,355
414,1266,3183
414,1269,14065
414,1283,165
414,1307,1246
414,1338,40244
414,1345,1597
414,1375,1540
414,1419,321
414,1425,15
414,1426,612
414,1509,28
414,1534,326
414,1610,12115
414,1620,218
414,1668,3063
414,1684,70
414,1707,10
414,1710,44
414,1715,10
414,1731,15
414,1736,23603
414,1748,5
414,1752,537
414,1755,36
414,1767,10
414,1770,1275
414,1800,1113
414,1840,5
414,1844,153
414,1847,85
414,1865,285
414,1893,723
414,1975,1835
414,1978,616
414,2004,850
414,2075,50
414,2140,568
414,2258,36981
414,2364,1960
414,2365,2073
414,2408,415
414,2414,3153
414,2416,285
414,2426,9837
414,2428,730
414,2465,10
414,2472,6786
414,2488,36
414,2509,168
414,2512,3241
414,2537,160
414,2541,25
414,2556,95
414,2580,140
414,2607,40
414,2620,635
414,2634,8140
414,2676,25
414,2729,608
414,2742,237
414,2752,741
414,2760,60
414,2784,611
414,2852,15
414,2872,257
414,2887,24
414,2924,20
414,2981,244
414,2982,209
414,2987,103
414,3030,75
414,3034,24625
414,3068,90
414,3079,233
414,3130,270
414,3172,100
414,3194,1847
414,3207,60
414,3210,65
414,3230,1250
414,3246,50
414,3249,277
414,3255,9263
414,3284,5058
414,3291,30
414,3300,25
414,3340,25
414,3343,125
414,3354,1786
414,3367,179
414,3386,20
414,3479,868
414,3562,135
414,3593,25
414,3613,4127
414,3632,44
414,3639,1540
414,3644,35
414,3654,10
414,3660,30
414,3673,20
414,3680,60
414,3722,93
414,3731,105
414,3759,2876
414,3766,1402
414,3801,16
414,3864,209
414,3880,40
414,3918,96
414,3980,95
414,3989,17342
414,4038,18
414,4060,20
414,4069,44
414,4109,157
414,4207,5611
414,4247,224
414,4281,48
414,4295,50
414,4336,3024
414,4353,113
414,4392,105
414,4465,30
414,4470,144
414,4628,24
414,4670,76
414,4684,455
414,4706,16
414,4742,25
414,4770,11
414,4786,134
414,4787,10
414,4801,787
414,4833,88
414,4839,65
414,4854,1235
414,4855,1785
414,4864,15
414,4884,508
414,4887,25
414,4892,20
414,4900,20
414,4903,243
414,4906,25
414,4908,802
414,4936,875
414,4945,5
414,4964,1942
414,5056,20
414,5074,35
414,5192,476
414,5360,15
414,5392,224
414,5556,708
414,5628,60
414,5648,25
414,5787,25
414,6008,810
414,6044,10
414,6047,92
414,6063,949
414,6065,5
414,6096,25
414,6131,40
414,6133,80
414,6161,326
414,6212,5
414,6245,5
414,6262,1760
414,6272,40
414,6356,205
414,6414,65
414,6484,5
414,6584,120
414,6694,10
414,6709,1356
414,6831,5
414,6913,4748
414,6918,6120
414,6924,130
414,6957,187
414,7011,185
414,7038,210
414,7084,531
414,7173,25
414,7196,282
414,7248,45
414,7376,24
414,7500,40
414,7547,5
414,7562,1570
414,7717,330
414,7883,30
414,7900,72
414,7927,162
414,8021,2262
414,8230,170
414,8283,10
414,8431,20
414,8622,712
414,8822,89
414,9062,4
414,9273,302
414,9391,125
414,9424,312
414,9579,114
415,4677,65
415,5932,55
416,333,2415
416,633,95
416,1478,25
416,1800,69
416,3194,4850
416,3759,2553
416,4002,445
416,9083,170
416,9102,30
416,9119,125
416,9130,25
416,9136,200
416,9139,80
416,9142,75
416,9159,25
417,15,35
417,430,31
417,1001,10
417,3249,20
417,4864,5
419,2139,25
420,2,59
420,15,50317
420,28,769
420,31,1388
420,32,208
420,34,6
420,39,7860
420,72,340
420,84,426
420,86,2575
420,90,1220
420,136,41
420,140,68
420,147,1203
420,155,50
420,167,187
420,169,40696
420,177,89
420,188,17197
420,192,590
420,194,1717
420,195,1652
420,198,40710
420,208,22636
420,229,10060
420,271,20245
420,292,3465
420,304,200
420,336,3443
420,357,40
420,385,63
420,387,141022
420,389,5470
420,412,3344
420,414,9473
420,416,288
420,422,3141
420,430,12976
420,432,8749
420,447,175
420,453,20
420,472,5
420,514,945
420,519,878
420,545,1572
420,565,1023
420,581,13
420,612,7542
420,614,3608
420,748,588
420,776,18
420,900,564
420,994,9452
420,1025,364
420,1225,10
420,1244,5
420,1249,11
420,1258,80
420,1266,61
420,1271,80
420,1292,5
420,1307,50
420,1620,5
420,1670,3992
420,1736,1700
420,1800,15
420,1978,32808
420,2125,10
420,2613,5
420,2676,10
420,2734,140
420,2852,5
420,2872,28
420,2968,386
420,2997,70
420,3065,438
420,3102,82
420,3172,154
420,3360,149
420,3372,873
420,3496,1477
420,3539,166
420,3635,153
420,3858,10
420,3984,51
420,4022,286
420,4105,22
420,4110,5
420,4392,15
420,4742,5
420,4755,30
420,4855,1355
420,5586,1190
420,6063,192
420,9424,18
420,9778,100
422,2137,31
422,3103,25
424,776,6
424,1758,125
424,2591,5
424,2738,5
424,2753,20
424,3389,21
424,3623,25
424,3965,45
424,4047,10
424,4751,20
424,6151,15
424,6176,85
424,6257,18
424,6308,5
424,6339,24
424,6436,25
425,1025,25
425,2096,50
425,6890,25
428,9496,25
430,2,325
430,3,5
430,5,656
430,6,5150
430,7,115
430,8,548
430,9,1027
430,11,15
430,12,240
430,13,920
430,14,35
430,19,4907
430,20,5
430,22,16
430,23,902
430,24,7102
430,25,5
430,27,1976
430,28,640
430,29,1360
430,30,16362
430,31,659
430,32,25
430,33,1156
430,34,260
430,36,5
430,37,795
430,39,2913
430,40,1425
430,43,477
430,44,95
430,45,5
430,46,48
430,47,121
430,48,6
430,51,202
430,52,78
430,53,1107
430,54,845
430,56,361
430,57,198
430,58,1205
430,59,43
430,60,271
430,61,154
430,62,5
430,63,6
430,64,12
430,66,100
430,67,55
430,68,268
430,70,10
430,71,66
430,73,10
430,82,10
430,84,936
430,85,370
430,86,75
430,87,2240
430,88,132
430,90,125
430,91,6
430,92,45
430,93,155
430,94,5
430,95,21
430,96,110
430,97,50
430,99,50
430,100,1040
430,102,960
430,103,10
430,104,15
430,105,110
430,107,5
430,114,2041
430,115,50
430,119,35
430,124,215
430,126,1016
430,128,20
430,129,146
430,131,3855
430,132,160
430,133,14647
430,134,35
430,135,20
430,136,5
430,137,65
430,138,2337
430,139,20
430,140,5
430,141,45
430,143,200
430,146,91
430,148,5
430,149,1870
430,151,5
430,152,26
430,153,24
430,154,257
430,155,139
430,156,1494
430,157,246
430,158,250
430,159,110
430,160,5317
430,162,300
430,163,10
430,164,6
430,165,1780
430,167,403
430,168,5010
430,170,10
430,171,10
430,175,34
430,176,5947
430,178,220
430,179,333
430,180,179
430,181,5
430,182,55
430,183,2655
430,185,35
430,186,206
430,187,30899
430,189,6
430,190,86
430,191,30
430,192,1114
430,193,150
430,194,186
430,195,31
430,196,16
430,197,1704
430,198,10751
430,199,330
430,202,905
430,204,210
430,205,2487
430,206,220
430,207,5
430,208,1252
430,209,20
430,213,15
430,215,511
430,216,11
430,217,60
430,218,70
430,219,96
430,220,25
430,221,355
430,222,3372
430,223,117
430,226,440
430,227,470
430,228,12083
430,229,6274
430,230,5
430,235,205
430,236,153
430,239,665
430,241,66
430,242,5
430,243,142
430,244,55
430,246,406
430,247,6160
430,249,95
430,250,171
430,251,142
430,252,20
430,254,90
430,255,1194
430,258,90
430,260,21
430,261,1062
430,262,300
430,263,25
430,264,82
430,265,100
430,266,1783
430,267,341
430,269,360
430,270,5952
430,271,13417
430,272,10
430,273,10
430,274,85814
430,276,17
430,277,535
430,279,20
430,280,15
430,281,50
430,282,316
430,283,46
430,284,35
430,285,40
430,289,2235
430,290,1627
430,291,1337
430,292,262550
430,293,39
430,294,36452
430,295,10
430,296,4376
430,298,19341
430,299,74721
430,301,18
430,302,470
430,303,131239
430,304,20
430,305,11
430,306,5
430,307,160
430,308,75
430,309,81
430,312,1091
430,313,200
430,317,132
430,318,189
430,319,140
430,320,41512
430,321,10703
430,322,4169
430,323,16784
430,324,20
430,325,11
430,326,5
430,329,30
430,330,285
430,333,633
430,334,25
430,335,171
430,336,125
430,337,15
430,340,173
430,341,6
430,342,5
430,343,5
430,344,107
430,345,45
430,346,35
430,348,410
430,349,315
430,350,1204
430,353,55
430,354,6
430,357,72
430,360,251
430,361,1952
430,362,264
430,364,440
430,365,13787
430,366,388
430,367,1925
430,373,1139
430,374,140
430,375,100
430,377,820
430,378,45
430,379,165
430,380,11
430,381,495
430,383,15
430,384,208
430,385,1061
430,387,5376
430,388,40
430,389,16
430,391,12
430,392,43
430,394,18
430,395,360
430,396,320
430,397,187
430,398,1424
430,399,40
430,400,1734
430,401,70
430,402,18
430,403,12442
430,404,3114
430,405,92
430,406,4347
430,407,15
430,408,5
430,409,6
430,410,3158
430,411,881
430,412,534
430,413,10
430,414,5053
430,415,2650
430,416,5
430,417,786
430,418,5
430,419,11
430,422,178
430,423,140
430,424,264
430,426,10
430,428,115
430,431,189
430,432,1026
430,433,5
430,434,660
430,435,114
430,437,227
430,438,555
430,439,1257
430,441,5242
430,442,4523
430,446,8173
430,447,19
430,448,175
430,450,421
430,452,8260
430,453,5
430,455,5
430,457,7338
430,458,480
430,461,2454
430,462,16
430,463,31
430,465,66
430,466,15
430,468,561
430,471,20
430,472,190
430,473,10
430,475,95
430,476,198
430,477,5
430,478,5
430,479,45
430,480,161
430,482,55
430,483,1735
430,484,20
430,485,11
430,486,255
430,487,181
430,488,430
430,489,10
430,490,390
430,491,101
430,492,4833
430,493,10
430,495,20
430,496,10
430,497,50
430,498,119
430,499,10
430,500,115
430,501,47
430,502,30
430,503,860
430,504,45
430,505,20
430,507,6904
430,508,1305
430,510,194
430,511,10
430,512,495
430,514,132477
430,515,95
430,517,420
430,519,431
430,520,110
430,524,45
430,526,40
430,527,335
430,530,10
430,531,9214
430,532,55
430,536,151
430,538,5
430,540,1040
430,541,40
430,542,96295
430,544,15
430,546,5
430,547,70
430,548,10
430,550,5
430,551,30
430,553,10
430,554,5
430,555,66
430,557,5
430,558,30
430,559,5
430,560,4
430,561,30
430,562,1157
430,563,5
430,564,5
430,565,730
430,566,5
430,568,57
430,570,5
430,571,5
430,573,42100
430,574,5109
430,575,8534
430,577,10
430,578,15
430,581,7699
430,584,60
430,585,145
430,587,128
430,588,71
430,590,5
430,591,25
430,592,174
430,593,370
430,594,340
430,595,8586
430,596,75
430,600,438
430,601,209
430,603,5
430,607,1071
430,608,15
430,610,15
430,612,163
430,613,609
430,614,588
430,617,604
430,618,587
430,619,26
430,620,35
430,621,45
430,623,1015
430,624,6076
430,625,10808
430,626,15
430,627,16
430,628,17
430,632,1350
430,633,820
430,634,1572
430,635,524
430,637,55
430,638,101
430,640,15
430,641,256
430,642,69
430,643,725
430,644,10
430,645,5
430,647,28985
430,648,5
430,649,205
430,650,52527
430,654,20
430,655,154
430,656,5
430,658,21
430,659,15
430,660,2273
430,661,40
430,663,5
430,664,11
430,666,360
430,667,8202
430,669,90
430,670,419
430,674,40
430,676,1593
430,677,110
430,678,5
430,679,240
430,680,132
430,681,15
430,682,2879
430,683,50
430,684,61
430,685,135
430,686,260
430,687,105
430,688,520
430,689,863
430,691,385
430,692,554
430,693,25
430,694,100
430,695,10
430,696,5
430,697,34069
430,698,20
430,700,2198
430,702,10
430,703,6867
430,704,277
430,705,15
430,706,1330
430,707,5
430,709,89
430,710,5565
430,711,4716
430,712,17040
430,713,6175
430,715,71
430,716,52
430,717,32
430,718,66
430,719,50
430,720,226
430,721,477
430,722,37
430,723,16
430,724,57
430,725,378
430,727,44
430,728,8446
430,730,356
430,731,461
430,732,10
430,733,160
430,734,125
430,735,3
430,737,1969
430,738,30
430,739,5
430,740,5
430,741,10
430,742,5
430,743,5
430,744,12068
430,745,35
430,746,70
430,747,37
430,748,259
430,749,385
430,750,3028
430,751,520
430,752,15
430,758,108
430,761,78
430,762,55
430,763,161
430,765,70
430,767,15
430,770,35
430,771,20
430,773,1034
430,775,20
430,777,10
430,783,9261
430,788,80
430,789,492
430,790,15
430,791,365
430,792,809
430,793,10
430,794,700
430,795,55
430,796,40
430,798,5
430,799,587
430,801,165
430,803,12
430,804,10
430,805,59
430,806,1320
430,809,52
430,810,26
430,811,887
430,812,24
430,816,2138
430,817,11599
430,818,2655
430,819,20
430,821,10
430,822,1149
430,823,585
430,825,4369
430,827,45
430,828,135
430,832,6731
430,833,6
430,836,61
430,837,68
430,838,6220
430,841,35
430,843,10159
430,846,5
430,848,160
430,849,40
430,850,12
430,853,10
430,854,165
430,855,55
430,857,40
430,859,10
430,860,441
430,861,40
430,863,97632
430,865,6
430,866,370
430,867,1632
430,868,55
430,869,60
430,872,40
430,873,105
430,874,748
430,877,1935
430,878,87
430,879,11
430,880,278
430,881,3610
430,882,100
430,883,2095
430,884,418
430,887,13418
430,888,16
430,889,5
430,890,55
430,891,10
430,892,235
430,893,2085
430,894,15
430,895,772
430,896,214
430,903,2285
430,904,795
430,905,155
430,906,5
430,907,20
430,908,40
430,909,770
430,910,80
430,911,340
430,912,50
430,913,1496
430,914,30
430,915,760
430,917,9992
430,918,486
430,919,846
430,920,10
430,922,40
430,923,24604
430,924,243
430,925,1518
430,926,5
430,927,3737
430,928,6505
430,929,78
430,930,96
430,931,75
430,932,30
430,934,556
430,935,823
430,936,165
430,937,198
430,938,66
430,940,15
430,941,70
430,942,132
430,944,140
430,945,5
430,946,425
430,949,45
430,951,141
430,952,6
430,953,10722
430,954,20
430,956,165
430,957,50
430,958,765
430,959,439276
430,960,150
430,962,20
430,963,15
430,965,40
430,966,10
430,969,15
430,970,154
430,971,6
430,972,442
430,973,368
430,974,30
430,975,40
430,976,105
430,977,11
430,978,358
430,979,1508
430,980,21
430,981,175
430,983,5
430,985,205
430,986,552
430,987,95
430,988,1674
430,990,5
430,991,103
430,993,395
430,994,518
430,996,5
430,997,90
430,998,55
430,999,3174
430,1000,660
430,1004,5
430,1005,25
430,1006,345
430,1007,5
430,1008,80
430,1009,348
430,1010,560
430,1011,57
430,1013,46412
430,1014,181
430,1016,75
430,1018,97
430,1020,2916
430,1021,5
430,1022,20
430,1023,1356
430,1024,17254
430,1025,185
430,1026,35
430,1027,595
430,1028,198
430,1030,880
430,1032,88
430,1033,4608
430,1035,200
430,1036,14256
430,1040,55
430,1042,6
430,1043,25
430,1044,18756
430,1047,53
430,1048,18
430,1049,16089
430,1050,40
430,1051,5
430,1053,105
430,1054,55
430,1056,330
430,1058,15
430,1059,5
430,1063,10
430,1065,308
430,1066,16
430,1068,3273
430,1069,5
430,1070,99
430,1071,35
430,1074,97
430,1075,481
430,1078,12998
430,1079,605
430,1080,98
430,1081,20
430,1083,50
430,1085,2277
430,1086,42
430,1087,10
430,1090,5467
430,1091,282
430,1093,605
430,1094,5
430,1095,1306
430,1096,1870
430,1097,55
430,1098,165
430,1099,25
430,1100,585
430,1102,1342
430,1104,5
430,1105,3077
430,1106,128
430,1107,160
430,1108,45
430,1111,411
430,1112,681
430,1114,110
430,1115,551
430,1116,12
430,1117,48
430,1120,18
430,1123,275
430,1124,34
430,1127,590
430,1128,46
430,1129,5312
430,1130,114
430,1131,1915
430,1132,30
430,1133,41
430,1136,6
430,1137,15
430,1138,10
430,1141,660
430,1143,22
430,1145,2543
430,1146,60
430,1147,6
430,1149,360
430,1150,265
430,1151,165
430,1152,4016
430,1154,85
430,1156,20
430,1159,155
430,1160,80
430,1161,10
430,1163,1210
430,1165,335
430,1166,336
430,1167,594
430,1168,40
430,1171,90
430,1172,350
430,1174,50
430,1175,132
430,1176,103
430,1178,1372
430,1179,5
430,1181,454
430,1182,88
430,1183,65
430,1185,48
430,1186,128
430,1190,11
430,1191,12
430,1192,1146
430,1193,30
430,1195,40
430,1196,2313
430,1197,15
430,1199,105
430,1201,38
430,1204,250
430,1205,4517
430,1207,480
430,1208,1074
430,1209,1086
430,1210,914
430,1211,666
430,1212,385
430,1215,2963
430,1216,4362
430,1218,810
430,1219,4548
430,1221,258
430,1222,16
430,1223,18589
430,1224,572
430,1225,645
430,1226,110
430,1227,161
430,1229,477
430,1231,1711
430,1232,5
430,1233,715
430,1234,4565
430,1236,322
430,1237,5
430,1243,86
430,1244,100690
430,1245,5
430,1246,273
430,1247,200
430,1248,1365
430,1249,144
430,1250,11
430,1251,30
430,1253,5
430,1255,61
430,1256,5
430,1257,3210
430,1258,75
430,1259,21
430,1262,5
430,1263,30
430,1264,15
430,1265,10
430,1266,1417
430,1267,18
430,1270,186
430,1271,7
430,1272,191
430,1274,2431
430,1276,1246
430,1279,5
430,1280,5
430,1283,30
430,1284,75
430,1285,54
430,1287,6
430,1290,30
430,1291,467
430,1292,11
430,1293,35
430,1294,5
430,1295,5
430,1300,498
430,1302,132
430,1305,192
430,1307,2364
430,1309,30
430,1311,310
430,1312,4
430,1314,2153
430,1315,95
430,1316,122
430,1317,1416
430,1318,195
430,1319,750
430,1320,9038
430,1321,1307
430,1322,418
430,1323,40
430,1324,50
430,1327,60267
430,1329,585
430,1330,48
430,1331,85
430,1333,5388
430,1334,641
430,1335,10
430,1336,15247
430,1341,55
430,1344,230
430,1345,1031
430,1346,6
430,1347,82
430,1349,105
430,1350,520
430,1352,1500
430,1353,96
430,1356,11
430,1357,6
430,1358,45
430,1359,1160
430,1363,660
430,1364,220
430,1366,21
430,1372,534
430,1373,5
430,1375,4092
430,1378,45
430,1381,347
430,1382,913
430,1386,600
430,1387,220
430,1393,40
430,1395,2090
430,1396,88
430,1397,1048
430,1398,107
430,1399,861
430,1400,444
430,1401,104
430,1404,198
430,1405,80
430,1406,10
430,1407,55
430,1411,840
430,1412,388
430,1413,6
430,1414,33821
430,1415,5
430,1416,13163
430,1417,21
430,1418,5
430,1419,867
430,1421,65
430,1422,31
430,1423,139
430,1424,30
430,1425,25
430,1426,103170
430,1427,21
430,1428,269
430,1430,24853
430,1431,41
430,1432,3669
430,1433,48
430,1434,103
430,1435,108
430,1436,87
430,1437,1885
430,1438,1415
430,1439,5
430,1440,15
430,1442,388
430,1443,1748
430,1444,3130
430,1448,5208
430,1451,5
430,1452,584
430,1453,127
430,1454,660
430,1455,45
430,1456,20
430,1457,50
430,1458,16
430,1460,128
430,1461,55
430,1462,35
430,1463,70
430,1464,125
430,1466,660
430,1467,15
430,1468,56
430,1469,3990
430,1470,15
430,1472,1112
430,1473,520
430,1474,225
430,1475,200
430,1476,260
430,1477,25
430,1478,3243
430,1479,5
430,1480,5
430,1481,41
430,1482,5
430,1483,51
430,1484,18
430,1485,5
430,1486,5
430,1487,358
430,1488,542
430,1489,505
430,1490,28
430,1492,55
430,1493,10
430,1495,20
430,1496,40
430,1497,35
430,1498,50
430,1499,55
430,1504,1316
430,1505,5
430,1506,1114
430,1507,377
430,1508,88
430,1509,4697
430,1510,920
430,1511,120
430,1514,199
430,1516,850
430,1519,141
430,1520,1687
430,1526,465
430,1527,500
430,1528,110
430,1529,193
430,1530,40
430,1532,478
430,1534,542
430,1535,126
430,1538,9107
430,1543,55
430,1547,6
430,1549,536
430,1550,100
430,1551,586
430,1552,913
430,1559,48
430,1561,3520
430,1563,1119
430,1564,84
430,1566,301
430,1569,459
430,1571,169
430,1572,10
430,1573,640
430,1574,379
430,1578,40
430,1585,35
430,1586,1038
430,1589,5
430,1590,620
430,1592,277
430,1596,85
430,1597,10
430,1600,320
430,1601,66
430,1602,6
430,1605,825
430,1607,120
430,1613,55
430,1614,1441
430,1615,836
430,1616,341
430,1617,3511
430,1618,1292
430,1620,400
430,1621,1475
430,1623,491
430,1625,11
430,1626,80
430,1627,50
430,1628,5
430,1629,55
430,1630,23
430,1631,5
430,1632,1329
430,1633,150
430,1634,10
430,1637,2915
430,1642,70
430,1643,5
430,1644,2229
430,1645,150
430,1646,2350
430,1647,2340
430,1650,800
430,1654,204
430,1655,84
430,1656,2495
430,1657,55
430,1663,90
430,1664,399
430,1666,35
430,1668,1076
430,1670,103450
430,1671,66
430,1672,130
430,1673,594
430,1675,51
430,1676,235
430,1677,4035
430,1678,225
430,1680,436
430,1684,15
430,1685,342
430,1690,54
430,1691,109
430,1693,40
430,1694,705
430,1695,5
430,1697,50
430,1698,16
430,1699,10176
430,1700,629
430,1702,1650
430,1703,6
430,1706,40
430,1707,2406
430,1708,800
430,1709,10
430,1711,6
430,1712,116
430,1713,130
430,1714,83
430,1715,37
430,1717,110
430,1719,1974
430,1720,22
430,1721,5
430,1723,5
430,1725,12002
430,1727,148
430,1730,1
430,1731,118
430,1732,55
430,1733,120
430,1734,40
430,1736,9666
430,1740,330
430,1742,6
430,1743,95
430,1744,925
430,1745,52
430,1746,10
430,1748,124
430,1749,25
430,1750,70
430,1752,25
430,1754,11
430,1755,36
430,1756,1037
430,1757,5
430,1759,5
430,1760,236
430,1762,80
430,1766,1226
430,1767,8667
430,1768,165
430,1769,46
430,1770,135
430,1771,15
430,1772,400
430,1775,755
430,1776,415
430,1778,10
430,1782,952
430,1783,121
430,1784,620
430,1785,1052
430,1786,55
430,1787,6
430,1790,99
430,1791,10
430,1792,3037
430,1793,4820
430,1795,649
430,1796,66
430,1797,740
430,1798,396
430,1799,1056
430,1800,1781
430,1801,66
430,1802,70
430,1803,28
430,1804,80
430,1805,55
430,1808,382
430,1810,120
430,1812,760
430,1814,75
430,1816,110
430,1820,55
430,1821,253
430,1823,1397
430,1826,104
430,1828,330
430,1829,21
430,1830,230
430,1831,1943
430,1832,195
430,1833,120
430,1834,1157
430,1836,105
430,1839,10
430,1840,85
430,1842,420
430,1843,5
430,1844,5
430,1845,80
430,1846,5
430,1848,983
430,1849,2238
430,1850,616
430,1852,16
430,1855,450
430,1857,195
430,1858,6710
430,1862,50
430,1864,150
430,1865,40
430,1867,5996
430,1868,5
430,1870,16
430,1871,33
430,1872,986
430,1873,280
430,1875,396
430,1876,206
430,1877,2475
430,1879,5
430,1880,182
430,1881,440
430,1883,855
430,1884,954
430,1885,89
430,1887,5
430,1888,6
430,1891,42
430,1893,241
430,1894,26
430,1896,242
430,1897,2200
430,1899,5
430,1900,1045
430,1902,192
430,1903,255
430,1904,66
430,1905,50
430,1907,2035
430,1909,1109
430,1911,5
430,1912,100
430,1914,810
430,1915,165
430,1918,95
430,1919,18273
430,1920,40
430,1921,20
430,1923,55
430,1928,55
430,1930,110
430,1932,56
430,1940,772
430,1941,55
430,1943,470
430,1944,828
430,1945,24
430,1949,80
430,1950,104
430,1951,300
430,1952,906
430,1953,11
430,1955,220
430,1956,135
430,1957,352
430,1958,40
430,1960,315
430,1963,15
430,1965,1573
430,1966,800
430,1967,41
430,1969,48
430,1972,5
430,1973,38766
430,1977,242
430,1979,2805
430,1980,553
430,1981,383
430,1983,40
430,1984,25
430,1985,35
430,1986,10
430,1987,5
430,1989,161
430,1990,61
430,1991,5
430,1995,3721
430,1998,40
430,1999,20
430,2001,10
430,2002,315
430,2004,6160
430,2005,20
430,2006,115
430,2007,50
430,2008,5
430,2009,27
430,2010,126
430,2011,26
430,2012,21
430,2013,40
430,2014,70
430,2015,136
430,2016,15
430,2017,20
430,2018,10
430,2019,74
430,2021,5
430,2022,250
430,2023,1435
430,2027,15
430,2029,20
430,2030,215
430,2031,100
430,2032,50
430,2033,72600
430,2034,335
430,2039,10
430,2041,15
430,2042,15
430,2043,155
430,2046,1755
430,2049,765
430,2050,279
430,2051,807
430,2053,41
430,2054,111
430,2055,5
430,2056,10
430,2057,31
430,2058,10
430,2059,65
430,2060,10
430,2061,40
430,2062,10
430,2063,41
430,2064,30
430,2065,25
430,2067,365
430,2070,110
430,2073,5
430,2075,183
430,2077,85
430,2078,275
430,2079,5
430,2081,618
430,2084,10
430,2085,10
430,2086,16
430,2087,10384
430,2088,65
430,2091,25
430,2092,5
430,2093,40
430,2094,40
430,2095,40
430,2097,98
430,2099,10
430,2101,385
430,2104,110
430,2105,55
430,2106,55
430,2107,850
430,2108,31
430,2109,70
430,2114,10
430,2117,99
430,2120,180
430,2121,65
430,2122,1767
430,2123,3821
430,2124,85
430,2125,35
430,2126,25
430,2127,5
430,2128,5
430,2129,50
430,2130,40
430,2133,25
430,2134,2970
430,2135,5
430,2137,31
430,2138,2886
430,2139,15
430,2140,1588
430,2142,12
430,2143,95
430,2144,5
430,2146,253
430,2147,4388
430,2148,280
430,2149,297
430,2151,55
430,2152,303
430,2153,282
430,2154,85
430,2156,22
430,2157,6
430,2158,1200
430,2163,6
430,2164,59
430,2166,263
430,2167,285
430,2169,1516
430,2170,6
430,2171,3543
430,2172,5
430,2175,99
430,2176,40
430,2179,55
430,2180,172
430,2181,66
430,2182,311
430,2183,378
430,2184,55
430,2185,85
430,2186,155
430,2187,6
430,2188,800
430,2189,6
430,2190,360
430,2192,29
430,2193,6418
430,2196,510
430,2197,231
430,2198,1055
430,2200,160
430,2201,1396
430,2202,2481
430,2203,220
430,2206,55
430,2208,770
430,2211,810
430,2212,396
430,2213,76
430,2214,605
430,2215,946
430,2216,902
430,2217,928
430,2218,275
430,2219,46
430,2220,35
430,2221,1138
430,2224,446
430,2225,6
430,2228,65
430,2231,318
430,2233,121
430,2236,5
430,2237,69
430,2238,40
430,2239,200
430,2241,10
430,2242,25
430,2243,20
430,2245,155
430,2246,341
430,2247,8080
430,2248,60
430,2249,11823
430,2250,220
430,2251,40
430,2262,467
430,2263,1293
430,2264,255
430,2265,81
430,2266,160
430,2268,6
430,2270,27
430,2272,11
430,2274,14613
430,2275,1185
430,2276,15
430,2278,88
430,2279,30
430,2280,200
430,2281,924
430,2283,66
430,2284,492
430,2286,100
430,2287,259
430,2288,605
430,2289,752
430,2290,5
430,2292,276
430,2294,305
430,2295,106
430,2296,66
430,2297,92
430,2298,781
430,2300,361
430,2302,65
430,2303,66
430,2304,10
430,2306,4765
430,2307,3171
430,2310,35
430,2311,550
430,2313,350
430,2317,5
430,2318,65
430,2319,10
430,2322,220
430,2326,5
430,2328,363
430,2329,4638
430,2331,2861
430,2333,6
430,2335,215
430,2336,677
430,2337,55
430,2339,253
430,2340,352
430,2343,95
430,2344,70
430,2345,50
430,2346,55
430,2355,15
430,2356,35
430,2370,113
430,2387,492
430,2393,10
430,2397,1446
430,2401,25
430,2404,10
430,2408,156
430,2416,32
430,2419,5
430,2425,65
430,2433,5
430,2441,20
430,2442,16
430,2449,30
430,2457,71
430,2462,107
430,2463,50
430,2468,211
430,2469,35
430,2470,120
430,2471,5
430,2473,15
430,2474,159
430,2475,150
430,2476,80
430,2477,212
430,2478,10
430,2479,135
430,2480,50
430,2481,5
430,2482,807
430,2484,10
430,2485,15
430,2487,175
430,2489,5
430,2490,40
430,2491,75
430,2492,55
430,2493,165
430,2494,65
430,2495,2538
430,2496,303
430,2497,41
430,2504,60
430,2508,15
430,2509,28
430,2510,60
430,2512,1303
430,2514,855
430,2515,315
430,2516,32
430,2517,509
430,2521,2385
430,2525,240
430,2532,15821
430,2544,40
430,2550,1120
430,2554,413
430,2556,80
430,2558,58
430,2559,5
430,2561,330
430,2564,235
430,2566,328
430,2568,440
430,2569,60
430,2570,115
430,2571,137
430,2572,45
430,2573,455
430,2574,130
430,2575,130
430,2576,130
430,2577,35
430,2578,5
430,2580,10
430,2582,240
430,2583,20
430,2584,515
430,2585,10
430,2586,6
430,2587,55
430,2588,112
430,2591,5
430,2593,41
430,2594,5
430,2596,90
430,2597,80
430,2599,660
430,2601,5
430,2602,319
430,2604,10
430,2605,3354
430,2606,120
430,2607,5
430,2608,5
430,2609,68
430,2610,1055
430,2611,168
430,2612,23
430,2616,110
430,2617,5
430,2619,857
430,2620,750
430,2621,5
430,2622,130
430,2623,186
430,2624,40
430,2626,10
430,2627,5
430,2628,5
430,2631,21715
430,2632,280
430,2635,52
430,2636,5
430,2638,40
430,2639,55
430,2640,540
430,2642,5
430,2647,6
430,2648,924
430,2649,49479
430,2650,300
430,2651,778
430,2652,5
430,2653,55
430,2654,851
430,2655,196
430,2656,202
430,2657,11
430,2659,115
430,2661,140
430,2662,165
430,2663,5
430,2666,55
430,2668,220
430,2669,334
430,2670,75525
430,2671,240
430,2672,129
430,2674,75
430,2675,1096
430,2676,65
430,2677,1103
430,2679,250
430,2681,20
430,2682,66
430,2683,25
430,2685,480
430,2686,32
430,2687,55
430,2688,62
430,2689,165
430,2690,256
430,2693,198
430,2694,568
430,2699,220
430,2700,144
430,2701,1115
430,2702,80
430,2703,770
430,2704,5
430,2705,10
430,2706,1545
430,2707,5
430,2708,4309
430,2710,10
430,2711,988
430,2712,1426
430,2713,5
430,2714,975
430,2716,20
430,2718,5
430,2719,6072
430,2720,6
430,2723,1683
430,2724,2471
430,2725,10
430,2726,297
430,2728,105
430,2730,3963
430,2731,55
430,2734,1410
430,2736,25
430,2737,370
430,2738,5
430,2739,5
430,2741,65
430,2742,153
430,2744,20
430,2745,5
430,2746,220
430,2747,10
430,2748,5
430,2749,75
430,2750,65
430,2752,324
430,2753,20
430,2754,400
430,2755,10
430,2757,48
430,2758,146
430,2759,5
430,2760,50
430,2762,11
430,2765,10
430,2766,3771
430,2767,135
430,2768,1155
430,2770,6
430,2771,50
430,2774,15
430,2775,30
430,2776,289
430,2777,519
430,2778,132
430,2780,48
430,2781,7
430,2782,80
430,2783,19340
430,2784,287
430,2785,645
430,2786,100
430,2787,10
430,2788,176
430,2789,20
430,2790,198
430,2791,152
430,2792,69
430,2794,11
430,2796,5
430,2798,154
430,2801,40
430,2805,490
430,2806,24
430,2807,134
430,2808,4737
430,2809,264
430,2811,385
430,2812,132
430,2813,192
430,2814,110
430,2815,10
430,2816,66
430,2817,485
430,2818,20
430,2820,2526
430,2821,99
430,2822,160
430,2823,250
430,2827,682
430,2828,48
430,2829,142
430,2830,40
430,2831,500
430,2832,108
430,2833,3766
430,2835,1720
430,2837,128
430,2838,5
430,2839,5
430,2840,22180
430,2843,121
430,2846,80
430,2847,110
430,2848,121
430,2849,5
430,2850,359
430,2851,381
430,2852,5
430,2853,11
430,2854,40
430,2855,295
430,2856,55
430,2858,1060
430,2860,160
430,2861,12
430,2862,633
430,2863,187
430,2864,40
430,2866,360
430,2867,106
430,2868,21
430,2870,190
430,2872,28
430,2873,985
430,2874,385
430,2875,596
430,2876,132
430,2878,48
430,2879,1018
430,2880,994
430,2881,66
430,2882,340
430,2883,40
430,2884,80
430,2885,873
430,2886,1209
430,2887,12
430,2889,6
430,2890,372
430,2891,447
430,2892,220
430,2893,6
430,2896,264
430,2897,55
430,2899,294
430,2902,48
430,2903,595
430,2904,18
430,2908,35
430,2909,42
430,2912,966
430,2913,165
430,2914,159
430,2916,400
430,2918,21
430,2920,948
430,2921,165
430,2922,960
430,2924,5
430,2925,165
430,2926,20
430,2927,1428
430,2928,55
430,2930,5
430,2934,266
430,2935,390
430,2937,366
430,2940,974
430,2941,148
430,2942,701
430,2943,112
430,2944,417
430,2945,461
430,2946,98
430,2947,5898
430,2949,40
430,2951,110
430,2955,186
430,2957,150
430,2959,161
430,2960,436
430,2961,336
430,2962,5396
430,2963,9418
430,2966,3
430,2968,47
430,2969,5
430,2971,65
430,2972,2085
430,2973,285
430,2974,62
430,2975,21
430,2977,232
430,2978,584
430,2979,10
430,2980,220
430,2982,135
430,2983,919
430,2984,98
430,2985,148
430,2987,18
430,2988,85
430,2989,205
430,2990,21
430,2992,2240
430,2993,76
430,2996,1035
430,2998,10
430,2999,198
430,3000,195
430,3001,1728
430,3002,5
430,3003,110
430,3008,250
430,3011,17
430,3013,132
430,3014,290
430,3015,150
430,3016,30
430,3018,15
430,3019,1018
430,3021,10
430,3023,25
430,3024,52
430,3027,60
430,3030,76
430,3032,484
430,3033,266
430,3035,67
430,3036,5
430,3037,134
430,3038,55
430,3039,8833
430,3040,2775
430,3041,552
430,3042,25
430,3043,135
430,3044,66
430,3048,1
430,3049,71
430,3051,121
430,3053,373
430,3054,44
430,3055,10
430,3056,5
430,3057,30103
430,3058,10
430,3062,25
430,3063,5
430,3065,10
430,3067,32
430,3068,60
430,3069,10
430,3070,15
430,3071,5
430,3072,15
430,3073,151
430,3074,45491
430,3075,24
430,3076,1173
430,3077,23
430,3078,10
430,3079,140
430,3080,420
430,3081,30
430,3085,187
430,3086,5
430,3089,48
430,3090,100
430,3092,303
430,3094,1339
430,3095,16
430,3096,10
430,3097,992
430,3098,6
430,3100,27
430,3101,10
430,3102,134
430,3103,10
430,3104,448
430,3105,40
430,3106,6
430,3107,215
430,3109,1056
430,3110,8867
430,3111,121
430,3112,121
430,3114,160
430,3115,66
430,3116,40
430,3117,17
430,3118,1340
430,3120,308
430,3121,50
430,3122,22
430,3123,105
430,3124,10
430,3126,187
430,3127,1966
430,3130,290
430,3131,10
430,3133,121
430,3134,105
430,3135,3392
430,3136,105
430,3137,1050
430,3138,620
430,3139,993
430,3140,66
430,3143,258
430,3144,205
430,3145,1814
430,3147,6
430,3152,80
430,3153,726
430,3154,280
430,3155,316
430,3156,1278
430,3160,315
430,3162,155
430,3163,55
430,3164,100
430,3165,220
430,3167,88
430,3168,598
430,3169,40
430,3170,755
430,3171,424
430,3172,40
430,3173,40
430,3174,121
430,3175,66
430,3176,294
430,3177,73
430,3178,60
430,3179,6
430,3181,300
430,3182,110
430,3183,1258
430,3184,578
430,3185,110
430,3187,121
430,3188,261
430,3189,943
430,3190,590
430,3191,2641
430,3192,84
430,3193,241
430,3194,83
430,3195,930
430,3197,34
430,3199,43
430,3200,16
430,3202,50
430,3203,21
430,3204,6
430,3205,51
430,3206,137
430,3207,15
430,3208,32
430,3211,6
430,3213,5
430,3215,65
430,3216,82
430,3217,49
430,3218,116
430,3219,5235
430,3220,5
430,3222,76
430,3223,133
430,3225,26
430,3226,5
430,3228,40
430,3229,5
430,3230,1285
430,3231,33
430,3232,185
430,3233,20
430,3234,40
430,3236,2278
430,3237,128
430,3239,5
430,3240,258
430,3241,10
430,3243,80
430,3245,296
430,3247,10
430,3249,7639
430,3250,5
430,3252,40
430,3253,150485
430,3255,676
430,3257,10
430,3258,17970
430,3259,10
430,3260,830
430,3261,545
430,3262,30
430,3263,5
430,3264,30
430,3265,85
430,3266,10
430,3267,30
430,3269,1173
430,3270,555
430,3271,83718
430,3273,5
430,3275,605
430,3276,1237
430,3277,15
430,3278,6
430,3280,5
430,3281,76228
430,3282,7867
430,3283,55
430,3284,823
430,3285,26
430,3287,119
430,3288,16914
430,3289,21
430,3290,627
430,3291,808
430,3293,5
430,3294,132
430,3295,493
430,3296,5
430,3297,287
430,3298,10
430,3300,4706
430,3303,1925
430,3304,5
430,3306,10
430,3307,20
430,3309,130
430,3310,8379
430,3311,67
430,3312,20
430,3314,5
430,3315,10
430,3316,35
430,3317,241
430,3319,146
430,3320,2483
430,3321,55
430,3322,15
430,3323,287
430,3324,12
430,3326,103
430,3327,5
430,3329,5
430,3330,10
430,3333,5
430,3334,58
430,3335,160
430,3336,160
430,3337,1116
430,3340,103
430,3341,120
430,3343,25
430,3344,10
430,3346,165
430,3347,70
430,3350,180
430,3351,35
430,3352,5
430,3354,444
430,3355,6
430,3356,15
430,3357,335
430,3360,6209
430,3361,602
430,3362,15
430,3364,16
430,3365,105
430,3367,53
430,3368,95
430,3370,5
430,3371,43
430,3372,54
430,3375,5
430,3377,10
430,3378,764
430,3379,10
430,3381,10
430,3382,83
430,3383,724
430,3386,1286
430,3387,5
430,3388,176
430,3389,16
430,3392,176
430,3393,95
430,3394,16
430,3395,980
430,3396,299
430,3397,110
430,3398,45
430,3399,6
430,3400,220
430,3402,110
430,3403,357
430,3404,5
430,3405,400
430,3406,610
430,3408,305
430,3409,255
430,3414,939
430,3415,15
430,3416,605
430,3418,28
430,3419,40
430,3420,55
430,3422,835
430,3423,4968
430,3424,1935
430,3425,61
430,3427,1345
430,3428,5
430,3429,150
430,3431,30
430,3434,110
430,3435,47
430,3436,625
430,3437,217
430,3438,407
430,3439,80
430,3440,40
430,3444,1613
430,3445,143
430,3446,11
430,3447,6
430,3448,1502
430,3449,175
430,3450,181
430,3451,132
430,3452,5
430,3453,213
430,3454,505
430,3456,20
430,3460,15
430,3461,20
430,3462,96
430,3463,55
430,3464,160
430,3465,144
430,3466,200
430,3467,10
430,3468,913
430,3469,276
430,3472,24
430,3473,666
430,3474,330
430,3478,5
430,3479,38
430,3480,55
430,3482,40
430,3483,12
430,3484,20
430,3487,66
430,3488,1762
430,3489,764
430,3490,3261
430,3492,5
430,3493,17
430,3496,979
430,3498,55
430,3499,295
430,3500,495
430,3502,40
430,3503,5
430,3504,15
430,3505,10
430,3506,45
430,3509,140
430,3510,110
430,3512,5
430,3513,5
430,3515,270
430,3517,484
430,3518,114
430,3519,5
430,3520,605
430,3521,32
430,3524,1060
430,3526,100
430,3527,6
430,3530,5
430,3532,27
430,3533,10
430,3537,945
430,3538,905
430,3539,10
430,3542,10
430,3544,10
430,3545,5
430,3546,5
430,3547,5
430,3548,26
430,3552,305
430,3553,5
430,3556,3
430,3557,25
430,3558,10
430,3559,5
430,3560,48
430,3562,125
430,3564,40
430,3566,61
430,3567,5
430,3568,15
430,3569,40
430,3571,20
430,3572,272
430,3573,35
430,3574,401
430,3575,66
430,3576,5
430,3577,1324
430,3578,5
430,3579,20
430,3580,70
430,3583,25
430,3584,258
430,3585,5
430,3586,5
430,3588,203
430,3592,10
430,3593,235
430,3594,5
430,3595,20
430,3596,36
430,3599,42
430,3600,110
430,3601,1033
430,3603,240
430,3604,490
430,3605,6
430,3608,2134
430,3609,5
430,3611,230
430,3612,946
430,3613,1187
430,3614,10
430,3616,6615
430,3619,5
430,3621,40
430,3623,30
430,3625,20
430,3627,284
430,3628,1604
430,3629,3
430,3631,2463
430,3632,23
430,3633,5
430,3634,5
430,3635,839
430,3636,35
430,3637,20
430,3638,16347
430,3641,30
430,3642,15
430,3643,20
430,3644,35
430,3646,950
430,3649,20
430,3653,1077
430,3654,35
430,3655,6
430,3656,5
430,3657,55
430,3658,110
430,3660,15
430,3661,315
430,3662,15
430,3665,55
430,3666,40
430,3668,725
430,3669,30
430,3670,6
430,3671,5
430,3673,6
430,3675,10
430,3676,30
430,3678,1
430,3679,906
430,3680,280
430,3681,198
430,3683,36
430,3684,26
430,3686,80
430,3687,230
430,3690,3324
430,3691,95
430,3692,5
430,3693,5
430,3694,10
430,3697,40
430,3699,20
430,3702,274
430,3704,1044
430,3705,5
430,3706,5
430,3709,134
430,3711,131
430,3712,5
430,3713,5
430,3714,20
430,3715,13857
430,3716,75
430,3717,264
430,3718,20
430,3720,60
430,3722,21382
430,3725,340
430,3726,50
430,3728,1925
430,3729,8166
430,3730,1292
430,3731,376
430,3732,5
430,3735,90
430,3737,19072
430,3738,20
430,3741,30
430,3742,42
430,3743,20
430,3744,32
430,3745,137
430,3746,15
430,3748,6
430,3749,884
430,3750,56
430,3751,15
430,3752,640
430,3753,23181
430,3754,10
430,3755,140
430,3756,10
430,3758,304
430,3759,6377
430,3760,154
430,3763,10
430,3764,20
430,3766,5962
430,3767,187
430,3768,5
430,3769,248
430,3771,240
430,3773,55
430,3774,5
430,3775,6929
430,3776,1639
430,3777,550
430,3779,165
430,3780,120
430,3781,128
430,3784,121
430,3785,66
430,3787,370
430,3789,264
430,3790,613
430,3791,230
430,3792,550
430,3793,275
430,3797,620
430,3798,528
430,3799,24
430,3800,1257
430,3801,22
430,3802,132
430,3803,339
430,3805,11677
430,3806,6
430,3807,1838
430,3809,11
430,3812,106
430,3813,1067
430,3814,385
430,3815,120
430,3816,255
430,3818,1911
430,3819,48
430,3821,8954
430,3822,110
430,3826,286
430,3827,60
430,3828,315
430,3831,66
430,3832,155
430,3833,265
430,3834,5
430,3835,738
430,3836,6138
430,3837,377
430,3838,1430
430,3839,82
430,3840,674
430,3841,198
430,3842,250
430,3843,176
430,3846,453
430,3847,220
430,3848,157
430,3852,6
430,3854,1177
430,3855,966
430,3856,39
430,3857,10
430,3859,5
430,3860,10
430,3861,160
430,3863,225
430,3864,87
430,3865,466
430,3866,52
430,3867,12
430,3868,20
430,3869,13
430,3870,710
430,3872,4648
430,3873,410
430,3874,125
430,3875,5
430,3876,5
430,3877,5
430,3878,55
430,3879,2201
430,3880,25
430,3881,15
430,3882,91
430,3886,10
430,3888,20
430,3890,10
430,3891,220
430,3892,5
430,3893,789
430,3894,10
430,3895,11382
430,3896,30
430,3897,65
430,3900,130
430,3901,35
430,3902,10
430,3906,6
430,3908,6
430,3909,135
430,3910,31
430,3911,5
430,3913,5
430,3914,110
430,3916,5
430,3918,1042
430,3919,75
430,3920,33
430,3922,10
430,3923,5
430,3925,105
430,3926,108
430,3927,20
430,3929,20
430,3930,2524
430,3931,242
430,3933,556
430,3934,5
430,3935,15
430,3936,5
430,3937,719
430,3938,6
430,3940,36
430,3941,50
430,3942,119
430,3943,20
430,3944,15
430,3945,1591
430,3946,6
430,3949,216
430,3951,10
430,3953,231
430,3955,347
430,3956,5
430,3957,45
430,3958,564
430,3959,385
430,3960,10
430,3961,75
430,3963,159
430,3965,15
430,3966,15
430,3968,516
430,3969,10
430,3970,1677
430,3974,370
430,3976,335
430,3977,174
430,3978,6
430,3980,294
430,3981,978
430,3982,80
430,3983,6
430,3984,91
430,3985,5
430,3986,50
430,3987,247
430,3989,18
430,3990,51
430,3993,2455
430,3994,21
430,3995,846
430,3997,5
430,3998,50
430,3999,25
430,4000,5
430,4001,97
430,4002,11
430,4003,69
430,4005,385
430,4007,154
430,4008,219
430,4009,715
430,4010,250
430,4011,5
430,4012,95
430,4014,5
430,4015,100
430,4016,68
430,4017,275
430,4019,5
430,4022,284
430,4023,10
430,4024,25
430,4025,330
430,4026,55
430,4027,10
430,4029,15
430,4031,5
430,4032,15
430,4033,53
430,4036,47
430,4037,886
430,4039,27691
430,4040,132
430,4041,45
430,4042,221
430,4043,7922
430,4045,82
430,4046,20
430,4047,10
430,4048,30
430,4051,5
430,4052,5
430,4053,5
430,4054,744
430,4057,5
430,4059,6
430,4060,20
430,4061,103
430,4063,30
430,4064,88
430,4066,5
430,4069,16
430,4070,25
430,4072,52
430,4073,385
430,4074,440
430,4075,603
430,4076,5
430,4077,210
430,4078,15
430,4079,504
430,4080,1431
430,4082,5
430,4083,22
430,4084,175
430,4085,15
430,4086,506
430,4087,20
430,4089,92
430,4090,70
430,4091,50
430,4094,10
430,4096,12
430,4097,17922
430,4098,1076
430,4100,5
430,4104,104
430,4105,198
430,4106,1017
430,4109,27
430,4110,63
430,4111,1179
430,4112,88
430,4113,1585
430,4114,20
430,4115,6
430,4128,469
430,4137,10
430,4138,354
430,4141,155
430,4149,11
430,4150,147284
430,4152,27
430,4159,37
430,4166,5
430,4171,5
430,4173,45
430,4175,5
430,4179,5
430,4181,839
430,4186,55
430,4187,60
430,4196,5
430,4197,5
430,4199,836
430,4201,20
430,4202,930
430,4207,5427
430,4217,10
430,4220,95
430,4227,70
430,4228,10
430,4229,296
430,4231,40
430,4232,128
430,4233,175
430,4234,26
430,4237,12
430,4240,45
430,4243,15
430,4244,65
430,4245,32
430,4247,66
430,4248,5
430,4249,5
430,4252,26
430,4253,156
430,4255,30
430,4257,30
430,4258,5
430,4260,42
430,4261,20
430,4262,40
430,4263,210
430,4264,70
430,4265,49
430,4266,5
430,4269,65
430,4273,20
430,4275,21
430,4277,5
430,4281,18
430,4282,137
430,4284,65
430,4286,15
430,4287,184
430,4289,115
430,4290,110
430,4291,45
430,4292,5
430,4293,10
430,4294,15
430,4295,35
430,4296,35
430,4297,5
430,4298,255
430,4300,43
430,4301,32
430,4303,5
430,4304,10
430,4306,54
430,4307,30
430,4308,16
430,4310,70
430,4312,20
430,4314,1017
430,4315,35
430,4317,10
430,4318,15
430,4319,155
430,4320,435
430,4321,60
430,4322,20
430,4323,40
430,4325,31
430,4326,220
430,4329,5
430,4331,25
430,4332,20
430,4333,20
430,4334,35
430,4336,280
430,4339,5
430,4340,70
430,4341,42
430,4343,6
430,4344,94
430,4345,368
430,4347,35
430,4348,151
430,4349,5
430,4350,60
430,4352,165
430,4353,98
430,4354,5
430,4355,20
430,4356,182
430,4358,5
430,4359,30
430,4361,25
430,4363,90
430,4364,87
430,4366,155
430,4367,15
430,4369,120
430,4370,20
430,4371,15
430,4372,5
430,4376,5
430,4379,105
430,4380,10
430,4383,6145
430,4384,134
430,4385,360
430,4386,82
430,4387,95
430,4388,25
430,4389,306
430,4392,15
430,4393,118
430,4394,2778
430,4395,4045
430,4397,160
430,4398,2414
430,4400,6
430,4401,185
430,4403,55
430,4404,4247
430,4406,135
430,4407,220
430,4408,95
430,4411,1358
430,4412,8574
430,4413,15
430,4415,3322
430,4416,120
430,4417,1441
430,4419,5
430,4421,6230
430,4423,67
430,4424,528
430,4426,35
430,4427,600
430,4429,7207
430,4430,60
430,4431,6
430,4432,10
430,4433,122
430,4435,121
430,4436,182
430,4437,66
430,4438,21
430,4440,301
430,4441,3016
430,4442,1292
430,4443,224
430,4444,18
430,4446,70
430,4447,105
430,4448,76
430,4449,66
430,4451,1553
430,4453,132
430,4454,80
430,4455,376
430,4456,5
430,4457,64
430,4458,132
430,4459,205
430,4461,160
430,4463,50
430,4464,5834
430,4465,5
430,4466,240
430,4467,66
430,4468,60
430,4469,887
430,4470,168
430,4473,906
430,4475,10
430,4476,146
430,4477,928
430,4480,1461
430,4481,151
430,4482,255
430,4483,464
430,4486,2465
430,4487,744
430,4488,106
430,4489,10
430,4490,10
430,4492,200
430,4493,401
430,4495,40
430,4496,175
430,4498,132
430,4499,40
430,4500,11
430,4502,365
430,4504,205
430,4506,99
430,4508,5526
430,4509,418
430,4510,60
430,4514,6
430,4517,567
430,4518,1192
430,4519,107
430,4521,198
430,4522,110
430,4523,50
430,4524,10
430,4525,2377
430,4526,88
430,4527,40
430,4528,147
430,4530,62
430,4531,42
430,4532,121
430,4534,330
430,4539,116
430,4540,55
430,4541,350
430,4542,110
430,4544,114
430,4546,1214
430,4548,88
430,4550,5
430,4551,55
430,4552,497
430,4555,75
430,4556,320
430,4559,337
430,4560,6286
430,4561,275
430,4562,5
430,4563,638
430,4564,6
430,4567,30
430,4568,5
430,4569,286
430,4570,51
430,4571,1765
430,4572,52
430,4573,609
430,4574,2589
430,4577,370
430,4579,75
430,4580,95
430,4581,8843
430,4583,5
430,4584,40
430,4585,3827
430,4586,7832
430,4589,75
430,4591,140
430,4592,215
430,4593,330
430,4595,102
430,4597,95
430,4598,27
430,4599,5
430,4601,12035
430,4604,5
430,4605,21
430,4606,90
430,4607,5
430,4609,11
430,4610,100
430,4611,38
430,4614,20
430,4618,10
430,4623,220
430,4624,34368
430,4625,21499
430,4626,5
430,4628,913
430,4630,110
430,4631,154
430,4632,113
430,4633,220
430,4634,40
430,4635,5
430,4636,836
430,4638,5
430,4642,10
430,4645,7981
430,4646,855
430,4649,116
430,4652,45
430,4653,335
430,4654,20
430,4656,62
430,4657,59
430,4658,5
430,4659,264
430,4661,26
430,4662,80
430,4663,416
430,4664,11
430,4665,1205
430,4667,127
430,4670,303
430,4671,800
430,4672,50
430,4673,20
430,4674,18
430,4675,251
430,4676,10
430,4677,25
430,4678,4
430,4679,264
430,4680,5
430,4682,802
430,4684,239
430,4685,852
430,4687,3047
430,4689,48
430,4690,55
430,4692,30
430,4695,1199
430,4697,2864
430,4698,10
430,4700,10
430,4702,986
430,4703,5
430,4705,5
430,4706,7016
430,4708,960
430,4709,15
430,4710,105
430,4711,110
430,4715,66
430,4716,10
430,4717,20
430,4718,5
430,4720,5
430,4721,5
430,4724,131
430,4727,312
430,4728,41
430,4729,10
430,4730,5
430,4732,30
430,4734,16
430,4735,11
430,4736,55
430,4737,1100
430,4738,30
430,4739,88
430,4742,55
430,4743,10
430,4744,777
430,4745,65
430,4746,1462
430,4747,935
430,4751,20
430,4753,15
430,4754,510
430,4755,814
430,4756,5
430,4757,55
430,4759,420
430,4761,50
430,4762,130456
430,4764,10
430,4765,54
430,4766,350
430,4769,50
430,4770,49934
430,4771,930
430,4773,20
430,4775,20
430,4777,714
430,4778,5
430,4779,30
430,4780,60
430,4782,12
430,4783,33188
430,4784,77
430,4785,20398
430,4786,5764
430,4789,75
430,4790,64
430,4791,5
430,4794,5
430,4795,51
430,4796,474
430,4797,162
430,4799,5
430,4800,5907
430,4801,213
430,4802,79
430,4804,10
430,4805,15
430,4806,10
430,4807,122
430,4808,45
430,4809,77
430,4810,82
430,4812,15
430,4813,120
430,4814,382
430,4815,10
430,4817,40
430,4818,165
430,4819,3409
430,4822,100
430,4824,90
430,4826,150
430,4827,5
430,4830,25
430,4833,73
430,4834,135
430,4835,6
430,4837,35
430,4838,770
430,4839,65
430,4840,30
430,4841,15
430,4842,5
430,4844,395
430,4845,1364
430,4848,165
430,4849,20
430,4850,15
430,4852,667
430,4854,20
430,4855,7070
430,4858,28
430,4862,116
430,4863,50
430,4864,26677
430,4866,40
430,4867,5
430,4868,15
430,4869,220
430,4870,5
430,4871,5
430,4872,5
430,4873,120
430,4875,10
430,4877,20
430,4879,31
430,4880,25
430,4881,506
430,4882,315
430,4883,10
430,4884,165
430,4885,67
430,4887,20
430,4888,20
430,4890,15
430,4892,95
430,4893,20
430,4894,48
430,4895,10
430,4896,12
430,4897,5
430,4898,10
430,4900,30
430,4901,25
430,4902,10
430,4903,233
430,4904,90
430,4905,55
430,4906,5
430,4907,160
430,4908,53
430,4910,66
430,4913,6
430,4918,44
430,4919,35
430,4920,10
430,4921,5
430,4925,100
430,4926,77
430,4927,40
430,4930,174
430,4931,48
430,4932,300
430,4933,6
430,4935,10
430,4936,30
430,4938,35
430,4940,40
430,4941,22
430,4945,7816
430,4946,100
430,4947,3972
430,4951,10
430,4953,32
430,4956,15
430,4958,10
430,4961,212
430,4962,21
430,4963,102
430,4964,35
430,4965,1446
430,4967,351
430,4968,65
430,4970,17
430,4971,818
430,4972,179
430,4973,633
430,4974,22
430,4976,40
430,4978,30
430,4980,25
430,4982,10
430,4983,30
430,4984,15
430,4985,75
430,4987,279
430,4992,12
430,4993,25
430,4994,20
430,4995,20
430,4997,60
430,4998,85
430,5000,10
430,5001,132
430,5007,10
430,5009,20
430,5010,40
430,5011,30
430,5012,85
430,5013,222
430,5016,602
430,5018,85
430,5019,15
430,5020,12
430,5021,30
430,5023,125
430,5024,70
430,5029,20
430,5030,10
430,5031,40
430,5033,90
430,5034,10
430,5035,20
430,5036,10
430,5037,20
430,5040,24826
430,5041,414
430,5043,60
430,5044,40
430,5046,2542
430,5047,15
430,5048,2551
430,5050,5
430,5051,80
430,5052,5
430,5053,6
430,5055,297
430,5056,1906
430,5058,46
430,5060,40
430,5062,330
430,5063,10
430,5064,330
430,5066,1312
430,5067,66
430,5068,400
430,5069,66
430,5072,176
430,5076,217
430,5077,96
430,5083,5
430,5084,1421
430,5085,517
430,5087,395
430,5088,731
430,5089,170
430,5090,363
430,5092,40
430,5097,48
430,5098,60
430,5099,1290
430,5100,121
430,5101,240
430,5103,432
430,5104,925
430,5105,106
430,5106,1772
430,5108,861
430,5109,351
430,5110,8765
430,5111,1397
430,5112,19170
430,5115,55
430,5116,42
430,5117,78
430,5120,551
430,5121,110
430,5122,286
430,5124,66
430,5125,71
430,5126,5
430,5127,5
430,5129,1875
430,5130,50
430,5131,10
430,5132,3084
430,5133,330
430,5135,66
430,5137,77
430,5138,55
430,5140,242
430,5142,10
430,5143,50
430,5144,890
430,5145,15
430,5146,10
430,5148,200
430,5149,124
430,5150,121
430,5151,158
430,5154,280
430,5155,1935
430,5156,10
430,5158,10
430,5159,5
430,5161,495
430,5163,1711
430,5169,5
430,5176,5
430,5177,10
430,5178,5
430,5180,20
430,5182,5475
430,5186,43
430,5188,1200
430,5189,780
430,5190,50
430,5191,778
430,5192,56
430,5193,216
430,5194,274
430,5195,5
430,5197,48
430,5199,6
430,5200,265
430,5203,71
430,5205,30
430,5206,29
430,5207,66
430,5208,6
430,5210,29
430,5214,10
430,5217,195
430,5221,15
430,5223,42
430,5229,220
430,5230,44
430,5231,100
430,5232,1937
430,5233,132
430,5235,198
430,5236,5
430,5238,66
430,5239,110
430,5243,35
430,5247,120
430,5249,5
430,5250,157
430,5251,5
430,5252,355
430,5253,42
430,5254,5
430,5255,5
430,5256,12
430,5258,10
430,5260,121
430,5262,125
430,5263,898
430,5264,825
430,5265,692
430,5266,70
430,5267,163
430,5268,10
430,5275,10
430,5276,5
430,5277,523
430,5280,794
430,5281,330
430,5282,286
430,5283,10
430,5284,110
430,5288,232
430,5290,45
430,5291,25
430,5292,55
430,5293,60
430,5294,28
430,5295,15
430,5296,5
430,5297,30
430,5298,28
430,5299,64
430,5300,135
430,5301,5
430,5302,21
430,5303,20
430,5304,15
430,5305,25
430,5306,25
430,5307,30
430,5308,29
430,5309,10
430,5310,5
430,5312,10
430,5313,15
430,5314,5
430,5316,80
430,5318,20
430,5319,775
430,5321,10
430,5324,887
430,5325,198
430,5326,110
430,5327,116
430,5328,2339
430,5329,20
430,5330,5
430,5331,810
430,5334,1551
430,5335,20
430,5337,120
430,5338,50
430,5342,210
430,5343,11
430,5344,110
430,5345,20
430,5349,5
430,5350,1958
430,5353,25
430,5354,100
430,5357,624
430,5360,26719
430,5361,125
430,5366,55
430,5370,11
430,5373,144
430,5375,30
430,5376,10
430,5377,40
430,5378,1588
430,5379,2226
430,5382,48
430,5383,10
430,5384,2350
430,5385,2764
430,5386,26
430,5387,15
430,5388,443
430,5389,16
430,5390,21
430,5392,40
430,5393,10
430,5394,20
430,5396,5
430,5397,441
430,5399,3691
430,5401,220
430,5405,20
430,5406,7691
430,5407,217
430,5409,5
430,5411,6
430,5412,132
430,5413,2624
430,5414,40
430,5417,25
430,5419,125
430,5421,10
430,5422,40
430,5423,35
430,5424,5
430,5425,40
430,5427,63
430,5428,80
430,5429,275
430,5430,10
430,5431,15
430,5432,57
430,5433,69
430,5434,25
430,5436,15
430,5438,140
430,5444,317
430,5450,1280
430,5451,6
430,5452,330
430,5453,975
430,5454,75
430,5457,1162
430,5458,260
430,5459,102
430,5460,10
430,5461,10
430,5464,40
430,5465,10
430,5466,55
430,5467,330
430,5468,22174
430,5471,84
430,5474,90
430,5476,1647
430,5477,20
430,5479,15
430,5480,5908
430,5486,227
430,5487,5
430,5488,165
430,5489,165
430,5490,1320
430,5491,728
430,5492,35
430,5493,20
430,5495,1855
430,5496,25
430,5499,95
430,5500,5
430,5501,5
430,5503,220
430,5505,5
430,5508,11
430,5509,15
430,5510,5
430,5514,20
430,5516,40
430,5518,10
430,5519,28423
430,5523,658
430,5526,50
430,5527,108
430,5531,5
430,5534,30
430,5536,275
430,5537,5
430,5539,165
430,5541,110
430,5545,15
430,5546,68
430,5547,200
430,5548,5
430,5550,20
430,5551,889
430,5553,90
430,5554,227
430,5556,959
430,5558,6
430,5559,5
430,5562,30
430,5563,15
430,5565,10
430,5567,267
430,5569,5
430,5570,15
430,5571,5
430,5574,94
430,5578,192
430,5579,15
430,5580,10
430,5581,15
430,5582,37142
430,5583,65
430,5584,128
430,5586,30
430,5590,607
430,5591,10
430,5595,3994
430,5596,5
430,5598,6
430,5600,80
430,5601,6
430,5602,55
430,5603,220
430,5604,40
430,5609,127
430,5612,6
430,5613,5
430,5614,1202
430,5615,2155
430,5616,95
430,5617,5
430,5618,20
430,5619,10811
430,5621,10
430,5622,6
430,5624,110
430,5625,110
430,5626,137
430,5627,652
430,5628,20
430,5630,10
430,5633,14
430,5634,30
430,5635,10
430,5636,51
430,5638,27555
430,5641,1375
430,5642,225
430,5644,445
430,5645,165
430,5647,20300
430,5648,20
430,5652,30
430,5653,50
430,5657,5
430,5659,130
430,5660,80
430,5663,349
430,5664,5
430,5665,57
430,5667,230
430,5670,480
430,5673,55
430,5677,2200
430,5679,58
430,5680,10958
430,5682,10
430,5683,11
430,5684,10
430,5686,40
430,5688,10
430,5689,5
430,5690,10
430,5692,49
430,5694,441
430,5695,10
430,5697,51
430,5698,5
430,5700,5
430,5701,23
430,5703,1771
430,5704,5
430,5706,5
430,5707,92
430,5709,11
430,5711,11
430,5714,5
430,5715,385
430,5716,55
430,5719,5
430,5722,20
430,5723,10
430,5724,165
430,5726,5
430,5728,192
430,5731,10
430,5732,5
430,5733,1941
430,5736,6
430,5737,10
430,5739,33
430,5740,10
430,5741,55
430,5742,15
430,5744,5
430,5746,16
430,5751,10
430,5753,5
430,5755,20
430,5757,1116
430,5758,25
430,5759,25
430,5760,5
430,5761,6
430,5763,55
430,5764,86
430,5765,106
430,5767,10
430,5768,35
430,5774,805
430,5777,37
430,5778,5
430,5781,1064
430,5782,12
430,5783,40
430,5787,27
430,5790,20
430,5791,110
430,5793,5
430,5794,5
430,5797,142
430,5800,5
430,5801,5
430,5803,40
430,5804,14992
430,5805,25
430,5807,5
430,5809,10
430,5810,5
430,5812,15
430,5813,193
430,5815,10
430,5816,10
430,5817,537
430,5818,10
430,5819,6
430,5821,55
430,5822,10
430,5825,5
430,5827,5
430,5830,15
430,5832,80
430,5833,11
430,5834,220
430,5837,165
430,5838,5
430,5840,5
430,5842,5
430,5847,5
430,5850,5
430,5853,20
430,5856,37
430,5857,5
430,5859,352
430,5860,55
430,5861,5
430,5863,6
430,5864,5
430,5868,1121
430,5874,5
430,5875,15
430,5876,10
430,5879,50
430,5883,10
430,5885,15
430,5887,5
430,5892,122
430,5893,15
430,5894,440
430,5896,184
430,5897,110
430,5898,10
430,5900,10
430,5902,115
430,5906,5
430,5911,80
430,5912,30
430,5913,5
430,5915,5
430,5916,15
430,5917,40
430,5918,90
430,5919,5
430,5920,30
430,5921,120
430,5922,30
430,5924,23
430,5925,5
430,5926,2843
430,5927,10
430,5928,2211
430,5930,35
430,5931,10
430,5932,12
430,5933,45
430,5936,40
430,5937,54
430,5938,235
430,5939,132
430,5941,15
430,5945,6
430,5946,5
430,5947,20
430,5948,12
430,5950,5
430,5951,10
430,5952,51
430,5953,132
430,5954,5
430,5957,10
430,5958,21
430,5959,105
430,5960,318
430,5961,16
430,5962,86
430,5963,3405
430,5969,10
430,5970,5
430,5971,15
430,5973,205
430,5977,6
430,5978,5
430,5980,1038
430,5981,119
430,5982,35
430,5984,25
430,5986,135
430,5987,70
430,5990,5
430,5992,50
430,5993,20
430,5995,10
430,5997,130
430,5999,10
430,6000,15
430,6001,65
430,6002,6
430,6003,40
430,6007,311
430,6008,145
430,6009,80
430,6010,6
430,6013,40
430,6014,35
430,6015,50
430,6016,220
430,6017,275
430,6018,10
430,6019,55
430,6020,718
430,6024,240
430,6025,5
430,6026,57
430,6027,23
430,6028,15
430,6029,10
430,6030,5
430,6031,10
430,6035,16
430,6036,5
430,6037,96
430,6039,120
430,6041,5
430,6042,6
430,6043,35
430,6044,15
430,6047,27
430,6048,6
430,6049,5
430,6050,5
430,6053,34
430,6055,16
430,6057,62
430,6058,524
430,6059,10
430,6060,5
430,6061,220
430,6062,60
430,6063,142
430,6065,5
430,6066,5
430,6070,5
430,6072,390
430,6074,76
430,6075,5
430,6076,10
430,6078,40
430,6082,25
430,6085,121
430,6088,47
430,6089,6160
430,6090,877
430,6098,66
430,6099,6
430,6101,5
430,6102,168
430,6105,220
430,6111,385
430,6113,16
430,6114,11
430,6116,70
430,6117,40
430,6118,5
430,6119,16
430,6120,20
430,6121,40
430,6124,55
430,6126,283
430,6128,3095
430,6129,64
430,6130,164
430,6131,40
430,6132,175
430,6135,55
430,6136,25
430,6137,556
430,6138,155
430,6140,55
430,6143,110
430,6145,340
430,6147,36
430,6149,10
430,6151,15
430,6152,5
430,6154,21
430,6155,3
430,6158,5
430,6160,15
430,6161,116
430,6163,6
430,6164,1210
430,6166,55
430,6167,120
430,6168,40
430,6171,20
430,6174,5
430,6176,45
430,6178,5
430,6180,50
430,6182,188
430,6184,352
430,6185,135
430,6186,110
430,6188,12
430,6189,1067
430,6190,2072
430,6193,165
430,6194,5
430,6195,193
430,6196,448
430,6197,886
430,6200,140
430,6202,20
430,6204,6
430,6207,50
430,6208,5
430,6210,5
430,6212,5
430,6215,67
430,6217,434
430,6219,30
430,6220,20
430,6221,6
430,6223,176
430,6224,80
430,6226,5
430,6227,5
430,6233,100
430,6234,55
430,6236,687
430,6237,900
430,6239,10
430,6240,30
430,6241,110
430,6242,35
430,6244,55
430,6245,5
430,6246,5
430,6247,200
430,6248,5
430,6250,25
430,6252,83
430,6254,56
430,6255,40
430,6256,26
430,6257,18
430,6259,5
430,6262,62
430,6263,15
430,6267,20
430,6269,25
430,6272,10
430,6274,5
430,6275,5
430,6276,5
430,6277,10
430,6279,42
430,6280,45
430,6281,40
430,6282,86
430,6284,70
430,6285,55
430,6286,10
430,6287,1395
430,6290,5
430,6292,110
430,6294,240
430,6295,5
430,6298,5
430,6299,90
430,6302,275
430,6303,245
430,6304,5
430,6305,20
430,6308,5
430,6309,5
430,6313,60
430,6316,80
430,6318,40
430,6319,100
430,6320,25
430,6323,240
430,6324,10
430,6325,315
430,6326,45
430,6327,5
430,6328,40
430,6330,25
430,6331,21
430,6332,55
430,6333,110
430,6334,767
430,6335,162
430,6336,10
430,6339,60
430,6340,18797
430,6342,20
430,6344,284
430,6346,10
430,6348,5
430,6350,10
430,6353,6
430,6354,5
430,6355,233
430,6356,45
430,6357,210
430,6359,5
430,6362,60
430,6363,10
430,6366,30
430,6369,10
430,6372,5
430,6375,50
430,6376,595
430,6377,30
430,6378,5
430,6384,5
430,6387,2494
430,6391,40
430,6392,428
430,6393,450
430,6394,5
430,6399,110
430,6400,1298
430,6401,20
430,6402,245
430,6407,205
430,6408,78
430,6410,5
430,6413,39
430,6414,65
430,6415,5
430,6416,27
430,6417,15
430,6418,605
430,6420,121
430,6421,55
430,6424,11
430,6426,160
430,6427,1331
430,6428,20
430,6430,5
430,6431,247
430,6432,371
430,6433,55
430,6437,25
430,6438,558
430,6439,12
430,6447,425
430,6448,111
430,6451,330
430,6452,220
430,6456,130
430,6457,55
430,6462,822
430,6463,352
430,6465,95
430,6468,6
430,6470,40
430,6474,444
430,6475,5
430,6481,10
430,6482,80
430,6483,5
430,6484,5
430,6485,610
430,6486,5
430,6487,10
430,6491,6
430,6494,220
430,6496,24
430,6497,15
430,6499,22
430,6500,5
430,6502,50
430,6505,10
430,6506,16
430,6509,20
430,6517,10
430,6518,24
430,6520,6
430,6522,6
430,6523,55
430,6524,352
430,6525,186
430,6526,6
430,6534,6
430,6535,5
430,6536,11
430,6541,415
430,6542,18
430,6544,5
430,6546,110
430,6552,32
430,6553,5
430,6560,396
430,6564,10
430,6565,5
430,6570,5
430,6571,35
430,6576,20
430,6578,10
430,6580,30
430,6581,15
430,6582,12
430,6584,5
430,6586,10
430,6587,5
430,6590,5
430,6592,67
430,6593,311
430,6597,15
430,6599,5
430,6605,454
430,6607,5
430,6608,212
430,6609,10
430,6610,55
430,6611,5
430,6614,46
430,6616,220
430,6618,96
430,6620,30
430,6621,5
430,6622,661
430,6623,178
430,6624,30
430,6626,165
430,6627,100
430,6631,65
430,6633,5
430,6634,511
430,6636,836
430,6638,11
430,6642,48
430,6643,195
430,6644,10
430,6646,55
430,6649,15
430,6659,80
430,6660,10
430,6661,5
430,6662,227
430,6664,5
430,6668,165
430,6671,6
430,6675,5
430,6679,5
430,6684,5
430,6688,5
430,6689,212
430,6692,15
430,6694,10
430,6696,120
430,6698,105
430,6703,48
430,6706,5
430,6709,87
430,6710,175
430,6711,5
430,6712,828
430,6714,65
430,6717,40
430,6718,10
430,6726,158
430,6729,5
430,6730,10
430,6732,100
430,6733,70
430,6736,65
430,6737,5
430,6741,40
430,6742,66
430,6743,255
430,6745,13
430,6747,110
430,6748,121
430,6750,40
430,6753,66
430,6756,55
430,6759,5
430,6760,255
430,6762,1793
430,6764,55
430,6765,5
430,6767,670
430,6768,5
430,6769,10
430,6770,5
430,6772,30
430,6780,12
430,6783,1294
430,6785,6
430,6786,672
430,6788,6
430,6794,55
430,6799,5
430,6801,5
430,6805,20
430,6806,20
430,6807,6
430,6808,110
430,6811,3
430,6814,5
430,6815,10
430,6816,5
430,6818,250
430,6821,165
430,6823,605
430,6826,10
430,6827,6
430,6829,45
430,6831,5
430,6834,110
430,6836,198
430,6840,40
430,6842,55
430,6845,40
430,6848,12
430,6849,55
430,6855,10
430,6856,11
430,6859,35
430,6861,66
430,6864,165
430,6868,20
430,6869,5
430,6871,30
430,6875,318
430,6877,40
430,6885,165
430,6888,66
430,6889,5
430,6893,70
430,6897,31
430,6898,10
430,6899,10
430,6900,55
430,6903,31
430,6916,100
430,6918,1923
430,6923,55
430,6933,228
430,6938,218
430,6939,126
430,6940,121
430,6941,5
430,6944,6
430,6945,52
430,6946,20
430,6948,40
430,6949,10
430,6951,70
430,6952,201
430,6954,95
430,6955,75
430,6956,5
430,6958,60
430,6959,10
430,6960,30
430,6961,20
430,6963,10
430,6964,10
430,6967,70
430,6968,20
430,6969,35
430,6973,94
430,6974,15
430,6976,130
430,6977,20
430,6978,142
430,6979,10
430,6980,5
430,6981,90
430,6982,68
430,6984,40
430,6985,80
430,6986,6
430,6990,510
430,6991,25
430,6993,30
430,6994,30
430,6995,85
430,6996,166
430,6997,20
430,6999,45
430,7000,50
430,7003,10
430,7004,27
430,7006,20
430,7008,5
430,7011,281
430,7012,160
430,7015,60
430,7016,30
430,7023,95
430,7025,70
430,7026,100
430,7027,10
430,7028,23
430,7030,155
430,7032,275
430,7033,45
430,7034,200
430,7038,90
430,7039,75
430,7040,45
430,7041,50
430,7042,215
430,7043,24
430,7044,4
430,7045,17
430,7046,5
430,7047,528
430,7049,12
430,7050,358
430,7051,340
430,7055,5
430,7056,60
430,7057,151
430,7058,20
430,7060,25
430,7062,50
430,7063,20
430,7064,5
430,7067,35
430,7068,35
430,7069,40
430,7073,20
430,7075,443
430,7076,90
430,7077,20
430,7080,55
430,7082,10
430,7083,5
430,7084,115
430,7085,1570
430,7090,5
430,7091,26
430,7093,1
430,7094,21
430,7095,21
430,7096,44
430,7097,10
430,7099,5
430,7101,15
430,7107,110
430,7108,100
430,7110,65
430,7111,30
430,7112,80
430,7115,484
430,7116,25
430,7117,10
430,7118,50
430,7119,20
430,7120,42
430,7123,10
430,7125,20
430,7129,20
430,7130,10
430,7132,75
430,7133,5
430,7139,30
430,7155,21633
430,7156,421
430,7162,20
430,7163,147
430,7164,35
430,7166,10
430,7167,49
430,7169,148
430,7171,10
430,7173,40
430,7175,36
430,7176,32
430,7178,30
430,7179,100
430,7180,108
430,7182,20
430,7183,15
430,7184,10
430,7185,5
430,7186,20
430,7189,127
430,7190,5
430,7191,5
430,7192,122
430,7194,95
430,7195,20
430,7196,234
430,7199,30
430,7200,20
430,7201,5
430,7202,42
430,7203,15
430,7206,51
430,7207,5
430,7208,30
430,7209,10
430,7211,10
430,7212,80
430,7213,15
430,7214,30
430,7215,27
430,7216,20
430,7217,5
430,7219,35
430,7221,30
430,7224,36
430,7225,160
430,7226,20
430,7227,45
430,7230,10
430,7231,25
430,7233,5
430,7234,30
430,7235,30
430,7238,40
430,7239,30
430,7248,1389
430,7251,15
430,7255,135
430,7266,21
430,7273,10
430,7281,5
430,7282,20
430,7289,35
430,7296,11
430,7302,220
430,7304,10
430,7306,5
430,7307,10
430,7309,41
430,7310,6
430,7311,5
430,7313,10
430,7315,20
430,7316,10
430,7317,20
430,7320,20
430,7321,20
430,7322,45
430,7324,10
430,7325,37
430,7326,168
430,7327,15
430,7330,22
430,7334,47
430,7338,75
430,7339,50
430,7343,223
430,7344,20
430,7345,5
430,7346,20
430,7347,25
430,7348,10
430,7349,20
430,7350,40
430,7351,35
430,7352,20
430,7353,140
430,7354,150
430,7355,90
430,7356,25
430,7357,15
430,7358,32
430,7360,67
430,7362,5
430,7363,60
430,7365,10
430,7367,20
430,7368,20
430,7369,10
430,7374,73
430,7375,20
430,7378,10
430,7379,5
430,7380,40
430,7381,35
430,7383,47
430,7384,21
430,7385,20
430,7388,129
430,7389,60
430,7390,10
430,7393,85
430,7394,12
430,7396,100
430,7397,94
430,7399,42
430,7400,65
430,7402,45
430,7403,20
430,7404,42
430,7407,78
430,7408,46
430,7409,5
430,7410,25
430,7412,20
430,7413,20
430,7414,16
430,7415,40
430,7416,20
430,7445,50
430,7454,5
430,7456,10
430,7461,5
430,7466,125
430,7468,15
430,7479,20
430,7487,10
430,7488,20
430,7489,10
430,7490,5
430,7492,20
430,7493,72
430,7494,33
430,7495,15
430,7496,76
430,7497,30
430,7498,10
430,7499,60
430,7500,40
430,7502,5
430,7504,20
430,7505,10
430,7506,10
430,7507,15
430,7508,22
430,7509,20
430,7510,45
430,7512,272
430,7513,20
430,7515,82
430,7517,10
430,7518,4
430,7519,5
430,7521,5
430,7522,20
430,7523,10
430,7525,5
430,7526,10
430,7529,10
430,7531,20
430,7532,479
430,7533,6
430,7535,5
430,7537,43
430,7540,30
430,7541,10
430,7542,5
430,7543,330
430,7544,69
430,7545,12
430,7546,25
430,7548,10
430,7549,36
430,7550,5
430,7551,5
430,7553,10
430,7554,30
430,7555,35
430,7556,30
430,7557,10
430,7561,10
430,7562,40
430,7563,30
430,7566,15
430,7567,75
430,7568,5
430,7569,5
430,7571,15
430,7572,30
430,7573,2
430,7575,20
430,7576,97
430,7577,15
430,7578,20
430,7579,5
430,7580,2
430,7583,15
430,7584,35
430,7585,39
430,7588,61
430,7589,52
430,7590,76
430,7591,15
430,7592,10
430,7594,24
430,7595,5
430,7596,15
430,7597,32
430,7598,15
430,7613,4
430,7622,246
430,7632,5
430,7647,76
430,7650,5
430,7656,12
430,7675,15
430,7680,24
430,7699,25
430,7700,10
430,7701,44
430,7703,20
430,7704,117
430,7705,6
430,7706,20
430,7707,30
430,7708,5
430,7710,30
430,7711,3
430,7712,10
430,7713,84
430,7714,15
430,7715,21
430,7717,105
430,7718,20
430,7719,10
430,7724,18
430,7725,39
430,7728,6
430,7729,12
430,7730,17
430,7732,24
430,7733,6
430,7734,153
430,7737,36
430,7738,20
430,7739,391
430,7741,253
430,7743,10
430,7744,15
430,7747,100
430,7748,72
430,7749,5
430,7751,20
430,7753,10
430,7754,6
430,7756,5
430,7758,36
430,7759,20
430,7763,20
430,7765,15
430,7766,15
430,7770,15
430,7772,30
430,7775,10
430,7777,30
430,7778,35
430,7779,20
430,7783,15
430,7784,30
430,7786,5
430,7790,5
430,7791,42
430,7792,15
430,7793,22
430,7798,5
430,7799,5
430,7800,10
430,7801,24
430,7803,45
430,7804,6
430,7806,12
430,7809,44
430,7811,34
430,7813,48
430,7814,12
430,7815,24
430,7816,24
430,7817,28
430,7818,5
430,7820,6
430,7821,28
430,7822,10
430,7823,12
430,7824,15
430,7826,5
430,7827,15
430,7828,20
430,7844,18
430,7845,6
430,7860,18
430,7877,2199
430,7878,55
430,7900,18
430,7909,24
430,7918,6
430,7923,18
430,7924,24
430,7925,24
430,7926,10
430,7927,11
430,7928,24
430,7931,66
430,7936,18
430,7938,12
430,7939,60
430,7945,24
430,7946,12
430,7947,18
430,7949,24
430,7950,6
430,7951,12
430,7952,29
430,7953,12
430,7957,12
430,7958,12
430,7960,30
430,7961,24
430,7965,18
430,7966,24
430,7968,12
430,7969,24
430,7970,35
430,7972,12
430,7974,6
430,7976,18
430,7977,36
430,7979,12
430,7980,18
430,7981,24
430,7984,36
430,7986,12
430,7988,33
430,7990,18
430,7993,5
430,7998,24
430,8000,30
430,8001,15
430,8002,5
430,8007,15
430,8008,12
430,8009,40
430,8012,20
430,8014,6
430,8016,30
430,8017,36
430,8018,61
430,8019,5
430,8020,18
430,8021,547
430,8022,28
430,8024,5
430,8025,6
430,8026,12
430,8027,25
430,8029,48
430,8050,5
430,8061,66
430,8068,87
430,8072,6
430,8103,12
430,8104,18
430,8106,12
430,8107,30
430,8109,12
430,8110,6
430,8112,12
430,8113,3
430,8114,5
430,8115,24
430,8116,12
430,8117,12
430,8118,12
430,8120,12
430,8121,42
430,8123,12
430,8125,36
430,8128,36
430,8129,24
430,8130,24
430,8131,5
430,8132,6
430,8133,12
430,8134,18
430,8137,12
430,8139,18
430,8140,71
430,8141,17
430,8142,24
430,8143,4
430,8144,6
430,8145,221
430,8146,87
430,8148,30
430,8149,6
430,8153,24
430,8162,36
430,8164,143
430,8165,6
430,8167,12
430,8168,24
430,8169,24
430,8172,18
430,8173,12
430,8174,18
430,8175,12
430,8176,6
430,8180,12
430,8181,6
430,8182,115
430,8184,39
430,8185,30
430,8186,12
430,8187,12
430,8190,6
430,8191,6
430,8192,12
430,8193,6
430,8194,266
430,8197,30
430,8199,6
430,8200,18
430,8201,12
430,8203,42
430,8204,5
430,8205,18
430,8206,6
430,8207,24
430,8208,18
430,8214,24
430,8215,36
430,8216,12
430,8217,24
430,8218,10
430,8219,12
430,8220,12
430,8221,30
430,8223,24
430,8225,24
430,8226,24
430,8227,24
430,8228,58
430,8229,6
430,8230,6
430,8231,18
430,8232,12
430,8236,18
430,8237,24
430,8239,12
430,8240,18
430,8241,165
430,8242,36
430,8243,13
430,8245,12
430,8247,12
430,8249,12
430,8250,5
430,8251,12
430,8252,24
430,8254,3
430,8255,12
430,8256,6
430,8258,44
430,8259,36
430,8260,6
430,8263,10
430,8264,18
430,8265,24
430,8266,12
430,8269,6
430,8270,12
430,8271,24
430,8272,12
430,8273,12
430,8275,12
430,8276,18
430,8277,12
430,8279,12
430,8280,12
430,8281,30
430,8283,106
430,8285,42
430,8286,12
430,8287,42
430,8288,12
430,8289,12
430,8290,12
430,8293,12
430,8294,52
430,8298,117
430,8300,6
430,8302,18
430,8303,32
430,8304,6
430,8306,12
430,8307,107
430,8310,36
430,8311,12
430,8312,36
430,8313,36
430,8314,12
430,8317,24
430,8319,12
430,8320,6
430,8321,18
430,8323,12
430,8324,24
430,8325,6
430,8326,18
430,8327,2
430,8328,24
430,8329,12
430,8330,175
430,8331,36
430,8334,24
430,8335,12
430,8336,12
430,8337,47
430,8339,12
430,8340,12
430,8341,24
430,8342,30
430,8343,23
430,8348,20
430,8349,5
430,8350,5
430,8370,2
430,8387,18
430,8429,5
430,8431,5
430,8439,11
430,8470,93
430,8473,80
430,8480,6
430,8481,15
430,8482,30
430,8483,15
430,8484,5
430,8485,10
430,8486,15
430,8487,20
430,8489,10
430,8491,15
430,8492,10
430,8495,20
430,8497,28
430,8498,20
430,8500,6
430,8501,10
430,8504,10
430,8505,5
430,8506,10
430,8507,15
430,8509,12
430,8510,5
430,8511,20
430,8515,5
430,8516,10
430,8519,15
430,8520,20
430,8521,20
430,8524,10
430,8526,10
430,8527,5
430,8528,29
430,8529,10
430,8530,10
430,8531,10
430,8533,15
430,8535,10
430,8539,30
430,8540,10
430,8542,15
430,8543,15
430,8544,30
430,8547,8
430,8548,15
430,8551,30
430,8552,5
430,8554,12
430,8557,10
430,8558,20
430,8559,20
430,8561,45
430,8562,45
430,8563,12
430,8565,20
430,8568,20
430,8569,20
430,8571,12
430,8572,5
430,8574,5
430,8575,10
430,8576,10
430,8577,10
430,8580,20
430,8582,15
430,8583,20
430,8586,10
430,8588,15
430,8589,13
430,8590,150
430,8591,33
430,8594,20
430,8595,10
430,8596,30
430,8597,10
430,8598,10
430,8600,20
430,8602,20
430,8604,10
430,8605,16
430,8607,10
430,8608,20
430,8609,30
430,8612,15
430,8613,10
430,8616,15
430,8619,10
430,8620,20
430,8624,10
430,8625,20
430,8627,20
430,8631,20
430,8634,70
430,8639,23
430,8640,5
430,8641,10
430,8642,44
430,8643,10
430,8645,20
430,8648,30
430,8650,10
430,8651,5
430,8652,30
430,8653,20
430,8654,161
430,8655,15
430,8656,10
430,8657,58
430,8659,10
430,8662,5
430,8663,40
430,8666,12
430,8667,6
430,8668,12
430,8669,12
430,8673,48
430,8675,5
430,8677,20
430,8679,10
430,8681,5
430,8763,114
430,8769,44
430,8782,6
430,8799,12
430,8802,40
430,8803,10
430,8805,36
430,8806,5
430,8809,12
430,8811,10
430,8814,10
430,8818,5
430,8819,5
430,8822,86
430,8827,5
430,8842,5
430,8893,10
430,8929,12
430,8931,24
430,8933,120
430,8934,51
430,8935,10
430,8943,24
430,8944,30
430,8946,559
430,8947,5
430,8948,12
430,8951,6
430,8952,15
430,9015,20
430,9020,4
430,9023,495
430,9024,65
430,9025,245
430,9026,30
430,9027,135
430,9028,60
430,9029,45
430,9031,15
430,9032,5
430,9033,200
430,9035,5
430,9037,10
430,9039,226
430,9040,60
430,9041,20
430,9042,140
430,9043,75
430,9044,50
430,9045,110
430,9046,40
430,9047,5
430,9049,115
430,9050,5
430,9051,5
430,9052,23
430,9054,3225
430,9056,4
430,9057,160
430,9058,5
430,9060,5
430,9063,295
430,9065,20
430,9066,20
430,9067,25
430,9068,10
430,9069,90
430,9070,120
430,9071,25
430,9072,30
430,9073,35
430,9074,100
430,9075,160
430,9076,10
430,9077,200
430,9078,10
430,9079,5
430,9080,40
430,9081,10
430,9082,20
430,9083,6
430,9084,640
430,9085,40
430,9086,40
430,9087,100
430,9088,235
430,9089,20
430,9091,242
430,9092,10
430,9093,58
430,9094,15
430,9095,5
430,9096,50
430,9097,5
430,9098,30
430,9099,20
430,9100,20
430,9101,115
430,9102,300
430,9103,75
430,9104,1254
430,9105,55
430,9106,5
430,9107,25
430,9108,5
430,9109,5
430,9110,30
430,9111,120
430,9112,20
430,9114,60
430,9115,20
430,9117,20
430,9118,10
430,9119,5
430,9120,10
430,9121,40
430,9123,240
430,9124,30
430,9125,10
430,9126,20
430,9127,10
430,9129,5
430,9130,10
430,9131,5
430,9132,35
430,9133,20
430,9134,632
430,9135,10
430,9138,5
430,9139,50
430,9140,20
430,9141,30
430,9142,5
430,9143,15
430,9144,20
430,9146,10
430,9147,105
430,9148,5
430,9149,5
430,9150,16
430,9151,20
430,9152,2
430,9153,5
430,9154,25
430,9155,160
430,9156,10
430,9157,110
430,9158,20
430,9159,10
430,9160,10
430,9161,56
430,9162,132
430,9163,3352
430,9166,110
430,9171,55
430,9173,2310
430,9174,259
430,9176,50
430,9177,29
430,9178,784
430,9180,3927
430,9181,13804
430,9182,330
430,9183,55
430,9184,200
430,9185,66
430,9187,245
430,9189,55
430,9190,308
430,9191,1947
430,9192,198
430,9193,80
430,9194,40
430,9195,782
430,9196,331
430,9197,40
430,9198,55
430,9199,1029
430,9200,55
430,9201,443
430,9202,1778
430,9203,48
430,9204,74
430,9206,1284
430,9207,121
430,9209,55
430,9210,601
430,9213,40
430,9215,535
430,9216,375
430,9217,5
430,9218,1067
430,9222,15
430,9223,55
430,9224,477
430,9226,165
430,9229,48
430,9230,40
430,9232,400
430,9234,11
430,9236,180
430,9237,56
430,9238,1191
430,9239,121
430,9240,715
430,9244,66
430,9245,487
430,9246,55
430,9247,66
430,9249,416
430,9252,6
430,9254,462
430,9255,168
430,9257,5
430,9258,55
430,9259,10
430,9260,42
430,9261,440
430,9262,790
430,9263,121
430,9264,119
430,9265,80
430,9266,1047
430,9269,480
430,9271,1424
430,9272,1896
430,9273,139
430,9274,186
430,9275,1201
430,9276,132
430,9278,200
430,9279,352
430,9280,40
430,9281,17
430,9284,381
430,9285,80
430,9286,574
430,9289,6
430,9291,119
430,9292,40
430,9293,360
430,9294,5
430,9295,162
430,9297,149
430,9298,158
430,9299,114
430,9300,48
430,9301,15
430,9303,345
430,9305,55
430,9306,35
430,9307,144
430,9308,288
430,9309,759
430,9310,990
430,9311,49
430,9312,348
430,9313,5
430,9314,6
430,9315,630
430,9316,231
430,9317,105
430,9319,20
430,9322,66
430,9323,27
430,9324,671
430,9326,253
430,9327,433
430,9328,88
430,9329,55
430,9330,1162
430,9331,325
430,9332,4684
430,9334,35
430,9335,6
430,9338,5
430,9339,6
430,9342,323
430,9343,6
430,9345,100
430,9348,88
430,9350,66
430,9351,535
430,9353,300
430,9354,110
430,9355,1955
430,9356,55
430,9357,162
430,9358,10
430,9359,158
430,9360,253
430,9361,424
430,9365,594
430,9366,22
430,9369,1000
430,9370,16
430,9371,718
430,9373,445
430,9374,320
430,9378,2276
430,9379,55
430,9381,330
430,9382,5
430,9383,150
430,9384,50
430,9385,224
430,9386,200
430,9388,48
430,9389,1922
430,9390,132
430,9391,358
430,9392,110
430,9393,9724
430,9394,915
430,9396,5
430,9398,341
430,9400,132
430,9403,121
430,9405,5
430,9409,561
430,9410,115
430,9411,619
430,9413,110
430,9415,80
430,9417,2677
430,9418,44
430,9419,66
430,9423,40
430,9424,100
430,9425,48
430,9427,265
430,9429,255
430,9430,110
430,9431,594
430,9432,165
430,9434,726
430,9435,286
430,9437,247
430,9438,95
430,9439,458
430,9440,114
430,9441,160
430,9442,66
430,9444,170
430,9445,40
430,9446,1761
430,9448,50
430,9449,40
430,9450,105
430,9455,103
430,9457,106
430,9460,340
430,9461,1075
430,9462,48
430,9463,587
430,9464,5
430,9465,48
430,9467,11
430,9468,695
430,9469,323
430,9470,110
430,9476,242
430,9477,42
430,9478,66
430,9479,85
430,9480,289
430,9481,66
430,9482,40
430,9483,253
430,9486,80
430,9487,35
430,9488,88
430,9489,40
430,9490,144
430,9491,301
430,9492,15
430,9493,220
430,9495,176
430,9497,114
430,9498,10
430,9499,175
430,9500,33
430,9501,131
430,9503,2626
430,9505,110
430,9506,640
430,9507,55
430,9509,11
430,9510,110
430,9511,6
430,9512,185
430,9513,95
430,9516,120
430,9517,40
430,9518,108
430,9519,66
430,9520,121
430,9521,66
430,9522,23
430,9524,114
430,9525,6
430,9526,198
430,9532,903
430,9535,121
430,9536,158
430,9537,177
430,9538,295
430,9540,56
430,9541,5
430,9544,208
430,9545,407
430,9546,110
430,9548,591
430,9549,114
430,9550,814
430,9552,40
430,9553,165
430,9554,485
430,9555,180
430,9556,132
430,9557,750
430,9559,6
430,9564,5
430,9565,5
430,9568,70
430,9569,40
430,9571,677
430,9573,55
430,9574,55
430,9575,810
430,9576,15
430,9579,60
430,9581,280
430,9583,96
430,9584,66
430,9585,55
430,9586,890
430,9587,55
430,9588,40
430,9591,31
430,9592,90
430,9593,55
430,9596,10
430,9597,11
430,9601,161
430,9602,6
430,9607,5
430,9608,147
430,9609,110
430,9610,285
430,9612,48
430,9616,80
430,9617,48
430,9618,110
430,9621,5
430,9622,869
430,9623,66
430,9625,30
430,9626,165
430,9627,302
430,9628,88
430,9629,55
430,9630,128
430,9632,184
430,9633,5
430,9634,6
430,9635,540
430,9639,121
430,9641,778
430,9643,132
430,9644,374
430,9648,160
430,9650,240
430,9651,6
430,9652,150
430,9654,80
430,9655,356
430,9656,467
430,9658,6
430,9659,60
430,9662,1584
430,9664,60
430,9665,66
430,9667,121
430,9668,42
430,9669,42
430,9670,55
430,9671,55
430,9676,50
430,9677,45
430,9680,396
430,9684,48
430,9686,55
430,9687,6
430,9689,110
430,9690,40
430,9691,60
430,9692,5485
430,9696,165
430,9698,556
430,9700,55
430,9701,528
430,9702,85
430,9703,169
430,9704,165
430,9705,200
430,9706,55
430,9708,48
430,9709,55
430,9711,153
430,9712,55
430,9713,66
430,9714,10
430,9716,66
430,9717,28
430,9718,20
430,9719,1578
430,9720,66
430,9722,6
430,9723,36
430,9729,75
430,9730,25
430,9732,48
430,9733,150
430,9736,88
430,9739,45
430,9741,11
430,9743,40
430,9745,55
430,9746,253
430,9748,11
430,9749,12
430,9750,20
430,9751,187
430,9753,50
430,9754,66
430,9755,236
430,9756,110
430,9759,224
430,9763,66
430,9769,121
430,9771,528
430,9772,80
430,9774,528
430,9775,48
430,9777,88
430,9778,950
430,9782,48
430,9786,66
430,9790,22
430,9791,4
430,9792,6
430,9796,95
430,9800,66
430,9807,66
430,9808,6
430,9810,594
430,9814,66
430,9818,6
430,9820,55
430,9826,66
430,9831,110
430,9838,55
431,200,40
431,386,17
431,458,2845
431,847,728
431,994,1
431,1029,200
431,1034,455
431,1129,15
431,1189,50
431,1238,1350
431,1326,1752
431,1354,20
431,1362,80
431,1388,240
431,1598,25
431,1665,20
431,2257,120
431,2352,28
431,2394,25
431,2457,71
431,4117,200
431,4122,1
431,4164,25
431,4182,100
431,4201,105
431,4205,20
431,4949,30
431,6928,6
431,6933,60
431,7293,25
431,7298,25
431,7669,100
431,7848,24
431,7899,6
431,7918,8
431,8040,72
431,8043,48
431,8870,125
431,9001,25
431,9747,24
432,9,40
432,20,25
432,29,551
432,69,30
432,108,25
432,154,892
432,155,55
432,156,1358
432,157,909
432,203,30
432,255,30
432,259,450
432,287,60
432,345,50
432,356,1500
432,369,20
432,374,339
432,381,25
432,401,30
432,434,50
432,436,25
432,753,25
432,764,36
432,776,25
432,800,35
432,815,160
432,871,20
432,898,100
432,1037,40
432,1045,5
432,1051,25
432,1054,130
432,1059,2115
432,1077,25
432,1089,75
432,1096,55
432,1120,30
432,1124,20
432,1148,75
432,1168,162
432,1209,138
432,1213,25
432,1217,25
432,1304,75
432,1340,415
432,1369,80
432,1381,150
432,1384,25
432,1397,50
432,1413,24
432,1530,20
432,1557,25
432,1588,175
432,1609,150
432,1614,75
432,1624,20
432,1631,20
432,1640,150
432,1758,150
432,1772,25
432,1815,50
432,1817,60
432,1843,25
432,1875,33
432,1890,350
432,1927,225
432,2154,50
432,2162,50
432,2229,60
432,2252,100
432,2267,55
432,2297,6
432,2330,50
432,2368,25
432,2463,165
432,2534,120
432,2644,30
432,2701,25
432,2798,55
432,2845,40
432,2856,200
432,2877,155
432,2948,50
432,3103,50
432,3108,25
432,3111,85
432,3128,325
432,3159,30
432,3168,12
432,3458,100
432,3486,60
432,4387,75
432,4407,232
432,4434,25
432,4470,25
432,4483,30
432,4497,75
432,9167,25
432,9172,55
432,9317,10
432,9323,30
432,9421,380
432,9471,55
432,9649,50
432,9652,55
432,9721,42
433,360,78
433,455,25
433,517,99
433,779,315
433,791,100
433,792,112
433,881,429
433,934,328
433,1068,4506
433,1304,60
433,1834,15
433,1843,70
433,1883,30
433,1908,1066
433,2224,131
433,2284,30
433,2297,136
433,2784,210
433,2886,65
433,3183,51
433,4407,2694
433,4541,65
433,9204,354
433,9334,5
433,9463,312
433,9510,11
433,9528,30
433,9540,53
437,213,56
437,518,990
437,649,1
437,767,465
437,829,275
437,847,50
437,864,165
437,886,75
437,1025,20
437,1125,565
437,1194,25
437,1337,600
437,1354,440
437,1374,1520
437,1681,3290
437,1707,10
437,1853,775
437,2255,50
437,2260,125
437,2361,25
437,2366,675
437,2367,504
437,2372,680
437,2380,1500
437,2381,275
437,2382,25
437,2383,660
437,2387,400
437,2395,25
437,2412,25
437,2418,4186
437,2419,400
437,2421,275
437,2424,1089
437,2427,655
437,2428,189
437,2429,145
437,2435,215
437,2436,3975
437,2438,400
437,2439,25
437,2445,125
437,2451,125
437,2454,25
437,2460,50
437,3562,50
437,4121,50
437,4122,1
437,4130,180
437,4133,225
437,4136,150
437,4138,125
437,4140,50
437,4146,100
437,4148,75
437,4151,1750
437,4152,25
437,4154,2205
437,4158,715
437,4160,375
437,4161,225
437,4162,100
437,4163,95
437,4165,245
437,4166,25
437,4170,750
437,4172,791
437,4173,20
437,4174,20
437,4177,500
437,4178,50
437,4179,90
437,4185,25
437,4190,25
437,4191,180
437,4192,625
437,4194,165
437,4197,25
437,4198,995
437,4204,70
437,4208,360
437,4212,80
437,4213,375
437,4216,25
437,4218,25
437,4567,60
437,4954,25
437,4960,75
437,5204,25
437,6917,75
437,6926,75
437,7011,200
437,7089,50
437,7138,125
437,7142,75
437,7146,25
437,7151,250
437,7153,100
437,7154,60
437,7158,475
437,7245,955
437,7252,50
437,7254,25
437,7256,50
437,7257,75
437,7259,20
437,7260,75
437,7265,100
437,7267,25
437,7272,420
437,7276,1224
437,7277,75
437,7279,25
437,7283,220
437,7295,130
437,7297,50
437,7299,125
437,7303,615
437,7418,100
437,7425,25
437,7431,25
437,7434,55
437,7435,445
437,7438,50
437,7439,50
437,7440,125
437,7441,75
437,7443,55
437,7444,100
437,7449,75
437,7452,55
437,7453,200
437,7455,50
437,7457,180
437,7462,75
437,7463,50
437,7465,125
437,7467,466
437,7471,25
437,7477,1100
437,7484,250
437,7637,25
437,7639,75
437,7646,30
437,7652,60
437,7654,75
437,7655,20
437,7658,50
437,7659,120
437,7660,25
437,7662,25
437,7663,25
437,7664,25
437,7668,165
437,7670,25
437,7673,100
437,7677,100
437,7679,475
437,7683,25
437,7685,30
437,7687,180
437,7692,30
437,7830,60
437,7834,90
437,7840,54
437,7855,108
437,7856,30
437,7859,90
437,7862,30
437,7868,90
437,7870,60
437,7873,108
437,7887,30
437,7888,234
437,7890,96
437,7893,30
437,7908,90
437,7914,30
437,7915,30
437,8035,120
437,8036,30
437,8038,60
437,8044,30
437,8045,90
437,8046,30
437,8051,145
437,8065,30
437,8074,60
437,8075,48
437,8078,120
437,8086,30
437,8093,30
437,8095,30
437,8096,75
437,8098,120
437,8366,60
437,8379,120
437,8396,50
437,8402,25
437,8408,30
437,8415,25
437,8430,85
437,8432,25
437,8449,75
437,8453,25
437,8459,30
437,8465,20
437,8692,245
437,8699,50
437,8704,50
437,8707,25
437,8709,85
437,8716,25
437,8727,25
437,8748,75
437,8752,25
437,8754,50
437,8829,75
437,8893,30
437,8907,25
437,8923,25
437,8965,25
437,8996,30
437,9003,30
437,9005,54
441,3776,242
441,9275,997
442,4506,55
442,9319,55
446,2766,15
447,37,25
447,59,171
447,151,50
447,437,3440
447,748,20
447,802,55
447,856,9798
447,1158,775
447,1166,3870
447,1200,25
447,1312,34
447,1398,2569
447,1707,495
447,1769,286
447,1800,3445
447,1847,2210
447,1863,100
447,1921,11541
447,1953,50
447,2259,1425
447,2348,690
447,2356,2545
447,2362,600
447,2414,145
447,2416,2894
447,2428,5
447,2469,125
447,2478,8736
447,2488,4851
447,2500,560
447,2503,2253
447,2509,4496
447,2512,10170
447,2520,425
447,2521,10
447,2529,75
447,2672,600
447,2674,225
447,2784,3765
447,2852,60
447,3006,25
447,3142,5
447,3562,169
447,3617,50
447,3885,2770
447,4066,705
447,4116,75
447,4128,1975
447,4155,300
447,4167,6541
447,4168,20
447,4188,358
447,4207,100
447,4236,50
447,4264,980
447,4273,405
447,4288,1009
447,4300,69
447,4314,751
447,4336,14926
447,4338,511
447,4456,85
447,4470,388
447,4474,75
447,4567,75
447,4588,150
447,4595,721
447,4746,420
447,4855,495
447,4948,200
447,5012,130
447,5130,300
447,5203,25
447,5218,100
447,5220,25
447,5225,50
447,5226,25
447,5227,75
447,5351,15
447,5528,128
447,5556,100
447,5574,90
447,5602,25
447,5641,1890
447,5663,210
447,5674,25
447,6067,90
447,6106,25
447,6280,175
447,6538,25
447,6715,80
447,6913,695
447,6922,175
447,6936,415
447,6953,346
447,6957,463
447,6980,2683
447,6986,1405
447,6987,3478
447,6989,3826
447,7010,475
447,7035,1100
447,7051,110
447,7114,5735
447,7140,515
447,7141,470
447,7143,1193
447,7150,300
447,7156,60
447,7174,724
447,7222,1607
447,7241,345
447,7248,799
447,7284,200
447,7285,506
447,7289,45
447,7293,50
447,7310,1413
447,7391,356
447,7395,143
447,7399,1008
447,7460,50
447,7468,110
447,7476,345
447,7503,4719
447,7520,20
447,7543,343
447,7552,85
447,7613,437
447,7630,50
447,7635,25
447,7638,90
447,7648,330
447,7661,20
447,7681,18
447,7695,30
447,7704,825
447,7780,2313
447,7837,90
447,7851,175
447,7854,765
447,7861,1804
447,7913,84
447,8001,3898
447,8003,3740
447,8043,60
447,8071,60
447,8088,24
447,8091,54
447,8202,1992
447,8267,10680
447,8283,4697
447,8322,355
447,8381,60
447,8390,346
447,8395,50
447,8422,25
447,8425,50
447,8434,515
447,8435,50
447,8437,75
447,8442,100
447,8447,75
447,8448,50
447,8458,25
447,8581,150
447,8684,840
447,8715,25
447,8726,95
447,8735,828
447,8747,45
447,8755,125
447,8756,90
447,8760,75
447,8777,141
447,8837,125
447,8842,20
447,8865,221
447,8881,30
447,8897,60
447,8900,110
447,8920,75
447,8925,90
447,8946,2896
447,8953,25
447,8963,75
447,8966,25
447,8986,50
447,9379,25
447,9391,1178
447,9710,55
449,5095,25
451,254,10
451,1025,50
451,2372,100
451,2382,725
451,2393,20
451,2424,1690
451,2427,120
451,2428,106
451,2442,100
451,2451,590
451,4137,85
451,4151,50
451,4158,45
451,4192,50
451,4198,55
451,4567,25
451,4960,100
451,5210,30
451,5556,133
451,6063,25
451,6914,425
451,6916,540
451,7146,50
451,7158,20
451,7241,110
451,7276,15
451,7295,85
451,7296,55
451,7426,185
451,7436,100
451,7455,290
451,7465,50
451,7471,25
451,7650,20
451,7675,65
451,7679,125
451,7685,68
451,7860,78
451,7890,54
451,8044,60
451,8051,25
451,8429,20
451,8449,20
451,8459,30
451,8716,25
452,43,25
452,798,20
452,1803,77
452,3100,86
452,5159,60
458,431,10
458,994,1
458,1326,20
458,2353,400
458,4122,11
460,130,122
460,2522,78
460,7609,55
460,7622,36
461,1025,25
461,1883,25
461,1927,25
461,9362,25
461,9540,10
462,645,26
462,1927,25
462,2075,60
462,4567,325
463,12,60
463,145,224
463,208,11
463,253,60
463,270,6
463,271,46
463,290,220
463,294,4846
463,299,2863
463,306,159
463,309,399
463,392,54
463,403,782
463,405,141
463,416,10
463,464,39970
463,483,4836
463,492,15
463,505,5
463,592,129
463,607,4217
463,612,42
463,642,1300
463,649,8798
463,666,6733
463,676,35375
463,689,1115
463,712,25
463,725,993
463,735,776
463,754,95
463,821,36
463,826,40
463,831,30
463,1010,45
463,1102,1131
463,1111,35
463,1263,16
463,1425,383
463,1426,634
463,1430,290
463,1506,4936
463,1620,545
463,1645,384
463,1707,202
463,1736,421
463,1983,281
463,2033,116
463,2075,520
463,2081,1411
463,2237,201
463,2676,200
463,2784,1027
463,2990,21
463,3269,868
463,3276,3447
463,3281,1780
463,3284,390
463,3285,30
463,3297,1228
463,3704,1682
463,3718,35
463,3722,13
463,3731,1305
463,3737,1529
463,3748,10
463,3760,312
463,4432,50
463,4470,45
463,4513,11
463,4567,340
463,4595,116
463,4625,1018
463,4670,524
463,4770,2922
463,4786,2293
463,4824,455
463,5130,10
463,5158,30
463,5186,245
463,5200,734
463,5203,105
463,5258,5
463,5264,30
463,5267,198
463,5328,2670
463,5409,51
463,5469,146
463,5556,80
463,5582,3149
463,5606,20
463,5615,376
463,5636,296
463,5641,65
463,5663,726
463,5682,194
463,5742,45
463,6063,56
463,6123,60
463,6227,15
463,9391,1372
463,9424,24
463,9554,79
464,200,228
464,300,9575
464,392,5
464,487,692
464,670,2740
464,693,2161
464,808,12
464,826,35
464,1111,77
464,1171,5
464,1290,111
464,1390,85
464,1448,146
464,1452,3080
464,1464,520
464,1495,130
464,1504,1059
464,1620,26
464,1624,20
464,1628,10
464,1645,114
464,1736,2028
464,1839,5
464,1882,20
464,2022,1295
464,2070,25
464,2229,65
464,2667,5
464,2676,60
464,2784,451
464,2872,236
464,3120,5
464,3297,54
464,3306,10
464,3717,234
464,3756,105
464,3757,40
464,3778,415
464,4470,15
464,4618,460
464,4766,265
464,4840,60
464,4896,480
464,5341,10
464,5366,210
464,5537,395
464,5606,15
464,5774,55
464,9465,72
464,9711,36
466,5278,100
471,2048,548
476,2005,60
477,1503,15
477,1987,20
477,4779,100
481,9,115
481,200,485
481,287,125
481,696,20
481,939,30
481,1174,30
481,1427,202
481,1442,1367
481,1707,351
481,1811,50
481,2031,435
481,3287,255
481,3306,40
481,3307,540
481,3332,25
481,3735,185
481,3741,80
481,4426,25
481,4567,165
481,4655,50
481,4658,20
481,4667,290
481,4771,125
481,4784,308
481,5087,10
481,5370,44
481,5390,145
481,5393,65
481,5493,80
481,5543,200
481,5555,30
481,5570,45
481,5600,30
481,5603,25
481,5621,20
481,5657,70
481,5774,5
483,208,10
483,732,5
483,1010,15
483,1758,5
483,1800,1188
483,2046,3484
483,2049,2375
483,2075,225
483,3288,468
483,3310,6306
483,3318,9672
483,3704,264
483,3730,36
483,3760,2350
483,4567,55
483,5123,1032
483,5262,1140
483,5272,322
483,5648,50
483,9424,210
484,2075,105
485,2067,30
485,3750,280
485,4772,65
490,268,2177
491,1997,3545
491,2035,475
491,3716,105
491,5863,30
492,1025,30
498,2054,346
498,3264,60
498,4606,200
498,5758,80
501,1484,120
501,4821,20
505,15,15
505,90,85
505,1416,110
505,1991,125
505,2035,35
505,3321,130
505,3704,60
505,3713,10
505,3714,80
505,3716,350
505,4567,370
505,4761,30
505,4792,951
505,5328,210
505,5553,25
505,5556,72
505,5638,5
505,5663,60
505,5664,20
505,5713,50
505,5813,100
505,5863,10
505,5902,40
505,9424,40
507,9747,55
508,3436,55
511,938,264
514,449,336
514,777,46312
514,947,7650
514,1662,18116
514,1670,192
519,151,10
519,180,5
519,527,364
519,539,825
519,939,105
519,1299,30
519,1509,202
519,1645,265
519,1761,1439
519,1827,365
519,1972,10
519,2670,90
519,2672,23
519,2674,20
519,2783,348
519,2818,105
519,2941,40
519,2952,2318
519,2953,290
519,2954,3518
519,3124,40
519,3452,55
519,4470,25
519,4855,5
519,9540,35
522,2810,30
522,9186,25
524,353,30
527,1025,20
528,371,100
528,521,25
528,1978,20
528,9273,251
529,8090,85
531,3488,4177
536,214,420
536,351,30
536,533,1489
536,534,2946
536,535,924
536,4774,995
536,5070,60
539,2784,25
542,113,425
542,232,75
542,1025,50
542,1736,1204
542,1927,150
542,2676,250
542,7602,15
543,2472,8703
543,2499,65
543,2500,4722
543,4232,1154
543,4339,2240
543,4970,70
543,4984,4003
543,6944,110
543,6955,602
543,7029,50
543,7077,48
543,7085,2496
543,7115,606
543,7416,25
543,7542,745
543,8001,2997
543,8021,1603
545,6,25
545,127,30
545,130,35
545,200,2684
545,345,50
545,358,100
545,382,25
545,384,51
545,427,365
545,463,989
545,622,25
545,776,60
545,826,190
545,831,5
545,939,60
545,973,5
545,1010,10
545,1019,5
545,1037,40
545,1053,20
545,1111,233
545,1113,50
545,1146,60
545,1174,12
545,1258,15
545,1277,625
545,1305,25
545,1358,25
545,1379,25
545,1464,660
545,1604,5
545,1624,265
545,1736,6
545,1747,100
545,1758,320
545,1815,5
545,1819,100
545,1863,5
545,1874,10
545,2209,100
545,2581,70
545,2625,15
545,2649,130
545,2667,235
545,2697,100
545,2784,425
545,2802,50
545,2830,5
545,2845,25
545,3120,100
545,3458,50
545,3507,25
545,3640,30
545,3819,60
545,3926,54
545,4018,10
545,4024,10
545,4053,50
545,4058,20
545,4426,70
545,4432,20
545,4484,360
545,4497,100
545,4513,55
545,4555,35
545,4595,30
545,4749,30
545,4826,30
545,4859,25
545,5247,45
545,5403,24
545,5413,238
545,5436,24
545,5554,30
545,5576,50
545,5729,125
545,5985,25
545,6056,25
545,6063,25
545,6067,10
545,6123,66
545,6133,24
545,6144,5
545,6249,10
545,6280,120
545,6339,144
545,6367,10
545,6434,20
545,6455,20
545,6459,10
545,6619,50
545,6702,45
545,6735,20
545,6825,25
545,9167,50
545,9342,15
545,9626,75
545,9649,25
545,9693,20
545,9756,25
548,3544,20
550,2128,1165
550,2993,228
550,3935,840
550,4726,10
554,3502,60
556,974,130
556,1025,25
557,6,30
557,564,80
557,735,160
557,1736,68
557,2075,20
557,2601,25
557,3047,20
557,3344,34
557,3573,15
557,3886,231
557,5641,33
557,6246,37
557,6321,20
557,6641,66
563,2139,350
563,3562,50
563,3603,165
563,6369,35
565,547,240
565,561,30
565,577,10
569,6,25
569,607,994
569,1676,25
569,1743,25
569,1800,25
569,2075,75
569,3198,23310
569,4066,25
569,4567,75
569,5556,25
569,5606,25
569,5641,54
569,5648,25
569,5663,150
569,6063,25
569,6339,30
570,1624,125
570,3963,204
570,3990,502
570,5574,90
570,5994,10
570,6046,25
570,6520,6
573,260,24
573,330,5810
573,387,5
573,607,35
573,614,4498
573,673,3520
573,735,55
573,1025,70
573,1166,715
573,1426,11848
573,1800,2931
573,2075,96
573,2852,50
573,3172,30
573,3284,2509
573,3548,143
573,3562,311
573,3589,10109
573,3639,8903
573,3952,10792
573,4484,1045
573,4567,135
573,4595,103
573,5606,55
573,5641,1352
573,5648,55
573,5663,168
573,6063,70
573,6297,23230
573,9747,55
574,6367,158
575,9,40
575,34,535
575,314,220
575,939,18
575,1025,80
575,1166,80
575,1278,25
575,1620,30
575,1707,167
575,1718,5
575,1736,192
575,1800,40
575,1927,40
575,2764,80
575,3128,25
575,3172,60
575,3562,70
575,3905,1047
575,4922,165
575,5648,40
575,6413,104
575,6760,250
578,5981,33
578,6146,20
581,184,980
581,2637,2771
581,3213,618
581,3245,25
581,4896,165
583,598,60
583,611,15
583,2074,26
583,2127,10
583,2614,75
583,2761,35
583,2976,25
583,4683,50
583,4696,75
583,4704,75
583,6071,20
585,569,75
585,617,1591
585,1025,50
587,1927,25
587,3128,30
587,4941,20
587,5911,25
587,5993,420
588,618,110
588,1709,10
588,2621,25
588,3580,120
588,3913,195
588,6770,11
589,1840,75
589,1916,150
589,4287,64
589,5556,40
590,4080,339
590,4099,25
590,6051,60
590,6610,25
592,330,374
592,1025,50
592,1166,185
592,1743,25
592,1800,55
592,2075,30
592,2620,305
592,3887,133
592,4484,100
592,5641,145
592,5648,30
592,5663,36
592,6126,5
592,9424,30
592,9747,36
594,2674,89
594,5528,56
594,5870,36
594,6083,30
594,6778,25
594,6784,25
597,968,40
597,1025,20
597,1492,30
597,1758,30
597,2602,773
597,3560,56
597,3568,10
597,4058,60
597,6431,66
597,6679,301
599,2,524
599,10,10
599,34,7320
599,82,43
599,90,3205994
599,104,2438
599,107,3658
599,134,5
599,151,91
599,162,60
599,167,187
599,176,475
599,177,121758
599,180,973
599,196,1155
599,204,3499
599,229,21831
599,237,6
599,251,1717
599,260,1658
599,274,17593
599,298,32
599,324,70
599,325,348
599,327,11981
599,330,1460
599,332,65
599,339,97
599,342,2035
599,346,4566
599,355,4471
599,385,8256
599,392,51
599,406,686
599,407,24269
599,411,199
599,416,1541
599,418,140
599,420,462101
599,430,191050
599,437,9619
599,446,1171
599,447,41252
599,453,85
599,483,26297
599,492,722
599,505,4904
599,550,1723
599,554,461
599,559,706
599,563,3697
599,566,582
599,573,5474
599,574,480
599,575,6036
599,583,15
599,587,9778
599,589,212
599,590,809
599,597,6235
599,604,1396
599,616,50
599,619,5938
599,621,10
599,624,809
599,634,269
599,642,4535
599,647,578
599,649,5
599,650,31742
599,666,105576
599,673,2543
599,689,1692
599,712,3815
599,732,69
599,735,1103
599,739,46
599,748,1125
599,850,5
599,935,10
599,950,1117
599,951,1408
599,957,25
599,958,172
599,960,30
599,961,3491
599,971,278
599,973,23
599,974,262
599,981,25
599,991,1642
599,998,123
599,1006,55
599,1010,50
599,1015,5084
599,1020,764
599,1025,32535
599,1102,1384
599,1161,610
599,1166,460
599,1171,25
599,1193,14105
599,1225,24923
599,1246,39
599,1258,97
599,1263,1063
599,1266,4197
599,1270,31
599,1291,3815
599,1292,3763
599,1312,631
599,1426,16008
599,1430,3400
599,1468,253
599,1478,499
599,1506,5194
599,1585,907
599,1620,6752
599,1685,5
599,1691,1236
599,1694,12
599,1704,440
599,1707,1334
599,1710,38639
599,1712,31
599,1714,7018
599,1725,21027
599,1733,20
599,1736,1199
599,1743,11
599,1746,25
599,1750,10
599,1756,171
599,1760,5754
599,1769,2193
599,1832,5
599,1840,1444
599,1953,10
599,1983,567
599,2004,37082
599,2025,326
599,2075,260
599,2080,15285
599,2095,203
599,2118,1110
599,2122,282
599,2124,15
599,2127,25
599,2134,730
599,2169,140
599,2310,20
599,2482,440
599,2500,5257
599,2532,1562
599,2572,130
599,2580,3021
599,2584,79
599,2598,4200
599,2601,4699
599,2613,1645
599,2615,2199
599,2623,31
599,2631,3848
599,2639,115
599,2640,255
599,2649,220
599,2652,1356
599,2674,23
599,2676,5
599,2729,1004
599,2744,383
599,2750,178
599,2767,54
599,2784,825
599,2852,20
599,2872,468
599,2887,218
599,2924,401
599,2971,712
599,2977,37
599,2982,339
599,2984,1326
599,2997,391
599,3004,26
599,3006,124
599,3020,214
599,3024,330
599,3049,3804
599,3050,5
599,3053,142
599,3056,7495
599,3057,6331
599,3064,502
599,3070,10
599,3079,1562
599,3083,71
599,3130,840
599,3142,2041
599,3199,2901
599,3202,245
599,3210,10853
599,3224,6313
599,3237,28600
599,3271,1276
599,3281,415
599,3284,5675
599,3340,20
599,3354,3438
599,3383,112
599,3452,78
599,3489,25
599,3494,20
599,3552,60
599,3579,20
599,3593,46
599,3605,108
599,3608,248
599,3613,5
599,3624,10
599,3638,4679
599,3673,253
599,3690,591
599,3704,322
599,3718,1269
599,3725,445
599,3748,847
599,3759,4774
599,3760,1859
599,3858,2399
599,3862,15
599,3894,1370
599,3895,3701
599,3915,214
599,3918,25
599,3924,513
599,3945,402
599,3953,61
599,3955,40
599,3968,86
599,3969,5
599,3984,2012
599,3989,1763
599,3996,516
599,4037,202
599,4041,1112
599,4062,10
599,4069,103
599,4079,1502
599,4084,25
599,4086,38
599,4110,53
599,4150,36120
599,4432,10
599,4470,60
599,4489,12
599,4502,15
599,4550,3587
599,4567,36
599,4595,31
599,4601,10
599,4625,505
599,4634,225
599,4635,6612
599,4649,20
599,4684,630
599,4726,4994
599,4727,79
599,4730,6103
599,4735,17
599,4742,65
599,4744,202
599,4745,10
599,4750,131
599,4755,147
599,4756,120
599,4762,22655
599,4785,436
599,4815,10
599,4819,25
599,4826,55
599,4838,478
599,4854,80
599,4860,287
599,4861,36
599,4864,2109
599,4867,6
599,4906,85
599,4936,464
599,5074,5
599,5130,272
599,5187,567
599,5191,126
599,5267,58
599,5328,691
599,5331,165
599,5519,5173
599,5556,46
599,5583,545
599,5586,20736
599,5641,75
599,5648,25
599,5663,190
599,5680,1577
599,5916,2605
599,5918,70
599,5928,6
599,5992,25
599,6020,75
599,6063,2640
599,6067,265
599,6089,1115
599,6156,30
599,6227,25
599,6263,5
599,6280,15
599,6291,122
599,6340,2434
599,6362,26
599,6378,17
599,6408,164
599,6427,447
599,6461,22
599,6474,82
599,6484,80
599,6521,15
599,6545,1
599,6610,10
599,6623,38
599,6627,15
599,6638,16
599,6722,30
599,6742,11
599,6757,5
599,6775,6
599,6811,25
599,6957,1295
599,7032,55
599,7043,494
599,7196,3230
599,7376,14751
599,7503,16
599,7543,114
599,7618,45
599,8550,1136
599,9251,512
599,9424,41
599,9540,499
604,90,25
604,1025,30
604,6063,182
604,6092,2432
605,2124,5
605,6063,186
607,330,819
607,573,10
607,594,5
607,974,10
607,1265,25
607,1426,22
607,1468,132
607,1736,540
607,1743,45
607,1800,220
607,2004,69
607,2169,25
607,2620,853
607,2784,210
607,2964,140
607,3079,501
607,3284,262
607,3350,395
607,3711,55
607,4470,50
607,4567,270
607,4595,71
607,4838,25
607,4855,30
607,5123,30
607,5199,11
607,5331,5
607,5633,25
607,5641,213
607,5648,20
607,5663,60
607,9424,25
608,6194,25
612,2,20
612,32,213
612,36,656
612,51,57
612,53,2644
612,58,354
612,72,10
612,73,20
612,84,1070
612,86,333
612,104,75
612,107,5
612,114,10
612,129,25
612,147,575
612,155,194
612,156,1415
612,163,25
612,167,160
612,178,575
612,183,45
612,188,5786
612,191,26
612,192,33
612,193,145
612,198,30902
612,229,9412
612,271,21884
612,290,2965
612,291,504
612,293,3
612,296,1879
612,298,285
612,303,701
612,323,225
612,325,44
612,333,743
612,335,50
612,336,3956
612,354,473
612,357,1439
612,361,4308
612,375,435
612,387,9894
612,389,3644
612,407,15
612,408,25
612,414,29
612,416,300
612,419,117
612,420,122
612,423,167
612,447,31
612,452,285
612,463,5
612,490,371
612,550,962
612,557,91
612,560,8
612,561,30
612,570,10
612,573,1441
612,575,71
612,578,132
612,581,10
612,583,62
612,588,4
612,592,67
612,604,25
612,605,17
612,607,268
612,610,40
612,618,1264
612,625,314
612,649,35
612,669,232
612,670,951
612,704,1712
612,710,2024
612,733,5
612,735,349
612,748,90
612,953,140
612,962,165
612,975,275
612,977,64
612,979,1539
612,994,2841
612,999,10
612,1005,100
612,1008,90
612,1011,62
612,1015,5
612,1018,282
612,1025,5
612,1047,25
612,1074,3615
612,1102,1444
612,1225,193
612,1256,51
612,1262,20
612,1263,55
612,1271,138
612,1279,20
612,1287,24
612,1291,5
612,1292,30
612,1293,200
612,1307,402
612,1320,1455
612,1325,50
612,1327,129
612,1414,20
612,1421,431
612,1430,122
612,1469,183
612,1473,530
612,1572,1474
612,1620,64
612,1710,451
612,1713,420
612,1727,153
612,1736,112
612,1746,258
612,1748,261
612,1758,10
612,1921,51
612,2075,152
612,2092,20
612,2110,36
612,2123,62
612,2143,415
612,2335,200
612,2588,1098
612,2602,254
612,2618,385
612,2627,20
612,2652,15
612,2674,1290
612,2723,1703
612,2752,189
612,2757,66
612,2852,10
612,2872,24
612,2887,10
612,2974,168
612,2982,10
612,2985,60
612,2988,120
612,3011,68
612,3024,15
612,3038,25
612,3049,620
612,3062,25
612,3065,5
612,3070,15
612,3071,15
612,3072,15
612,3142,5
612,3172,300
612,3210,60
612,3224,11
612,3237,95
612,3253,65
612,3269,490
612,3300,15
612,3341,15
612,3344,35
612,3351,60
612,3362,60
612,3371,86
612,3382,17
612,3492,70
612,3499,135
612,3506,68
612,3512,5
612,3513,20
612,3521,128
612,3532,1642
612,3562,88
612,3566,272
612,3573,5
612,3583,85
612,3588,287
612,3616,37
612,3643,496
612,3654,60
612,3655,6
612,3691,60
612,3693,5
612,3704,30
612,3715,60
612,3722,23
612,3731,15
612,3801,35
612,3810,150
612,3864,150
612,3881,30
612,3885,586
612,3918,847
612,3920,761
612,3924,301
612,3927,80
612,3938,24
612,3946,2807
612,3963,75
612,3966,85
612,3971,25
612,3984,157
612,3994,109
612,4000,20
612,4001,131
612,4022,279
612,4029,10
612,4042,56
612,4052,45
612,4060,20
612,4085,65
612,4096,24
612,4097,156
612,4104,184
612,4150,221
612,4470,10
612,4567,175
612,4624,135
612,4676,91
612,4692,120
612,4706,41
612,4710,105
612,4736,295
612,4742,20
612,4762,131624
612,4770,36
612,4785,36
612,4786,40
612,4819,65
612,4833,68
612,4835,45
612,4838,90
612,4864,61
612,4872,20
612,4880,225
612,4885,304
612,4886,5
612,4898,15
612,4904,5
612,4913,29
612,4920,20
612,4921,45
612,4934,10
612,5044,45
612,5056,20
612,5123,25
612,5191,214
612,5199,92
612,5200,154
612,5328,24
612,5350,2834
612,5400,75
612,5407,1248
612,5429,25
612,5434,116
612,5450,95
612,5508,1055
612,5554,5
612,5628,20
612,5641,51
612,5644,115
612,5648,46
612,5663,72
612,5692,341
612,5879,364
612,5938,860
612,5948,24
612,5962,344
612,5981,238
612,6016,10
612,6019,30
612,6026,5
612,6027,36
612,6030,339
612,6034,5
612,6063,15
612,6075,15
612,6078,40
612,6092,128
612,6093,25
612,6096,50
612,6099,66
612,6126,5
612,6154,21
612,6161,46
612,6231,10
612,6241,5
612,6264,26
612,6267,80
612,6283,25
612,6290,25
612,6292,25
612,6295,15
612,6336,40
612,6431,75
612,6500,20
612,6503,39
612,6518,96
612,6541,120
612,6580,175
612,6593,2052
612,6594,45
612,6649,15
612,6660,40
612,6692,40
612,6706,5
612,6743,25
612,6785,24
612,6788,24
612,6799,15
612,6816,20
612,6818,25
612,6834,250
612,6856,11
612,6889,920
612,6897,124
612,6899,27
612,8874,55
612,9426,126
612,9554,5
613,6451,92
614,557,5
614,1272,100
614,3648,280
614,5240,4085
614,5528,56
614,5549,1349
614,6033,25
614,6068,708
614,6087,115
614,6237,30
614,6262,255
614,6386,408
614,6515,5
614,6572,155
614,6593,594
614,6594,135
614,6648,100
614,6846,655
614,6882,1762
614,8470,50
614,9165,25
614,9300,50
617,585,75
617,1025,25
617,5663,30
617,6339,30
618,6,25
618,588,25
618,3074,48
618,5058,234
618,6155,4
618,6178,20
619,1010,60
619,3351,50
619,3936,50
619,6339,24
624,3562,110
624,6877,15
625,979,523
625,2123,50
625,2987,3414
625,3562,60
625,3584,715
625,3587,3738
625,3613,638
625,3685,5100
625,3879,5722
625,3904,444
625,3946,938
625,4087,3062
625,4712,2193
625,4879,20
625,6152,5
625,6392,426
625,6545,103
631,515,70
631,959,45
631,1025,105
631,1882,70
631,3995,308
631,5648,77
631,5663,42
631,6063,478
631,6122,960
631,6361,18
631,6641,196
634,1009,138
636,5556,25
636,5641,1055
639,1800,280
643,3334,72
643,3742,5514
643,5893,60
644,650,30
644,1620,80
644,1800,109
644,2075,30
644,5130,536
644,9554,121
646,731,5
646,736,25
646,2236,20
647,382,5
647,515,55
647,711,191
647,784,15
647,1010,10
647,1119,110
647,1213,100
647,1239,25
647,1478,55
647,1492,55
647,1620,10
647,1647,66
647,1736,105
647,1758,474
647,1800,2806
647,1882,50
647,2029,55
647,2080,5
647,2681,40
647,2802,50
647,3180,66
647,3704,482
647,3711,90
647,3747,97
647,4470,120
647,4567,200
647,4637,35
647,5234,15
647,5357,180
647,5556,87
647,5711,25
647,9424,66
649,243,25
649,275,15
649,277,135
649,294,55
649,321,1237
649,382,25
649,392,142
649,467,15
649,646,576
649,669,110
649,677,75
649,694,75
649,711,531
649,734,777
649,821,74
649,1430,624
649,1454,1393
649,1478,15
649,1736,72
649,2023,1275
649,2046,2137
649,2075,30
649,2729,5
649,2742,101
649,3142,1
649,3283,3354
649,3291,66
649,3310,2143
649,3711,1061
649,3722,5153
649,3748,28
649,3760,5875
649,3828,50
649,4545,895
649,4567,190
649,4601,277
649,4602,150
649,4604,965
649,4815,60
649,5169,630
649,5194,274
649,5195,189
649,5272,592
649,5319,75
649,5326,620
649,5328,1422
649,5359,60
649,5388,208
649,5409,479
649,5482,271
649,5484,582
649,5488,310
649,5526,115
649,5554,90
649,5609,715
649,5648,30
649,5663,36
649,5830,40
649,9540,175
650,401,1795
650,636,2491
650,649,15
650,1266,259
650,1983,24
650,2075,77
650,2667,35
650,2784,625
650,2948,60
650,3704,659
650,4437,150
650,4470,35
650,5130,70
650,5556,35
650,5669,140
652,1025,25
653,1010,40
653,4653,55
655,723,71
657,1025,20
658,9641,24
660,1025,55
660,1473,20
660,3326,616
663,482,10
664,1736,6
664,1800,39
664,5328,44
664,5641,408
664,5663,6
666,9,351
666,33,155
666,34,1899
666,37,51
666,90,11
666,156,2449
666,253,50
666,271,10
666,287,45
666,288,19
666,309,1332
666,314,150
666,387,5
666,430,25
666,701,36358
666,728,15965
666,754,150
666,760,25
666,776,25
666,784,100
666,826,100
666,939,114
666,1001,25
666,1010,45
666,1025,1177
666,1045,30
666,1102,940
666,1119,25
666,1171,90
666,1213,55
666,1217,35
666,1266,714
666,1309,25
666,1312,54
666,1325,396
666,1409,90
666,1419,2606
666,1441,6015
666,1446,175
666,1491,1240
666,1620,294
666,1624,170
666,1682,45
666,1707,2890
666,1736,4094
666,1758,1670
666,1781,36
666,1800,3714
666,1836,25
666,2003,1149
666,2041,75
666,2066,451
666,2069,1068
666,2209,75
666,2320,10
666,2784,4992
666,2872,40
666,2908,275
666,3130,297
666,3142,50
666,3180,50
666,3228,15
666,3249,75
666,3286,45
666,3291,88
666,3305,4572
666,3386,50
666,3446,25
666,3489,264
666,3562,115
666,3593,135
666,3736,1125
666,3740,50
666,3757,45
666,3759,1034
666,3762,25
666,3778,25
666,3885,2030
666,4437,3983
666,4470,405
666,4555,25
666,4567,276
666,4595,710
666,4613,49740
666,4782,1522
666,4783,3776
666,4785,1358
666,4786,10197
666,4798,15
666,4800,229
666,5191,603
666,5381,15014
666,5428,45
666,5532,25
666,5590,679
666,5637,4057
666,5647,371
666,5680,199
666,5727,3263
666,5733,1494
666,5748,111
666,5789,45
666,5804,1929
666,5817,160
666,6027,423
666,6123,104
666,6268,25
666,6339,162
666,9024,4505
669,296,251
669,479,375
669,640,60
669,649,45
669,660,155
669,710,5483
669,1414,10
669,1487,1849
669,3711,401
670,488,1560
670,695,40
670,1732,20
670,1954,20
670,2019,393
670,2065,85
670,2674,178
670,3316,80
670,3334,165
670,4595,114
670,4619,5
670,4641,140
670,4652,180
670,4656,146
670,4773,80
670,4855,20
670,5353,310
670,5465,40
670,5505,50
670,5635,90
670,5653,55
670,5704,10
670,5737,40
670,5861,20
670,5864,20
672,314,155
672,1927,50
672,1995,1113
672,2075,110
672,4567,25
672,5663,60
672,5676,25
673,1025,45
673,1239,50
673,4776,35
676,939,12
676,1217,25
676,1443,533
676,1446,110
676,1758,20
676,3172,28
676,3562,130
676,3680,180
676,3736,617
676,4437,75
676,4470,160
676,4859,45
676,5381,551
676,5817,184
676,5868,15
676,9711,60
677,638,24
677,1624,60
688,5545,50
689,1758,60
689,2872,165
689,3128,25
691,5870,275
692,204,3204
693,5330,185
693,5410,25
693,5799,50
694,5409,5
694,5413,5
696,2031,220
697,1010,40
697,1418,1416
697,1464,161
697,1486,360
697,1736,698
697,3299,220
697,3489,55
697,3706,488
697,3754,175
697,3765,160
697,4775,550
697,5363,55
700,1463,35
701,0,5
701,288,15
701,1025,30
701,5637,16
702,278,10406
702,727,1858
702,3279,132
703,1025,55
703,5663,132
704,2271,70
704,3979,1453
704,4417,63
704,4545,1145
704,5125,50
704,5488,1326
704,5491,6
704,5612,276
704,5686,1446
704,5689,35
704,5843,25
704,9412,150
705,3310,1443
705,5349,45
705,5487,140
705,5659,445
710,826,25
710,1478,20
710,1508,55
710,1624,25
710,1736,30
710,2075,55
710,2791,177
710,2948,25
710,3489,25
710,5417,75
710,5507,220
711,647,56
711,5508,170
712,6,50
712,85,100
712,314,350
712,1010,50
712,1213,20
712,1266,120
712,1620,910
712,1624,100
712,1736,1720
712,1758,275
712,2042,6996
712,2948,100
712,3562,50
712,3718,72
712,4628,928
712,4663,156
712,5266,1255
712,5443,100
713,59,300
713,82,40
713,644,12318
713,727,17057
713,1691,18
713,1736,618
713,4470,40
713,5328,110
714,831,25
721,280,60
721,1474,30
721,2018,40
721,5178,20
721,5254,20
721,5291,50
726,1025,25
728,1025,55
728,1166,70
728,2072,2247
728,2076,70
728,4782,365
728,5350,1
728,5454,230
728,5648,110
728,5817,3860
729,462,30
729,645,360
729,1025,20
729,5648,30
730,1025,20
730,5142,25
730,5648,30
730,5663,30
731,2023,25
732,53,8
732,189,103
732,270,20
732,276,5
732,304,264
732,309,25
732,466,118
732,1488,26
732,1800,143
732,2121,15
732,3496,167
732,3704,178
732,3725,281
732,4567,110
732,4759,55
732,5278,35
732,5458,406
732,5471,128
732,5476,10
732,5626,223
732,9591,330
733,1469,32
735,5577,797
737,298,6
737,660,11
737,1414,15
737,1437,368
737,1473,10
737,3326,60
737,4628,24
737,5277,970
737,5458,20
737,5641,5
737,5757,5
741,4812,5
741,5405,260
744,2225,121
744,9245,230
744,9791,106
756,1025,25
759,68,75
759,200,20
759,558,20
759,826,20
759,856,465
759,1025,20
759,1331,385
759,1358,20
759,1758,48
759,2358,10
759,2472,620
759,2481,40
759,2482,405
759,2502,25
759,2510,15
759,2554,5
759,2562,75
759,2568,40
759,4207,205
759,4235,1136
759,4262,5
759,4287,303
759,4294,95
759,4306,36
759,4324,20
759,4345,108
759,4353,31
759,4964,35
759,4973,38
759,4984,365
759,5016,133
759,6942,10
759,6984,95
759,6993,20
759,7017,20
759,7063,80
759,7096,10
759,7175,6
759,7178,35
759,7180,558
759,7196,25
759,7345,20
759,7358,26
759,7540,90
759,7699,20
759,7739,5
759,7748,83
759,7777,40
759,7784,30
759,7786,5
759,7813,219
759,7945,78
759,7962,48
759,8137,84
759,8244,40
759,8273,30
759,8515,176
759,8527,187
759,8547,162
759,8622,450
759,8629,84
759,8815,20
759,8932,6
759,8947,15
759,9747,92
761,207,146
761,209,25
761,3415,40
774,2481,20
774,4210,25
774,4214,25
774,7144,25
774,7905,30
774,8772,30
775,315,435
775,4126,50
775,5216,30
777,888,30
777,1096,30
777,1124,445
777,1373,1384
777,6339,48
782,1901,1106
782,2463,355
782,4952,50
782,5556,36
782,6917,25
783,9178,465
783,9330,40
783,9384,40
785,2294,1410
789,9480,117
799,108,40
799,864,285
799,1818,935
799,2424,20
799,2425,160
799,2429,20
799,2449,160
799,3458,20
799,4121,40
799,4128,2039
799,4158,330
799,4174,15
799,4196,70
799,4208,270
799,4212,60
799,6916,40
799,7139,500
799,7454,93
799,7456,40
799,7632,94
799,7680,126
799,7840,18
799,7855,84
799,7909,48
799,8893,35
799,9379,20
802,2153,925
802,2895,186
802,4390,50
812,2875,24
822,377,5
822,761,20
822,785,330
822,817,15
822,3415,185
824,376,75
824,402,33
824,1010,5
824,1375,420
824,1758,15
824,1813,25
824,1927,75
824,2519,25
824,2522,30
824,2526,30
824,2531,30
824,2539,50
824,2541,266
824,2542,440
824,2546,25
824,7608,25
824,7609,55
824,7615,12
824,7618,25
824,7621,60
824,7623,36
824,7625,60
824,7626,178
824,7627,50
824,7818,50
824,8926,30
832,1883,48
832,1943,47
836,859,15
836,1778,30
836,2914,17
836,3848,787
836,9468,1603
838,2659,1584
838,9633,361
847,431,2
847,1678,280
847,1924,225
847,2257,50
847,7446,25
855,56,1444
855,216,44
855,399,85
855,434,25
855,527,549
855,805,116
855,828,237
855,913,205
855,926,15
855,1178,6
855,1336,6
855,1520,4009
855,1872,55
855,1883,30
855,1950,196
855,2835,42
855,3102,230
855,3123,25
855,3127,5
855,3828,25
855,4425,10
855,5238,50
855,9522,92
855,9540,20
856,1025,20
856,4270,25
856,4287,1079
856,4327,20
856,4334,25
856,4354,25
856,4976,100
856,5009,104
856,5034,20
856,7028,50
856,7535,50
856,7788,45
856,7929,30
856,7938,60
856,7943,25
856,7952,69
856,7985,193
856,8004,20
856,8119,24
856,8136,216
856,8152,30
856,8161,30
856,8173,60
856,8191,24
856,8219,30
856,8220,30
856,8274,30
856,8286,30
856,8306,54
856,8526,20
856,8540,25
856,8553,75
856,8577,5
856,8599,66
856,8656,25
856,8672,25
856,8796,60
856,8808,20
856,8816,10
856,8935,20
856,9020,5
859,2663,5
863,2650,180
864,4152,25
876,345,50
876,1025,25
876,1126,525
876,1888,5
876,2367,151
876,2373,10
876,2429,5
876,2451,285
876,4140,110
876,4172,225
876,7296,30
876,7441,25
876,7452,24
876,7675,45
876,8072,6
876,8404,90
876,8459,30
877,1905,350
877,4495,200
878,2683,925
881,3460,55
887,944,855
887,1596,1055
887,1790,671
887,1887,190
887,1960,40
891,173,105
891,215,20
891,1218,120
891,1927,25
896,1736,90
900,9450,643
901,7603,10
913,9400,110
917,964,100
917,1114,90
917,1150,10
917,1172,35
917,1376,135
917,1522,30
917,1882,25
917,2215,55
917,3816,50
917,3885,7491
917,6583,37
917,9489,40
917,9668,42
923,755,75
923,1703,118
923,1843,50
924,516,40
924,967,20
924,1168,11
924,2229,20
924,9228,5
924,9281,24
928,22,97
928,123,210
928,758,22
928,1048,90
928,1066,30
928,1222,74
928,1386,66
928,1591,30
928,1651,55
928,1843,680
928,1894,130
928,2300,2371
928,2787,55
928,3775,66
928,4500,55
928,5076,60
928,5231,10
928,9185,152
928,9511,30
933,1300,711
933,1347,12
933,2305,30
933,3486,162
933,4513,96
933,4595,72
933,6123,48
942,1886,66
943,1025,40
943,1847,90
943,5215,100
943,5556,25
947,2667,15
947,4470,30
947,9317,15
950,1025,25
951,5834,125
951,5969,345
953,3547,55
953,3648,80
953,6339,36
959,6,25
959,178,46
959,560,1112
959,612,45
959,618,945
959,631,32868
959,735,955
959,1736,138
959,1800,29
959,2075,40
959,2588,7310
959,2601,5945
959,2621,30
959,3047,2307
959,3340,40
959,3344,2034
959,3347,2728
959,3375,165
959,3505,850
959,3609,5793
959,3629,78
959,3642,50
959,3704,676
959,3707,1
959,3880,310
959,3938,513
959,3956,5
959,3989,2383
959,3996,2205
959,3997,42
959,4070,830
959,4096,884
959,4567,495
959,4684,352
959,4716,135
959,4717,120
959,4855,48
959,5052,210
959,5556,95
959,5641,252
959,5652,40
959,6066,1612
959,6188,21039
959,6321,285
959,6641,5005
959,6770,120
961,515,25
961,1057,25
961,1278,15
961,1618,405
961,1718,295
961,2701,25
961,2764,70
961,2784,420
961,3554,85
961,4595,105
961,4922,720
961,6027,135
961,6301,25
961,6413,1088
961,9380,25
968,6679,60
971,3669,50
972,3926,128
974,1879,50
974,4896,709
974,5679,52
974,7482,100
979,1025,20
979,1266,596
979,2622,100
979,3613,102
979,4087,26
989,34,168
989,314,45
989,1025,25
989,1113,25
989,1624,25
991,939,15
991,1580,24
991,2267,20
991,2585,130
991,3512,15
991,3674,25
991,4676,319
991,4926,5
991,6143,715
991,6160,30
994,34,46
994,180,18
994,363,24235
994,392,89
994,398,740
994,413,165
994,431,9533
994,460,2989
994,534,480
994,536,24
994,553,100
994,759,53217
994,782,3685
994,826,20
994,905,15
994,935,25
994,943,425
994,1010,90
994,1025,352
994,1043,30
994,1129,8004
994,1158,370
994,1166,404
994,1205,25
994,1266,558
994,1274,60
994,1307,3174
994,1375,125
994,1532,146
994,1534,755
994,1541,25
994,1570,7424
994,1618,12
994,1620,147
994,1645,120
994,1652,20
994,1736,672
994,1752,140
994,1758,5
994,1767,364
994,1770,1209
994,1800,692
994,1893,244
994,1901,45923
994,1958,106
994,2004,206
994,2374,439
994,2408,93
994,2426,8915
994,2468,574
994,2477,365
994,2532,5
994,2608,9
994,2649,128
994,2701,25
994,2784,412
994,2801,5
994,2852,5
994,2908,20
994,3056,5
994,3142,9
994,3237,654
994,3896,90
994,3920,55
994,4119,75
994,4150,3
994,4207,6285
994,4236,60
994,4249,15
994,4288,3663
994,4300,25
994,4319,20
994,4341,1584
994,4379,110
994,4448,2206
994,4456,20
994,4470,36
994,4595,5
994,4855,4874
994,4858,84
994,4896,88
994,4970,44
994,5016,2860
994,5130,85
994,5170,20
994,5217,263
994,5328,70
994,5491,24
994,5602,40
994,5644,330
994,5663,54
994,6027,178
994,6057,62
994,6063,6
994,6354,20
994,6497,60
994,6611,20
994,6911,870
994,6957,67
994,6996,54
994,7038,85
994,7156,600
994,7174,22
994,7196,53
994,7248,6
994,7280,1787
994,7300,352
994,7321,20
994,7420,15
994,7450,21
994,7474,47
994,7640,16
994,7657,24
994,7844,36
994,7851,540
994,8241,416
994,8386,24
994,8387,84
994,8458,117
994,8550,9
994,8562,45
994,8694,24
994,8728,78
994,8730,280
994,8745,10
994,8823,30
994,8954,115
994,9790,59
995,1025,25
999,2,10
999,89,66
999,614,5
999,3352,15
999,3875,10
999,4897,150
999,5142,55
999,6001,610
999,6369,325
999,6593,781
1001,36,10
1001,72,5
1001,90,983
1001,114,5
1001,167,5
1001,169,142
1001,175,5
1001,180,3
1001,194,25
1001,195,10
1001,208,28
1001,226,77
1001,229,3
1001,271,95
1001,274,5
1001,298,5
1001,341,6
1001,412,5
1001,417,255
1001,505,5
1001,573,89
1001,575,10
1001,607,64
1001,614,5
1001,628,12
1001,649,15
1001,958,5
1001,1004,20
1001,1010,20
1001,1200,10
1001,1327,72
1001,1506,22026
1001,1710,81
1001,1712,6
1001,1727,5
1001,1748,5
1001,2075,11
1001,2580,5
1001,2729,421
1001,2968,2
1001,3015,5
1001,3028,85
1001,3282,21
1001,3496,131
1001,3655,6
1001,3990,481
1001,4080,137
1001,5048,5
1001,6130,10
1001,6236,31
1004,3504,165
1006,3085,100
1013,3356,25
1015,1025,20
1015,2971,861
1015,3885,1398
1015,4000,66
1015,4068,10
1015,4934,732
1015,6015,30
1015,6016,90
1018,1927,5
1021,3643,20
1021,6689,5
1024,811,187
1024,1224,594
1024,1843,5
1024,2223,25
1024,4004,45
1024,9240,352
1025,1,280
1025,4,160
1025,10,40
1025,41,40
1025,75,360
1025,117,40
1025,118,40
1025,120,40
1025,122,40
1025,127,1000
1025,142,400
1025,145,40
1025,152,120
1025,173,1280
1025,206,160
1025,212,35
1025,238,80
1025,240,40
1025,243,40
1025,253,120
1025,256,40
1025,257,648
1025,259,80
1025,275,160
1025,287,240
1025,310,128
1025,312,176
1025,328,176
1025,332,80
1025,339,40
1025,340,80
1025,347,40
1025,372,528
1025,413,128
1025,427,40
1025,466,360
1025,467,40
1025,474,40
1025,509,880
1025,513,40
1025,520,160
1025,522,2034
1025,552,40
1025,572,40
1025,579,320
1025,580,40
1025,582,480
1025,586,3720
1025,615,320
1025,616,40
1025,622,40
1025,646,40
1025,651,80
1025,653,40
1025,668,440
1025,671,40
1025,675,40
1025,690,40
1025,736,40
1025,753,440
1025,754,80
1025,755,320
1025,757,168
1025,760,560
1025,764,280
1025,768,120
1025,769,120
1025,772,184
1025,778,2160
1025,779,360
1025,781,136
1025,784,80
1025,790,280
1025,800,160
1025,804,496
1025,806,40
1025,808,1272
1025,813,48
1025,814,80
1025,815,80
1025,820,120
1025,826,2294
1025,830,240
1025,840,128
1025,842,80
1025,844,160
1025,845,320
1025,851,96
1025,852,160
1025,858,96
1025,875,80
1025,885,120
1025,916,40
1025,948,320
1025,968,40
1025,969,120
1025,982,120
1025,992,40
1025,1002,360
1025,1012,120
1025,1017,192
1025,1019,80
1025,1041,176
1025,1052,320
1025,1053,144
1025,1055,40
1025,1060,280
1025,1076,160
1025,1084,80
1025,1092,312
1025,1118,176
1025,1122,200
1025,1135,96
1025,1137,120
1025,1139,96
1025,1157,160
1025,1164,40
1025,1179,48
1025,1180,40
1025,1188,1616
1025,1202,680
1025,1213,640
1025,1214,80
1025,1220,432
1025,1226,40
1025,1235,40
1025,1236,80
1025,1241,80
1025,1254,312
1025,1261,360
1025,1266,201
1025,1268,640
1025,1273,200
1025,1277,40
1025,1278,40
1025,1281,880
1025,1286,80
1025,1296,200
1025,1299,1624
1025,1301,120
1025,1303,640
1025,1304,120
1025,1306,320
1025,1328,160
1025,1342,80
1025,1351,40
1025,1361,480
1025,1365,40
1025,1367,120
1025,1368,40
1025,1377,144
1025,1389,1000
1025,1391,200
1025,1392,200
1025,1402,520
1025,1403,80
1025,1409,240
1025,1410,80
1025,1429,40
1025,1446,240
1025,1450,240
1025,1471,80
1025,1488,232
1025,1494,40
1025,1513,160
1025,1521,80
1025,1523,88
1025,1525,80
1025,1531,440
1025,1539,192
1025,1540,80
1025,1542,40
1025,1545,96
1025,1548,288
1025,1562,360
1025,1568,80
1025,1575,280
1025,1577,120
1025,1580,192
1025,1582,88
1025,1583,80
1025,1587,96
1025,1588,320
1025,1599,328
1025,1606,80
1025,1608,40
1025,1612,160
1025,1622,280
1025,1624,680
1025,1635,200
1025,1636,80
1025,1641,48
1025,1648,80
1025,1651,160
1025,1659,200
1025,1669,200
1025,1674,120
1025,1679,48
1025,1682,880
1025,1686,80
1025,1688,160
1025,1689,40
1025,1692,280
1025,1696,1040
1025,1707,48
1025,1716,80
1025,1722,80
1025,1726,80
1025,1735,160
1025,1737,40
1025,1738,80
1025,1739,880
1025,1765,25
1025,1773,336
1025,1777,208
1025,1780,40
1025,1782,834
1025,1785,40
1025,1789,256
1025,1794,40
1025,1811,40
1025,1817,240
1025,1825,1240
1025,1828,120
1025,1835,40
1025,1837,2192
1025,1841,280
1025,1851,160
1025,1854,40
1025,1889,240
1025,1913,80
1025,1925,40
1025,1931,712
1025,1936,320
1025,1937,176
1025,1942,480
1025,1948,192
1025,1971,80
1025,1993,720
1025,2020,480
1025,2026,88
1025,2051,80
1025,2052,280
1025,2068,440
1025,2082,145
1025,2089,240
1025,2096,48
1025,2098,80
1025,2102,80
1025,2108,1376
1025,2111,80
1025,2136,200
1025,2162,80
1025,2173,40
1025,2177,80
1025,2194,96
1025,2207,40
1025,2223,480
1025,2227,160
1025,2229,968
1025,2244,264
1025,2253,2400
1025,2267,240
1025,2273,80
1025,2277,320
1025,2285,48
1025,2305,88
1025,2308,144
1025,2320,534
1025,2323,384
1025,2324,80
1025,2325,280
1025,2332,40
1025,2341,40
1025,2346,200
1025,2354,80
1025,2377,120
1025,2389,80
1025,2420,40
1025,2448,120
1025,2459,1156
1025,2461,680
1025,2499,40
1025,2539,40
1025,2542,40
1025,2553,720
1025,2579,120
1025,2581,840
1025,2589,40
1025,2600,160
1025,2603,40
1025,2641,160
1025,2643,80
1025,2644,240
1025,2658,96
1025,2660,96
1025,2665,96
1025,2676,6600
1025,2678,120
1025,2691,40
1025,2695,128
1025,2696,248
1025,2697,240
1025,2698,80
1025,2715,208
1025,2717,128
1025,2727,40
1025,2735,40
1025,2756,80
1025,2763,40
1025,2764,190
1025,2769,80
1025,2773,36
1025,2779,240
1025,2791,128
1025,2799,144
1025,2800,120
1025,2803,120
1025,2804,408
1025,2824,88
1025,2845,240
1025,2865,408
1025,2871,40
1025,2905,400
1025,2907,80
1025,2910,40
1025,2911,176
1025,2917,48
1025,2919,40
1025,2923,40
1025,2929,88
1025,2938,80
1025,2948,760
1025,2950,160
1025,2967,425
1025,2986,40
1025,2991,160
1025,2995,40
1025,3004,40
1025,3009,40
1025,3010,40
1025,3012,160
1025,3025,40
1025,3028,496
1025,3029,440
1025,3045,80
1025,3060,80
1025,3087,40
1025,3106,40
1025,3107,40
1025,3113,80
1025,3122,40
1025,3142,168
1025,3146,88
1025,3150,128
1025,3166,184
1025,3180,1168
1025,3201,40
1025,3210,40
1025,3214,80
1025,3227,40
1025,3242,80
1025,3248,160
1025,3268,200
1025,3277,80
1025,3279,80
1025,3286,80
1025,3292,120
1025,3296,80
1025,3299,120
1025,3313,824
1025,3325,200
1025,3331,80
1025,3332,320
1025,3338,80
1025,3339,40
1025,3349,40
1025,3353,100
1025,3358,80
1025,3359,80
1025,3363,40
1025,3374,40
1025,3398,120
1025,3401,280
1025,3404,80
1025,3407,48
1025,3417,80
1025,3421,160
1025,3430,120
1025,3432,240
1025,3455,40
1025,3457,40
1025,3470,40
1025,3475,40
1025,3485,88
1025,3495,40
1025,3508,120
1025,3511,80
1025,3516,200
1025,3525,40
1025,3534,160
1025,3536,40
1025,3551,40
1025,3561,120
1025,3563,40
1025,3570,80
1025,3572,40
1025,3582,40
1025,3587,160
1025,3593,25
1025,3607,160
1025,3624,280
1025,3626,40
1025,3640,160
1025,3645,40
1025,3647,80
1025,3650,2695
1025,3651,40
1025,3667,40
1025,3688,120
1025,3689,200
1025,3698,80
1025,3701,40
1025,3723,40
1025,3739,40
1025,3757,200
1025,3765,160
1025,3772,40
1025,3778,480
1025,3780,80
1025,3788,80
1025,3796,80
1025,3804,200
1025,3811,120
1025,3817,80
1025,3825,40
1025,3845,80
1025,3853,190
1025,3862,320
1025,3871,80
1025,3898,40
1025,3907,40
1025,3915,320
1025,3947,160
1025,3964,240
1025,3973,40
1025,3979,558
1025,3992,80
1025,4012,40
1025,4013,40
1025,4018,80
1025,4020,40
1025,4027,40
1025,4028,48
1025,4034,80
1025,4035,48
1025,4050,40
1025,4068,30
1025,4081,120
1025,4088,80
1025,4092,320
1025,4095,1352
1025,4099,40
1025,4101,40
1025,4102,560
1025,4104,40
1025,4134,40
1025,4193,968
1025,4254,80
1025,4368,40
1025,4390,40
1025,4399,128
1025,4405,40
1025,4413,80
1025,4414,40
1025,4418,120
1025,4422,168
1025,4425,80
1025,4434,624
1025,4445,200
1025,4460,88
1025,4462,88
1025,4478,80
1025,4479,40
1025,4491,136
1025,4503,216
1025,4512,48
1025,4515,48
1025,4516,232
1025,4529,40
1025,4536,40
1025,4537,88
1025,4545,40
1025,4556,128
1025,4566,40
1025,4575,160
1025,4583,136
1025,4594,80
1025,4600,40
1025,4608,352
1025,4615,80
1025,4617,528
1025,4622,80
1025,4627,40
1025,4639,96
1025,4643,512
1025,4647,848
1025,4648,80
1025,4651,40
1025,4660,40
1025,4666,120
1025,4669,160
1025,4686,40
1025,4691,40
1025,4763,80
1025,4776,40
1025,4781,160
1025,4788,160
1025,4789,6320
1025,4798,190
1025,4821,40
1025,4823,4376
1025,4843,320
1025,4846,120
1025,4857,80
1025,4865,80
1025,4909,80
1025,4912,40
1025,4915,40
1025,4916,336
1025,5039,40
1025,5049,40
1025,5055,400
1025,5073,120
1025,5082,400
1025,5083,80
1025,5093,560
1025,5107,240
1025,5113,80
1025,5128,160
1025,5136,96
1025,5141,80
1025,5160,80
1025,5162,480
1025,5170,40
1025,5179,40
1025,5182,120
1025,5198,80
1025,5211,240
1025,5234,120
1025,5257,80
1025,5261,40
1025,5270,40
1025,5279,40
1025,5284,110
1025,5320,40
1025,5332,88
1025,5346,80
1025,5352,40
1025,5359,5723
1025,5362,475
1025,5363,120
1025,5364,320
1025,5367,80
1025,5371,40
1025,5378,904
1025,5403,48
1025,5404,2720
1025,5408,160
1025,5413,110
1025,5416,80
1025,5420,80
1025,5435,40
1025,5445,320
1025,5448,80
1025,5462,80
1025,5472,40
1025,5473,280
1025,5478,40
1025,5485,744
1025,5488,11216
1025,5504,80
1025,5506,160
1025,5512,120
1025,5520,128
1025,5521,200
1025,5524,80
1025,5525,208
1025,5530,200
1025,5532,80
1025,5533,154
1025,5546,494
1025,5552,40
1025,5560,80
1025,5564,80
1025,5565,120
1025,5568,40
1025,5577,40
1025,5584,40
1025,5588,40
1025,5589,80
1025,5608,80
1025,5610,80
1025,5632,40
1025,5646,80
1025,5651,40
1025,5668,1176
1025,5676,80
1025,5678,80
1025,5685,96
1025,5693,40
1025,5711,119
1025,5717,40
1025,5720,48
1025,5729,80
1025,5743,80
1025,5762,40
1025,5772,80
1025,5789,40
1025,5795,160
1025,5799,80
1025,5844,80
1025,5858,40
1025,5871,40
1025,5873,80
1025,5877,40
1025,5880,40
1025,5888,40
1025,5909,40
1025,5929,40
1025,5935,88
1025,5942,40
1025,5944,40
1025,5956,88
1025,5964,40
1025,5967,96
1025,5975,48
1025,5976,40
1025,5985,80
1025,5996,144
1025,5998,40
1025,6012,80
1025,6023,250
1025,6032,80
1025,6051,30
1025,6064,40
1025,6067,820
1025,6069,80
1025,6073,320
1025,6084,40
1025,6094,480
1025,6095,40
1025,6107,40
1025,6109,40
1025,6110,40
1025,6112,40
1025,6123,40
1025,6127,40
1025,6139,496
1025,6142,80
1025,6144,160
1025,6150,40
1025,6153,40
1025,6162,280
1025,6179,80
1025,6181,80
1025,6183,80
1025,6187,160
1025,6191,48
1025,6198,40
1025,6201,40
1025,6214,30
1025,6225,80
1025,6228,200
1025,6253,40
1025,6258,40
1025,6266,40
1025,6268,80
1025,6270,40
1025,6278,80
1025,6289,40
1025,6301,510
1025,6306,80
1025,6314,160
1025,6315,640
1025,6345,160
1025,6349,128
1025,6360,80
1025,6365,48
1025,6367,168
1025,6368,40
1025,6370,296
1025,6373,48
1025,6380,376
1025,6384,40
1025,6385,120
1025,6395,200
1025,6419,88
1025,6422,40
1025,6436,40
1025,6441,40
1025,6444,120
1025,6445,40
1025,6450,40
1025,6454,128
1025,6455,80
1025,6458,40
1025,6469,40
1025,6473,40
1025,6498,40
1025,6508,120
1025,6510,200
1025,6521,40
1025,6532,200
1025,6537,80
1025,6547,48
1025,6549,48
1025,6550,40
1025,6551,40
1025,6554,96
1025,6562,13947
1025,6568,40
1025,6574,200
1025,6600,80
1025,6619,80
1025,6628,150
1025,6632,40
1025,6647,35
1025,6653,40
1025,6657,40
1025,6658,320
1025,6665,40
1025,6673,40
1025,6677,40
1025,6679,120
1025,6682,40
1025,6690,40
1025,6691,200
1025,6693,40
1025,6699,80
1025,6704,856
1025,6720,40
1025,6728,40
1025,6738,40
1025,6755,40
1025,6776,48
1025,6792,80
1025,6810,40
1025,6821,40
1025,6857,80
1025,6880,48
1025,6892,80
1025,6896,40
1025,6902,40
1025,6909,40
1025,7007,40
1025,7161,40
1025,7232,40
1025,7308,40
1025,7470,80
1025,7690,48
1025,7698,717
1025,7916,48
1025,7975,96
1025,8244,256
1025,8534,3464
1025,8541,40
1025,8555,408
1025,8566,160
1025,8930,80
1025,8938,144
1025,8942,40
1025,9030,40
1025,9034,80
1025,9036,80
1025,9048,80
1025,9053,80
1025,9059,384
1025,9061,80
1025,9071,80
1025,9090,40
1025,9106,40
1025,9122,40
1025,9137,160
1025,9164,80
1025,9169,176
1025,9170,520
1025,9172,40
1025,9175,40
1025,9188,40
1025,9205,304
1025,9211,40
1025,9214,48
1025,9221,48
1025,9231,40
1025,9233,80
1025,9235,40
1025,9242,40
1025,9243,1032
1025,9267,40
1025,9268,40
1025,9290,144
1025,9294,40
1025,9304,200
1025,9305,40
1025,9325,40
1025,9337,96
1025,9344,425
1025,9346,120
1025,9347,480
1025,9353,40
1025,9364,96
1025,9375,80
1025,9377,40
1025,9412,80
1025,9414,80
1025,9420,160
1025,9421,40
1025,9436,120
1025,9443,80
1025,9447,176
1025,9451,40
1025,9453,80
1025,9454,40
1025,9456,48
1025,9472,184
1025,9485,320
1025,9496,120
1025,9504,240
1025,9515,48
1025,9523,48
1025,9529,120
1025,9547,160
1025,9560,1216
1025,9582,40
1025,9591,320
1025,9594,240
1025,9595,80
1025,9602,48
1025,9613,128
1025,9619,136
1025,9620,48
1025,9624,40
1025,9636,48
1025,9638,88
1025,9642,48
1025,9649,40
1025,9657,40
1025,9672,80
1025,9677,48
1025,9695,184
1025,9737,48
1025,9740,96
1025,9757,40
1025,9766,48
1025,9779,176
1025,9787,96
1025,9799,80
1025,9824,40
1025,9837,144
1026,1868,5
1033,1552,77
1033,1649,61
1033,2175,11
1033,2850,60
1033,9498,10
1036,1634,66
1038,2071,1120
1038,5629,50
1039,1764,25
1043,1213,25
1043,1266,80
1043,7427,175
1047,27,20
1047,752,136
1047,1197,2681
1047,2662,66
1047,9741,44
1055,215,90
1055,1082,75
1055,1817,110
1055,2678,10
1055,3131,40
1055,4423,30
1055,4477,30
1055,9188,25
1055,9367,25
1055,9404,30
1055,9424,54
1055,9571,25
1055,9594,75
1059,1090,50
1066,2333,24
1066,9658,42
1068,749,20
1068,1556,30
1068,1630,18
1068,1883,50
1068,3177,178
1068,3473,59
1068,9339,24
1068,9719,15
1069,402,1595
1070,106,225
1070,1310,75
1070,1324,5
1070,1878,75
1070,2157,17
1070,2829,5
1070,2850,5
1070,3769,5
1070,9323,15
1070,9677,210
1071,1905,12
1071,4463,305
1074,1154,25
1074,1920,100
1074,1921,20
1074,1954,45
1074,2472,1699
1074,2474,252
1074,2478,65
1074,2485,66
1074,2491,545
1074,2495,1568
1074,2496,627
1074,2509,1093
1074,2557,30
1074,2568,176
1074,2571,288
1074,2575,75
1074,2577,947
1074,3725,26
1074,4207,69
1074,4236,15
1074,4244,44
1074,4256,75
1074,4266,5
1074,4282,1404
1074,4300,5
1074,4331,55
1074,4341,3
1074,4360,20
1074,4366,235
1074,4375,10
1074,4380,470
1074,5013,11
1074,5016,458
1074,5018,60
1074,5663,264
1074,6938,102
1074,6961,30
1074,6978,30
1074,6986,5
1074,7028,101
1074,7032,180
1074,7047,50
1074,7064,32
1074,7075,1505
1074,7076,150
1074,7084,537
1074,7115,122
1074,7118,15
1074,7132,15
1074,7179,20
1074,7192,135
1074,7232,384
1074,7233,108
1074,7331,60
1074,7349,381
1074,7354,30
1074,7361,5
1074,7376,6
1074,7412,15
1074,7503,5
1074,7510,373
1074,7512,653
1074,7529,41
1074,7543,155
1074,7584,15
1074,7597,31
1074,7704,15
1074,7746,453
1074,7793,18
1074,7798,20
1074,7818,10
1074,7997,58
1074,8001,34
1074,8005,104
1074,8021,507
1074,8119,6
1074,8122,18
1074,8131,87
1074,8204,70
1074,8241,523
1074,8267,12
1074,8307,263
1074,8316,12
1074,8318,90
1074,8329,54
1074,8528,35
1074,8591,171
1074,8598,30
1074,8621,3
1074,8803,6
1074,8934,72
1078,1056,132
1078,1843,170
1078,3467,45
1085,3105,40
1088,3158,35
1088,4207,10
1088,4357,435
1088,8244,208
1094,402,96
1094,1360,131
1094,2522,574
1094,7137,30
1094,7604,35
1094,7607,30
1094,7615,30
1094,7616,25
1094,7627,25
1094,8476,100
1095,1190,22
1095,2713,175
1105,22,170
1105,1843,441
1109,847,25
1109,1129,2
1109,7428,25
1109,7459,775
1109,7889,30
1109,8092,30
1109,8709,15
1116,130,30
1116,518,525
1116,1758,40
1116,2543,130
1116,3386,555
1116,5556,25
1124,769,135
1124,2712,1173
1124,9384,5
1128,9515,425
1129,386,1
1129,847,4
1129,994,3
1129,1025,25
1129,1109,13050
1129,1177,25
1129,1228,30
1129,1354,30
1129,1358,50
1129,1383,50
1129,1388,25
1129,1517,10
1129,1544,10440
1129,1788,10
1129,2257,275
1129,2352,186
1129,2360,25
1129,2361,25
1129,2385,17
1129,2391,30
1129,2398,25
1129,2400,12
1129,2403,25
1129,2407,75
1129,2443,25
1129,4117,139
1129,4122,13
1129,4132,25
1129,4145,25
1129,4147,25
1129,4189,50
1129,4203,25
1129,4205,50
1129,4209,25
1129,6928,19
1129,6931,25
1129,7242,25
1129,7448,25
1129,7458,25
1129,7684,16
1129,7896,120
1129,7899,24
1129,7918,16
1129,8043,60
1129,8053,5
1129,8087,30
1129,8421,50
1129,8705,25
1129,8838,7
1129,8960,25
1132,7028,25
1136,4429,1030
1136,4433,508
1136,5870,50
1138,1736,20
1147,3181,30
1147,6542,72
1158,1025,25
1158,1879,200
1158,8054,90
1158,8386,7
1158,8745,60
1161,984,150
1161,3012,95
1161,3650,895
1162,370,120
1162,436,25
1162,3128,50
1166,210,1
1166,994,1
1166,2028,350
1166,2309,46
1166,2415,375
1166,3251,10
1166,3459,425
1166,4122,2
1166,4629,290
1166,4768,110
1166,9707,210
1170,38,30
1170,523,80
1170,1946,20
1170,2226,25
1170,2312,25
1170,2342,25
1170,4928,75
1170,5241,50
1170,6280,25
1170,6781,25
1170,9528,30
1170,9764,25
1170,9768,25
1170,9773,25
1170,9795,25
1170,9813,30
1170,9816,25
1178,4590,50
1178,9444,113
1184,7261,50
1184,7296,25
1184,7300,75
1184,7674,25
1184,8757,20
1193,200,165
1193,790,25
1193,892,141
1193,1025,75
1193,1358,57
1193,1736,295
1193,2471,45
1193,2475,1425
1193,2492,225
1193,2508,124
1193,2558,192
1193,2578,226
1193,2908,105
1193,4265,420
1193,4276,111
1193,4317,304
1193,4326,405
1193,4354,45
1193,4369,985
1193,4372,275
1193,4373,45
1193,4961,1135
1193,4968,30
1193,4970,320
1193,4974,705
1193,4990,12
1193,5023,1436
1193,5030,550
1193,6945,755
1193,6952,351
1193,6962,30
1193,6974,290
1193,7004,322
1193,7016,775
1193,7019,75
1193,7028,451
1193,7041,245
1193,7063,1670
1193,7070,28
1193,7077,37
1193,7080,179
1193,7081,32
1193,7116,231
1193,7166,45
1193,7169,611
1193,7234,44
1193,7315,485
1193,7350,100
1193,7360,79
1193,7405,25
1193,7411,78
1193,7416,14
1193,7489,66
1193,7491,61
1193,7492,84
1193,7494,16
1193,7504,75
1193,7518,1521
1193,7551,642
1193,7561,265
1193,7575,165
1193,7576,1952
1193,7588,432
1193,7590,71
1193,7594,189
1193,7696,54
1193,7705,236
1193,7711,96
1193,7713,147
1193,7715,84
1193,7732,749
1193,7733,289
1193,7759,579
1193,7764,175
1193,7770,253
1193,7772,25
1193,7779,136
1193,7789,8
1193,7807,36
1193,7825,54
1193,7924,60
1193,7925,90
1193,7928,129
1193,7949,60
1193,7964,249
1193,7966,27
1193,8106,54
1193,8139,21
1193,8140,132
1193,8146,25
1193,8149,80
1193,8161,740
1193,8165,839
1193,8187,180
1193,8239,66
1193,8243,47
1193,8320,60
1193,8325,180
1193,8331,432
1193,8335,24
1193,8489,50
1193,8521,132
1193,8578,70
1193,8609,115
1193,8613,58
1193,8621,18
1193,8642,366
1193,8667,250
1193,8803,51
1193,8815,219
1197,9411,11
1206,778,60
1206,1025,25
1215,3438,12
1216,517,530
1216,881,430
1216,1056,264
1216,1883,55
1219,1603,50
1223,1096,180
1223,1843,435
1223,9202,66
1223,9230,45
1223,9245,55
1223,9331,20
1224,3426,55
1225,1618,628
1225,2826,126
1225,2958,30
1225,3103,210
1225,3148,600
1225,3149,120
1225,3151,810
1225,3161,3720
1225,3501,505
1225,3620,126
1225,3733,150
1225,5241,30
1225,5649,108
1225,5654,36
1225,9227,2496
1225,9277,30
1225,9362,1638
1225,9376,60
1225,9422,112714
1229,1070,55
1229,2781,20
1234,28,50
1236,4425,80
1237,774,30
1237,2213,700
1242,1025,50
1242,3224,15
1243,4890,60
1244,21,425
1244,294,5
1244,303,4608
1244,383,213
1244,484,35
1244,569,14140
1244,649,42781
1244,660,342
1244,702,6680
1244,710,2578
1244,731,10
1244,1263,1755
1244,1414,2309
1244,1430,36
1244,1618,123
1244,2002,180
1244,2029,1557
1244,2620,248
1244,2674,65
1244,3737,1342
1244,3748,888
1244,3760,795
1244,3887,843
1244,4604,366
1244,4714,529
1244,5339,132
1244,5508,5225
1257,3929,40
1257,4889,265
1258,9577,25
1259,6236,2974
1260,1025,25
1263,6,25
1263,345,55
1263,1025,50
1263,1736,7
1263,2784,1044
1263,3128,30
1263,3489,30
1263,3548,66
1263,3704,444
1263,4484,300
1263,4497,25
1263,4714,911
1263,5556,50
1263,5633,42
1263,6162,20
1263,6532,65
1266,18,50
1266,42,15
1266,57,25
1266,69,35
1266,83,130
1266,89,136
1266,101,25
1266,106,115
1266,108,25
1266,110,25
1266,111,25
1266,121,175
1266,150,25
1266,174,35
1266,203,75
1266,233,25
1266,287,25
1266,356,125
1266,358,25
1266,359,125
1266,368,30
1266,369,45
1266,382,65
1266,443,25
1266,444,25
1266,445,325
1266,453,54
1266,454,25
1266,494,275
1266,506,25
1266,515,230
1266,516,60
1266,538,270
1266,549,55
1266,558,135
1266,567,125
1266,602,50
1266,606,75
1266,665,25
1266,699,35
1266,714,205
1266,766,100
1266,776,30
1266,780,50
1266,784,25
1266,797,25
1266,808,84
1266,826,25
1266,831,50
1266,839,150
1266,871,185
1266,898,365
1266,902,30
1266,921,75
1266,924,520
1266,955,25
1266,967,400
1266,984,100
1266,1003,200
1266,1037,25
1266,1039,55
1266,1045,15
1266,1051,25
1266,1057,100
1266,1061,40
1266,1064,50
1266,1067,24
1266,1072,50
1266,1076,65
1266,1077,100
1266,1082,25
1266,1089,25
1266,1113,50
1266,1119,20
1266,1134,180
1266,1140,150
1266,1142,100
1266,1144,50
1266,1148,560
1266,1168,162
1266,1169,30
1266,1198,25
1266,1213,25
1266,1214,50
1266,1217,75
1266,1230,40
1266,1239,49
1266,1240,25
1266,1252,25
1266,1289,25
1266,1297,30
1266,1298,780
1266,1300,309
1266,1310,60
1266,1313,75
1266,1340,80
1266,1369,25
1266,1371,40
1266,1376,90
1266,1379,150
1266,1384,25
1266,1390,40
1266,1408,91
1266,1445,250
1266,1447,2826
1266,1451,20
1266,1459,425
1266,1465,50
1266,1504,1705
1266,1518,90
1266,1522,25
1266,1537,50
1266,1555,25
1266,1556,30
1266,1557,25
1266,1558,45
1266,1560,20
1266,1567,25
1266,1578,25
1266,1593,130
1266,1604,30
1266,1609,20
1266,1619,36
1266,1638,125
1266,1640,375
1266,1652,20
1266,1654,768
1266,1660,85
1266,1661,25
1266,1682,30
1266,1683,25
1266,1705,150
1266,1707,20
1266,1718,50
1266,1719,316
1266,1728,25
1266,1729,25
1266,1735,50
1266,1745,40
1266,1747,50
1266,1753,430
1266,1758,120
1266,1764,255
1266,1781,20
1266,1806,400
1266,1809,30
1266,1815,25
1266,1819,105
1266,1822,6
1266,1836,50
1266,1856,50
1266,1859,18
1266,1861,25
1266,1874,50
1266,1878,90
1266,1882,75
1266,1890,25
1266,1926,30
1266,1929,25
1266,1933,65
1266,1935,5
1266,1954,373
1266,1968,20
1266,1988,50
1266,1996,1233
1266,2000,150
1266,2038,175
1266,2040,185
1266,2044,120
1266,2047,25
1266,2083,80
1266,2112,635
1266,2113,290
1266,2116,50
1266,2132,15
1266,2141,50
1266,2150,25
1266,2159,900
1266,2174,20
1266,2195,25
1266,2205,15
1266,2209,50
1266,2222,25
1266,2229,93
1266,2234,45
1266,2252,20
1266,2254,225
1266,2279,234
1266,2293,20
1266,2299,48
1266,2302,279
1266,2314,274
1266,2315,25
1266,2316,100
1266,2321,30
1266,2330,25
1266,2338,225
1266,2502,50
1266,2552,35
1266,2560,10
1266,2562,100
1266,2590,25
1266,2592,45
1266,2625,50
1266,2636,95
1266,2645,25
1266,2646,50
1266,2655,700
1266,2673,35
1266,2692,480
1266,2697,60
1266,2701,280
1266,2716,165
1266,2722,25
1266,2733,50
1266,2746,15
1266,2802,25
1266,2819,630
1266,2825,102
1266,2834,25
1266,2841,50
1266,2844,25
1266,2847,430
1266,2877,25
1266,2888,25
1266,2893,60
1266,2894,20
1266,2898,25
1266,2908,660
1266,2915,15
1266,2932,54
1266,2936,25
1266,2939,45
1266,2956,25
1266,2987,50
1266,3007,25
1266,3022,30
1266,3031,25
1266,3050,115
1266,3059,50
1266,3082,75
1266,3108,50
1266,3159,25
1266,3212,5
1266,3302,45
1266,3307,15
1266,3308,50
1266,3317,44
1266,3342,25
1266,3348,25
1266,3386,25
1266,3390,120
1266,3411,25
1266,3412,15
1266,3426,25
1266,3441,85
1266,3457,10
1266,3486,25
1266,3491,75
1266,3507,75
1266,3523,75
1266,3531,40
1266,3555,100
1266,3565,45
1266,3581,25
1266,3617,25
1266,3618,25
1266,3622,25
1266,3630,25
1266,3652,75
1266,3659,30
1266,3672,25
1266,3695,25
1266,3708,190
1266,3710,135
1266,3721,407
1266,3734,935
1266,3761,110
1266,3786,50
1266,3794,305
1266,3810,340
1266,3816,30
1266,3849,25
1266,3851,200
1266,3899,540
1266,3904,505
1266,3912,25
1266,3921,5
1266,3946,25
1266,3971,30
1266,3975,25
1266,3988,25
1266,4006,50
1266,4020,25
1266,4021,757
1266,4056,125
1266,4067,50
1266,4113,137
1266,4230,50
1266,4277,70
1266,4345,25
1266,4355,25
1266,4357,25
1266,4391,60
1266,4402,30
1266,4428,5
1266,4450,75
1266,4472,20
1266,4497,150
1266,4507,25
1266,4511,50
1266,4513,200
1266,4519,443
1266,4535,50
1266,4538,10
1266,4543,60
1266,4549,45
1266,4553,200
1266,4578,25
1266,4590,25
1266,4612,175
1266,4616,50
1266,4619,50
1266,4620,50
1266,4641,61
1266,4643,80
1266,4655,230
1266,4668,35
1266,4688,60
1266,4701,75
1266,4707,25
1266,4772,75
1266,4787,20
1266,4806,165
1266,4820,998
1266,4836,50
1266,4859,25
1266,4874,60
1266,4886,20
1266,4899,25
1266,4917,75
1266,4937,25
1266,4994,55
1266,5020,6
1266,5038,75
1266,5081,870
1266,5139,160
1266,5157,25
1266,5173,75
1266,5182,104
1266,5203,20
1266,5244,525
1266,5274,50
1266,5276,573
1266,5315,175
1266,5317,25
1266,5326,564
1266,5333,55
1266,5336,150
1266,5340,25
1266,5341,25
1266,5345,5
1266,5347,50
1266,5369,175
1266,5391,100
1266,5402,35
1266,5410,180
1266,5418,35
1266,5422,90
1266,5425,50
1266,5439,42
1266,5440,30
1266,5441,55
1266,5442,64
1266,5447,25
1266,5469,54
1266,5470,50
1266,5475,100
1266,5481,55
1266,5483,220
1266,5529,25
1266,5538,50
1266,5542,25
1266,5543,25
1266,5544,635
1266,5550,80
1266,5555,360
1266,5557,25
1266,5572,50
1266,5573,500
1266,5585,50
1266,5593,50
1266,5605,100
1266,5606,50
1266,5611,55
1266,5631,50
1266,5640,200
1266,5646,230
1266,5655,100
1266,5658,50
1266,5670,110
1266,5672,25
1266,5687,50
1266,5691,25
1266,5709,134
1266,5718,150
1266,5730,60
1266,5747,50
1266,5750,50
1266,5784,55
1266,5796,55
1266,5801,20
1266,5802,25
1266,5808,25
1266,5865,80
1266,5890,95
1266,5891,40
1266,5914,40
1266,5943,85
1266,5955,50
1266,6006,32
1266,6022,25
1266,6056,75
1266,6080,15
1266,6081,20
1266,6093,25
1266,6097,120
1266,6146,30
1266,6147,24
1266,6148,95
1266,6159,30
1266,6165,25
1266,6170,40
1266,6172,75
1266,6173,50
1266,6175,125
1266,6192,75
1266,6238,100
1266,6243,25
1266,6249,50
1266,6268,25
1266,6283,25
1266,6293,50
1266,6300,25
1266,6304,15
1266,6317,25
1266,6341,150
1266,6379,25
1266,6382,25
1266,6383,25
1266,6425,225
1266,6431,20
1266,6434,10
1266,6459,50
1266,6464,50
1266,6466,25
1266,6488,50
1266,6493,50
1266,6513,30
1266,6516,54
1266,6541,100
1266,6548,30
1266,6569,30
1266,6602,125
1266,6603,25
1266,6604,45
1266,6640,75
1266,6642,18
1266,6650,25
1266,6656,25
1266,6658,25
1266,6666,25
1266,6667,100
1266,6676,50
1266,6680,70
1266,6683,100
1266,6695,210
1266,6702,10
1266,6731,50
1266,6734,25
1266,6735,10
1266,6739,25
1266,6744,50
1266,6752,25
1266,6754,50
1266,6760,50
1266,6761,30
1266,6790,45
1266,6793,85
1266,6809,20
1266,6825,50
1266,6830,25
1266,6838,25
1266,6843,50
1266,6847,25
1266,6865,25
1266,6870,50
1266,6874,25
1266,6890,135
1266,6901,25
1266,7029,75
1266,7083,25
1266,7093,20
1266,7094,74
1266,7108,25
1266,7268,45
1266,7335,25
1266,7337,75
1266,7500,20
1266,7558,100
1266,7574,25
1266,7805,50
1266,7892,25
1266,7938,48
1266,7975,25
1266,8154,60
1266,8176,54
1266,8261,42
1266,8490,25
1266,8534,50
1266,8617,25
1266,8787,25
1266,9014,30
1266,9016,25
1266,9166,75
1266,9167,225
1266,9168,25
1266,9212,50
1266,9225,25
1266,9228,50
1266,9241,75
1266,9253,25
1266,9270,25
1266,9281,55
1266,9283,50
1266,9287,24
1266,9333,125
1266,9340,25
1266,9352,40
1266,9354,25
1266,9363,30
1266,9367,50
1266,9368,25
1266,9395,25
1266,9416,60
1266,9471,24
1266,9485,5
1266,9492,20
1266,9508,40
1266,9531,85
1266,9534,510
1266,9563,25
1266,9577,45
1266,9589,55
1266,9603,100
1266,9611,45
1266,9614,30
1266,9631,30
1266,9646,69
1266,9688,5
1266,9693,40
1266,9699,15
1266,9715,45
1266,9721,127
1266,9726,30
1266,9727,15
1266,9730,205
1266,9735,25
1266,9762,75
1266,9779,20
1266,9784,50
1266,9785,50
1266,9806,30
1269,1025,50
1269,1736,374
1269,1743,30
1269,3009,175
1269,3498,615
1269,3664,930
1269,3879,5179
1269,3904,155
1269,4712,230
1269,5556,60
1269,6241,20
1269,6565,70
1271,4094,10
1271,6326,46
1273,2253,25
1274,4841,40
1274,6720,60
1275,1025,25
1275,5663,30
1276,603,5
1276,3073,191
1276,3381,10
1276,3623,5
1276,3636,5
1276,5925,15
1276,6185,135
1276,6252,5
1279,2755,65
1282,430,18
1290,1312,5
1290,1694,42
1290,2649,155
1292,6310,60
1292,6671,30
1298,826,25
1298,1198,25
1298,1640,100
1298,7199,65
1298,9492,25
1299,1696,30
1307,38,480
1307,49,25
1307,449,435
1307,523,1088
1307,609,2890
1307,1170,31254
1307,1173,25
1307,1187,25
1307,1288,30
1307,1356,25
1307,1581,111
1307,1741,90
1307,1779,50
1307,1838,30
1307,1946,135
1307,2226,25
1307,2312,30
1307,2342,50
1307,2772,420
1307,3477,30
1307,3597,36
1307,3663,120
1307,3962,36
1307,4557,25
1307,4558,25
1307,4853,30
1307,4928,150
1307,5095,135
1307,5119,25
1307,5241,880
1307,5771,25
1307,5831,25
1307,5878,50
1307,5882,25
1307,5901,60
1307,5923,60
1307,6021,30
1307,6081,30
1307,6337,25
1307,6338,90
1307,6528,36
1307,6601,120
1307,6746,25
1307,6781,160
1307,6789,60
1307,6821,30
1307,6884,55
1307,9521,50
1307,9528,645
1307,9764,30
1307,9768,50
1307,9773,715
1307,9788,75
1307,9795,25
1307,9804,60
1307,9813,25
1307,9816,275
1307,9828,30
1307,9832,30
1309,9721,35
1313,6603,25
1320,1573,755
1326,847,400
1326,1383,120
1326,1579,25
1326,1962,25
1326,2351,25
1326,2385,8
1326,3783,25
1326,4120,25
1326,4127,25
1326,4147,20
1326,7442,100
1326,7447,40
1326,7459,96
1326,7831,30
1326,7907,96
1326,7919,48
1326,8082,30
1326,8102,120
1326,8690,125
1327,1025,110
1327,1687,6396
1327,2740,6205
1327,3196,592
1327,3214,90
1327,5556,350
1327,9131,330
1331,6983,5
1333,103,20
1336,765,40
1336,1087,865
1336,1923,1561
1338,6,20
1338,790,175
1338,1622,50
1338,1769,6
1338,1839,55
1338,1857,15
1338,2183,4273
1338,2473,174
1338,2476,16
1338,2480,155
1338,2482,90
1338,2499,45
1338,2515,80
1338,2551,100
1338,2552,150
1338,2553,50
1338,2559,75
1338,2563,20
1338,2908,95
1338,4235,6574
1338,4254,25
1338,4259,55
1338,4274,1166
1338,4276,24
1338,4288,5
1338,4294,25
1338,4300,140
1338,4302,250
1338,4324,50
1338,4331,140
1338,4336,40
1338,4341,568
1338,4345,30
1338,4349,50
1338,4357,35
1338,4364,105
1338,4372,25
1338,4373,5
1338,4380,25
1338,4382,25
1338,4987,146
1338,5000,40
1338,6096,30
1338,6942,40
1338,6971,25
1338,6972,75
1338,7045,73
1338,7052,100
1338,7094,160
1338,7099,20
1338,7118,49
1338,7125,140
1338,7175,24
1338,7206,5
1338,7208,25
1338,7217,175
1338,7330,88
1338,7341,50
1338,7342,75
1338,7383,88
1338,7388,65
1338,7397,5
1338,7403,5
1338,7490,20
1338,7514,25
1338,7525,15
1338,7542,130
1338,7564,105
1338,7596,12
1338,7747,456
1338,7777,40
1338,7813,304
1338,7926,225
1338,7931,50
1338,8193,72
1338,8196,6
1338,8202,1420
1338,8248,90
1338,8276,72
1338,8281,181
1338,8302,52
1338,8309,30
1338,8533,20
1338,8542,25
1338,8550,5
1338,8628,25
1338,8633,25
1338,8647,20
1338,8679,140
1338,8795,2690
1345,1025,25
1345,1650,980
1345,3458,15
1345,4175,215
1345,4952,75
1350,3777,30
1355,4144,2
1375,376,155
1375,824,116
1375,1025,138
1375,1620,25
1375,2534,324
1375,2539,250
1375,2908,25
1375,8470,40
1397,9459,35
1398,1042,30
1398,2562,45
1398,6969,65
1398,7094,105
1398,7100,40
1398,7514,40
1398,7595,50
1398,7722,30
1398,8238,25
1398,8333,30
1398,8503,10
1398,8666,55
1414,480,220
1414,642,1064
1414,709,1926
1414,738,400
1414,826,85
1414,1010,80
1414,1444,5
1414,1488,1306
1414,1507,1463
1414,1508,825
1414,3272,325
1414,3326,723
1414,3670,24
1414,4437,270
1414,4595,142
1414,4742,445
1414,5130,1685
1414,5188,55
1414,5277,6695
1414,5279,165
1414,5407,3506
1414,5546,30
1414,5641,1619
1414,5643,349
1414,5821,110
1414,5822,20
1414,9412,50
1416,1025,25
1416,5351,98
1416,5404,255
1416,5405,770
1416,5663,198
1417,53,3302
1417,4628,256
1417,5356,6
1417,5359,663
1417,5626,4289
1417,5643,369
1417,9580,620
1419,735,61
1419,1025,25
1419,1800,150
1419,2072,246
1419,2076,282
1419,4800,60
1419,5165,315
1419,5680,30
1419,5804,5
1419,5817,385
1420,59,255
1420,1428,125
1420,2797,150
1420,5648,98
1420,6800,25
1420,9825,350
1421,285,40
1425,2074,82
1426,639,1370
1426,673,9943
1426,1025,30
1426,1800,270
1426,1992,11868
1426,2075,50
1426,2082,7943
1426,3723,30
1426,4763,4131
1426,4776,20
1426,5641,150
1426,5663,240
1426,5713,60
1427,5667,20
1430,1025,50
1430,1213,50
1430,1758,705
1430,2032,7670
1430,2075,30
1430,5711,25
1431,1025,55
1432,57,50
1432,59,20
1432,137,175
1432,189,309
1432,283,92
1432,466,42
1432,679,258
1432,704,30
1432,721,1298
1432,733,20
1432,1433,192
1432,1481,82
1432,1488,592
1432,1498,100
1432,1499,160
1432,2060,65
1432,2150,40
1432,2830,50
1432,3035,293
1432,3263,55
1432,3704,789
1432,3744,64
1432,4412,270
1432,4606,20
1432,4780,120
1432,4810,328
1432,4940,340
1432,5186,80
1432,5200,10
1432,5256,90
1432,5295,60
1432,5300,320
1432,5301,20
1432,5302,84
1432,5304,60
1432,5309,40
1432,5310,20
1432,5312,40
1432,5356,54
1432,5378,120
1432,5459,284
1432,5584,110
1432,5606,60
1432,5618,80
1432,5642,568
1432,5652,20
1432,5777,148
1432,5787,5
1432,5838,20
1432,6729,20
1432,9342,10
1432,9379,30
1432,9424,36
1432,9729,725
1432,9790,56
1435,283,92
1437,1025,25
1437,5277,13150
1440,4567,225
1440,5602,305
1441,1025,30
1443,2076,250
1443,5350,44
1447,515,40
1447,748,145
1447,898,25
1447,1933,40
1447,2043,50
1447,2625,25
1447,5544,210
1447,5557,50
1447,9395,50
1448,3721,499
1448,5142,55
1449,1025,25
1449,5648,50
1453,290,110
1462,3264,60
1467,1989,25
1468,492,12
1468,666,280
1468,1025,35
1468,1325,30
1468,4567,102
1468,4647,12
1469,3283,279
1469,5434,151
1469,5612,48
1469,5626,110
1472,2853,357
1472,3834,55
1472,5818,55
1472,5876,110
1472,6158,20
1472,6505,55
1472,6769,55
1473,59,20
1473,3326,206
1476,3743,80
1478,1258,1295
1478,3755,40
1478,5392,966
1478,5457,50
1478,5619,293
1478,6875,12
1478,9508,105
1488,5689,102
1488,5821,176
1490,1025,25
1491,1025,25
1491,4567,25
1493,1107,25
1493,5508,15
1504,641,1149
1506,1800,40
1506,3562,25
1506,3729,265
1506,3730,150
1506,3758,346
1506,4567,50
1506,5272,400
1506,5648,55
1506,5859,150
1506,6063,25
1509,2654,126
1509,2922,74
1509,5125,40
1509,5781,2178
1509,9616,355
1510,2785,75
1510,3162,10
1510,9182,45
1520,4394,40
1520,9509,24
1520,9748,44
1520,9792,24
1532,1358,25
1532,2416,640
1532,2440,405
1532,2795,30
1532,3562,80
1532,4470,10
1532,4595,21
1532,4855,10
1532,5215,5
1532,7011,950
1532,7145,25
1532,7688,24
1532,7846,10
1532,8055,94
1532,8403,60
1532,8461,155
1532,8684,610
1532,8698,60
1532,8824,5
1532,8830,11
1532,8835,656
1532,8970,6
1532,8972,42
1532,8993,20
1532,9010,24
1534,112,30
1534,901,1595
1534,1360,3915
1534,1375,130
1534,1736,90
1534,1763,560
1534,1800,26
1534,2527,25
1534,2537,4955
1534,2543,3660
1534,7086,30
1534,7604,40
1534,7612,30
1534,8477,60
1534,8791,30
1534,8928,30
1535,440,30
1535,775,235
1535,847,200
1535,1370,25
1535,2361,30
1535,2411,100
1535,2844,50
1535,4135,850
1535,4189,25
1535,4200,25
1535,4207,16
1535,4214,25
1535,4236,35
1535,4952,100
1535,5246,35
1535,6929,35
1535,7144,50
1535,7430,25
1535,8417,50
1535,8419,25
1538,318,297
1538,1550,80
1538,3130,48
1538,5238,55
1538,9265,35
1538,9752,363
1541,1025,25
1544,1129,2
1546,7263,25
1550,2600,20
1563,1124,218
1563,1395,5
1563,1816,5
1564,2785,40
1570,1879,2916
1570,1910,131
1570,4207,1697
1570,4947,100
1570,7284,20
1570,8376,184
1570,8436,40
1570,8451,205
1570,8701,48
1570,8731,20
1570,8736,24
1570,8768,24
1572,116,25
1572,1232,20
1572,5245,3200
1572,9625,35
1584,390,5
1585,198,18
1585,815,25
1585,9263,475
1586,3562,90
1596,944,70
1597,386,10
1610,7011,8
1610,7647,60
1610,8746,25
1616,2228,226
1617,1803,30
1617,4571,103
1617,9249,160
1618,9422,60
1620,369,240
1620,372,200
1620,647,30
1620,689,30
1620,740,90
1620,973,240
1620,1073,90
1620,1375,60
1620,1435,36
1620,1530,66
1620,1864,6090
1620,1906,180
1620,2358,2190
1620,2388,30
1620,2539,150
1620,4688,25
1620,4905,300
1620,5319,45
1620,5533,52
1620,5766,415
1620,6790,80
1620,7268,30
1620,9201,15
1620,9688,60
1634,1079,25
1634,2249,66
1634,2688,301
1634,2712,60
1634,9289,24
1644,1736,55
1645,939,6
1645,1694,25
1646,108,55
1650,7273,40
1652,764,339
1652,1716,50
1652,1840,25
1652,2229,50
1654,1168,127
1654,1567,25
1654,1817,10
1654,2834,25
1654,4553,50
1654,5157,25
1654,9471,30
1654,9531,25
1654,9646,25
1656,1223,50
1656,2235,50
1662,1010,40
1662,1096,20
1662,2667,85
1662,3137,445
1662,5229,549
1664,9086,25
1665,3142,4
1665,4122,3
1666,1826,5
1668,83,1155
1668,124,170
1668,2365,50
1670,121,200
1670,1122,40
1670,1630,64
1670,1662,936
1670,1809,25
1670,9540,30
1671,64,48
1671,103,25
1671,1547,30
1671,1602,30
1671,1627,25
1671,1855,45
1671,2189,30
1671,2268,18
1671,2289,24
1671,2326,25
1671,2647,30
1671,2718,15
1671,3147,30
1671,4395,71
1671,4564,30
1671,4568,25
1671,4570,255
1671,9238,21
1671,9314,30
1671,9374,35
1671,9405,5
1671,9525,30
1671,9722,30
1675,2919,30
1675,3169,30
1675,9169,255
1677,50,126
1678,386,1
1678,4122,1
1681,931,330
1681,4172,308
1681,4952,125
1681,7241,30
1681,7466,810
1681,7679,60
1681,7692,120
1681,8449,50
1685,9302,372
1687,778,100
1687,1025,25
1687,2729,12
1691,2230,35
1691,3066,77
1691,3103,20
1691,3442,497
1691,5752,95
1691,6833,35
1691,9509,20
1704,1025,25
1704,1327,25
1704,3235,7
1707,65,6
1707,74,124
1707,116,5
1707,123,25
1707,201,25
1707,245,30
1707,305,18
1707,316,60
1707,352,25
1707,456,40
1707,470,75
1707,525,14
1707,537,90
1707,629,25
1707,630,25
1707,662,25
1707,707,20
1707,708,20
1707,835,60
1707,870,30
1707,897,25
1707,899,40
1707,964,50
1707,1031,30
1707,1046,20
1707,1103,25
1707,1308,25
1707,1348,25
1707,1385,100
1707,1415,20
1707,1500,45
1707,1501,25
1707,1502,40
1707,1503,10
1707,1515,18
1707,1536,25
1707,1554,25
1707,1565,50
1707,1595,25
1707,1639,24
1707,1653,24
1707,1685,25
1707,1701,20
1707,1724,20
1707,1743,5
1707,1774,30
1707,1824,80
1707,1864,25
1707,1869,50
1707,1910,65
1707,1939,30
1707,1947,25
1707,1959,445
1707,1964,140
1707,1974,25
1707,1976,30
1707,2045,50
1707,2116,75
1707,2119,20
1707,2131,50
1707,2161,25
1707,2171,225
1707,2199,50
1707,2230,20
1707,2235,5
1707,2269,80
1707,2271,40
1707,2291,30
1707,2301,25
1707,2334,30
1707,2358,30
1707,2630,25
1707,2680,10
1707,2709,30
1707,2721,50
1707,2732,6
1707,2797,247
1707,2810,30
1707,2836,20
1707,2842,75
1707,2859,6
1707,2869,60
1707,2893,24
1707,2900,30
1707,2906,30
1707,2921,30
1707,3005,55
1707,3026,152
1707,3046,30
1707,3061,50
1707,3085,50
1707,3088,25
1707,3122,54
1707,3129,25
1707,3132,24
1707,3155,25
1707,3157,55
1707,3175,24
1707,3272,80
1707,3274,50
1707,3327,15
1707,3369,20
1707,3373,25
1707,3376,25
1707,3380,25
1707,3403,172
1707,3410,60
1707,3413,60
1707,3433,25
1707,3514,25
1707,3522,25
1707,3528,25
1707,3535,25
1707,3540,13
1707,3543,25
1707,3549,60
1707,3550,50
1707,3554,77
1707,3576,66
1707,3590,220
1707,3598,20
1707,3610,25
1707,3613,25
1707,3648,40
1707,3677,5
1707,3700,50
1707,3706,25
1707,3770,20
1707,3782,55
1707,3785,30
1707,3795,55
1707,3808,30
1707,3829,55
1707,3844,30
1707,3846,10
1707,3850,25
1707,3853,53
1707,3883,25
1707,3884,75
1707,3889,25
1707,3903,25
1707,3917,30
1707,3932,50
1707,3939,50
1707,3948,50
1707,3950,20
1707,3991,100
1707,4044,275
1707,4055,25
1707,4107,25
1707,4288,25
1707,4409,20
1707,4420,25
1707,4452,25
1707,4454,55
1707,4462,30
1707,4485,30
1707,4501,30
1707,4505,25
1707,4520,6
1707,4533,60
1707,4554,75
1707,4565,40
1707,4576,25
1707,4587,20
1707,4681,150
1707,4713,25
1707,4719,30
1707,4725,40
1707,4731,100
1707,4733,120
1707,4740,25
1707,4803,25
1707,4811,15
1707,4847,20
1707,4851,25
1707,4856,25
1707,4876,48
1707,4889,159
1707,4891,25
1707,4914,80
1707,4923,28
1707,5022,25
1707,5045,20
1707,5057,50
1707,5061,30
1707,5065,55
1707,5071,715
1707,5079,25
1707,5086,305
1707,5091,20
1707,5094,80
1707,5114,475
1707,5118,25
1707,5134,30
1707,5147,25
1707,5167,25
1707,5175,20
1707,5183,20
1707,5184,20
1707,5196,25
1707,5204,25
1707,5259,100
1707,5284,5
1707,5285,80
1707,5286,20
1707,5322,20
1707,5323,25
1707,5355,125
1707,5358,50
1707,5368,25
1707,5374,25
1707,5380,45
1707,5388,15
1707,5395,20
1707,5398,24
1707,5404,40
1707,5456,25
1707,5463,30
1707,5494,30
1707,5511,36
1707,5522,25
1707,5616,20
1707,5650,24
1707,5661,90
1707,5666,45
1707,5671,25
1707,5699,54
1707,5710,65
1707,5749,50
1707,5770,90
1707,5773,5
1707,5775,25
1707,5779,5
1707,5785,24
1707,5786,25
1707,5788,45
1707,5792,45
1707,5798,5
1707,5806,45
1707,5811,25
1707,5820,25
1707,5823,25
1707,5824,20
1707,5828,55
1707,5831,20
1707,5835,50
1707,5845,25
1707,5846,25
1707,5848,315
1707,5855,90
1707,5862,50
1707,5866,50
1707,5869,48
1707,5872,20
1707,5874,5
1707,5884,20
1707,5889,150
1707,5895,25
1707,5899,30
1707,5903,25
1707,5904,20
1707,5907,20
1707,5910,25
1707,5940,120
1707,5965,184
1707,5966,125
1707,5968,20
1707,5974,30
1707,5989,30
1707,5991,25
1707,6004,100
1707,6005,30
1707,6011,75
1707,6038,50
1707,6040,90
1707,6052,25
1707,6079,30
1707,6083,274
1707,6103,30
1707,6106,25
1707,6115,30
1707,6125,710
1707,6141,25
1707,6175,20
1707,6196,20
1707,6203,25
1707,6205,25
1707,6206,35
1707,6211,30
1707,6222,30
1707,6232,15
1707,6235,392
1707,6265,132
1707,6273,105
1707,6288,25
1707,6296,25
1707,6307,25
1707,6311,25
1707,6312,45
1707,6329,55
1707,6343,200
1707,6347,75
1707,6351,25
1707,6358,150
1707,6364,25
1707,6388,24
1707,6397,30
1707,6398,45
1707,6403,30
1707,6411,105
1707,6423,30
1707,6435,30
1707,6442,15
1707,6446,15
1707,6460,20
1707,6467,30
1707,6472,30
1707,6478,25
1707,6479,30
1707,6480,30
1707,6489,24
1707,6490,30
1707,6495,25
1707,6504,30
1707,6507,25
1707,6512,5
1707,6530,30
1707,6531,102
1707,6556,30
1707,6557,5
1707,6558,30
1707,6559,6
1707,6561,25
1707,6566,18
1707,6567,30
1707,6573,30
1707,6575,30
1707,6577,30
1707,6583,50
1707,6585,25
1707,6589,20
1707,6591,30
1707,6595,30
1707,6596,5
1707,6598,30
1707,6606,50
1707,6612,25
1707,6613,5
1707,6617,100
1707,6625,20
1707,6630,80
1707,6633,20
1707,6635,30
1707,6637,25
1707,6639,30
1707,6645,30
1707,6651,25
1707,6652,30
1707,6669,55
1707,6670,25
1707,6674,25
1707,6678,18
1707,6681,25
1707,6686,60
1707,6697,20
1707,6700,25
1707,6705,93
1707,6707,20
1707,6716,20
1707,6719,25
1707,6727,15
1707,6740,40
1707,6749,25
1707,6751,30
1707,6758,15
1707,6763,50
1707,6766,25
1707,6771,30
1707,6774,2
1707,6777,20
1707,6778,20
1707,6782,20
1707,6784,160
1707,6796,30
1707,6798,15
1707,6800,255
1707,6802,20
1707,6817,25
1707,6819,24
1707,6820,20
1707,6835,400
1707,6837,24
1707,6841,5
1707,6850,24
1707,6853,25
1707,6854,50
1707,6862,30
1707,6863,30
1707,6881,30
1707,6886,25
1707,6891,25
1707,6895,25
1707,7105,50
1707,7229,25
1707,8082,25
1707,8372,30
1707,8373,30
1707,8724,50
1707,9064,50
1707,9116,25
1707,9220,15
1707,9256,30
1707,9296,30
1707,9318,25
1707,9321,44
1707,9336,30
1707,9349,962
1707,9372,30
1707,9380,440
1707,9399,30
1707,9401,24
1707,9466,24
1707,9473,25
1707,9475,30
1707,9484,25
1707,9494,30
1707,9509,25
1707,9514,25
1707,9527,60
1707,9530,55
1707,9539,75
1707,9543,220
1707,9551,25
1707,9561,25
1707,9562,100
1707,9567,8
1707,9570,54
1707,9578,30
1707,9598,25
1707,9599,20
1707,9606,30
1707,9615,30
1707,9637,50
1707,9640,30
1707,9661,25
1707,9663,24
1707,9666,25
1707,9673,100
1707,9674,230
1707,9675,30
1707,9679,25
1707,9681,240
1707,9683,49
1707,9685,25
1707,9694,24
1707,9697,30
1707,9725,25
1707,9728,30
1707,9731,220
1707,9734,30
1707,9738,60
1707,9742,20
1707,9744,25
1707,9759,233
1707,9765,6
1707,9770,24
1707,9776,30
1707,9780,24
1707,9783,25
1707,9789,30
1707,9791,25
1707,9797,30
1707,9801,24
1707,9802,72
1707,9809,84
1707,9811,24
1707,9812,60
1707,9817,55
1707,9821,30
1707,9823,30
1707,9827,30
1707,9829,40
1707,9830,24
1710,301,241
1710,560,113
1710,564,400
1710,618,402
1710,631,2144
1710,998,60
1710,1725,30
1710,1736,52
1710,2615,1158
1710,3049,12652
1710,3074,1228
1710,3344,11878
1710,3573,900
1710,3629,64
1710,3637,156
1710,3642,120
1710,3938,624
1710,4039,18
1710,4096,20
1710,4716,140
1710,4938,180
1710,6066,1793
1710,6096,99
1710,6178,30
1710,6321,236
1710,6641,1581
1710,6770,116
1713,3592,40
1713,4732,145
1713,5915,20
1713,6597,85
1713,6607,20
1714,6,120
1714,72,2023
1714,2103,8603
1714,2692,645
1714,2737,225
1714,2744,413
1714,3013,275
1714,3336,45
1714,3548,679
1714,4726,99
1714,4840,241
1714,5988,425
1714,6071,25
1714,6098,60
1714,6486,50
1714,6752,20
1725,557,2
1725,998,73
1725,1163,210
1725,1800,2672
1725,2232,15
1725,2598,11102
1725,3609,8162
1725,3634,51
1725,3877,45
1725,3886,25
1725,3997,105
1725,5648,151
1725,6066,666
1725,6096,125
1725,6692,30
1725,6860,77
1731,3030,228
1731,3576,15
1731,3686,20
1736,939,90
1736,1325,87068
1736,1394,22
1736,1533,190
1736,1751,2670
1736,2069,1990
1736,2751,10
1736,2872,64
1736,2970,1496
1736,2981,1726
1736,3052,25
1736,3099,9120
1736,3119,12427
1736,5191,5312
1736,6091,720
1743,3562,15
1743,4567,50
1746,1025,25
1746,4829,50
1746,5663,30
1746,6404,1145
1746,6474,435
1746,6726,150
1748,6801,10
1749,1711,455
1753,108,25
1757,1255,41
1757,3934,5
1757,6571,35
1759,3585,20
1759,3919,325
1759,4827,20
1761,130,50
1761,1025,44
1761,3103,30
1769,1025,20
1769,2548,10
1769,4992,687
1769,7028,35
1769,7203,226
1769,7387,65
1769,7598,90
1769,7983,66
1769,8012,75
1769,8168,210
1769,8211,91
1769,8522,354
1769,8597,25
1769,8652,30
1770,1576,875
1770,2376,25
1770,2795,30
1770,7141,140
1770,8362,30
1770,8374,100
1770,8433,125
1770,8708,25
1770,8760,25
1770,8836,55
1770,8886,54
1787,1970,18
1787,2720,24
1787,5833,44
1793,1090,55
1793,1649,588
1798,3382,66
1800,59,300
1800,321,2195
1800,466,25
1800,677,80
1800,1010,15
1800,1038,1471
1800,1053,5
1800,1121,60
1800,1420,575
1800,1473,25
1800,1512,30
1800,2048,55
1800,2071,1385
1800,2074,100
1800,2075,2231
1800,2264,2565
1800,2327,55
1800,2665,30
1800,2674,25
1800,2676,680
1800,2797,285
1800,2852,90
1800,3277,120
1800,3328,75
1800,3366,120
1800,3481,730
1800,3528,42
1800,3591,25
1800,3687,26
1800,3704,954
1800,3760,868
1800,4113,228
1800,4412,156
1800,4470,150
1800,4513,30
1800,4545,275
1800,4595,218
1800,4650,25
1800,5059,115
1800,5075,8938
1800,5081,120
1800,5130,295
1800,5168,270
1800,5169,25
1800,5174,50
1800,5193,25
1800,5194,10
1800,5200,96
1800,5278,299
1800,5284,25
1800,5325,110
1800,5328,185
1800,5356,240
1800,5365,25
1800,5378,35
1800,5400,50
1800,5484,30
1800,5488,21653
1800,5502,25
1800,5507,75
1800,5546,815
1800,5566,25
1800,5576,25
1800,5580,435
1800,5587,102
1800,5594,42
1800,5597,50
1800,5599,70
1800,5602,50
1800,5606,25
1800,5609,30
1800,5620,485
1800,5622,115
1800,5629,196
1800,5643,280
1800,5648,602
1800,5662,15
1800,5663,2124
1800,5675,255
1800,5692,25
1800,5698,20
1800,5702,25
1800,5705,25
1800,5713,60
1800,5722,30
1800,5728,72
1800,5734,1925
1800,5735,25
1800,5756,85
1800,5766,45
1800,5777,80
1800,5812,60
1800,5813,405
1800,5826,200
1800,5829,75
1800,5830,20
1800,5836,329
1800,5839,25
1800,5841,25
1800,5843,240
1800,5867,30
1800,5870,140
1800,5881,20
1800,5886,25
1800,5908,825
1800,5949,105
1800,6063,225
1800,6104,5
1800,6106,90
1800,6235,25
1800,6374,25
1800,6381,55
1800,6449,25
1800,6527,145
1800,6555,66
1800,6760,15
1800,6778,150
1800,6779,25
1800,6784,100
1800,6795,913
1800,6800,230
1800,6866,75
1800,6873,50
1800,9179,1095
1800,9288,25
1800,9349,555
1800,9424,637
1800,9542,45
1800,9580,205
1800,9590,175
1800,9711,30
1800,9760,847
1800,9803,30
1800,9825,175
1800,9833,45
1800,9834,50
1802,9711,30
1803,378,135
1803,1156,156
1803,1214,45
1803,1332,24
1803,1560,1180
1803,1758,15
1803,2667,25
1803,2942,46
1803,3101,50
1803,4571,48
1803,4593,80
1803,9166,25
1803,9333,269
1803,9423,22
1803,9465,24
1803,9718,15
1814,2422,5631
1815,774,36
1827,1025,55
1840,252,20
1840,530,75
1840,1074,3
1840,1312,36
1840,2510,225
1840,2568,914
1840,2572,177
1840,2576,709
1840,4207,1746
1840,4855,25
1840,4966,55
1840,6939,2384
1840,6976,1201
1840,7011,5
1840,7024,264
1840,7027,35
1840,7046,355
1840,7196,192
1840,7785,90
1840,8197,198
1840,8837,80
1840,9391,90
1844,856,210
1844,939,30
1844,2256,265
1844,2356,780
1844,2484,900
1844,2509,7084
1844,2512,2277
1844,2514,57
1844,2554,103
1844,3479,321
1844,4228,1065
1844,4310,100
1844,4382,200
1844,7008,60
1844,7017,100
1844,7020,145
1844,7028,30
1844,7192,3736
1844,7206,507
1844,7355,234
1844,7403,331
1844,7571,126
1844,7586,30
1844,7745,168
1844,7775,30
1844,7968,36
1844,8129,246
1844,8133,127
1844,8315,96
1844,8506,30
1844,8534,351
1844,8579,90
1844,8660,101
1844,8935,30
1847,8835,60
1848,3785,108
1848,9449,50
1857,172,15
1857,2433,120
1857,4966,135
1870,240,25
1870,264,157
1870,1905,200
1870,4481,222
1870,6339,30
1870,9301,255
1879,1158,785
1879,1910,25
1879,2378,140
1885,372,25
1885,784,75
1885,1062,150
1885,1230,25
1885,1305,415
1885,1376,20
1885,1614,165
1885,1649,30
1885,1736,60
1885,1875,22
1885,1977,30
1885,2156,24
1885,2685,30
1885,2825,30
1885,3103,400
1885,3441,25
1885,3460,60
1885,3783,115
1885,9169,25
1885,9212,50
1892,1906,50
1892,5210,180
1893,4143,3
1893,4958,50
1897,9350,66
1898,1813,25
1898,5210,26
1899,13,80
1901,451,350
1901,1022,705
1901,1345,6077
1901,1358,105
1901,1374,200
1901,1681,1990
1901,1818,95
1901,2255,50
1901,2364,375
1901,2366,285
1901,2367,20
1901,2380,165
1901,2383,345
1901,2424,222
1901,2427,685
1901,2429,20
1901,2451,1950
1901,4121,1815
1901,4133,150
1901,4136,50
1901,4137,5
1901,4138,195
1901,4148,20
1901,4149,44
1901,4151,587
1901,4154,165
1901,4158,5
1901,4167,3634
1901,4177,100
1901,4179,155
1901,4194,50
1901,4197,45
1901,4198,125
1901,4202,273
1901,4207,148
1901,4950,40
1901,4951,40
1901,6917,125
1901,7139,220
1901,7146,30
1901,7259,80
1901,7295,50
1901,7440,25
1901,7452,810
1901,7639,50
1901,7663,25
1901,7668,25
1901,7679,30
1901,7685,17
1901,7870,30
1901,7873,12
1901,7893,55
1901,8036,25
1901,8038,235
1901,8044,30
1901,8095,30
1901,8402,75
1903,105,35
1907,202,81
1907,3438,234
1908,921,150
1908,1010,20
1908,1062,534
1908,1300,606
1908,1368,55
1908,1683,25
1908,2284,575
1908,2787,50
1908,2832,85
1908,2936,10
1908,3124,25
1908,4591,25
1908,9169,184
1908,9246,25
1908,9571,50
1910,1939,55
1910,8451,30
1910,8728,50
1911,1063,20
1911,4016,708
1911,5105,424
1911,5110,2830
1911,9818,24
1921,4260,26
1921,4269,100
1921,4334,35
1921,7016,595
1921,7035,220
1921,7045,266
1921,7203,131
1921,7383,240
1921,7487,15
1921,7495,216
1921,7773,35
1921,7790,161
1921,8008,230
1921,8012,30
1921,8168,312
1921,8218,25
1921,8288,42
1921,8495,242
1921,8581,42
1921,8815,150
1934,1025,20
1934,8737,17
1934,8985,30
1938,1025,50
1938,3128,15
1940,9195,160
1954,871,44
1954,1589,250
1954,1608,25
1954,1620,25
1954,1672,20
1954,2194,30
1954,2675,699
1954,2869,15
1954,3442,25
1954,4679,25
1954,9199,45
1958,767,365
1958,8448,42
1960,2788,30
1960,9622,85
1969,9703,48
1973,316,528
1975,4207,2228
1978,371,175
1978,528,5487
1978,746,560
1978,1158,275
1978,1205,435
1978,1213,25
1978,1219,124
1978,1534,25
1978,1541,990
1978,1546,1350
1978,1646,385
1978,1879,3060
1978,1910,118
1978,2259,40
1978,2369,2450
1978,2370,318
1978,2396,2467
1978,2405,25
1978,2410,800
1978,2414,901
1978,2437,175
1978,2452,200
1978,2453,60
1978,2465,245
1978,3820,1775
1978,4118,10303
1978,4123,50
1978,4129,350
1978,4207,5727
1978,5219,72
1978,5234,30
1978,6915,8219
1978,6924,145
1978,7156,329
1978,7249,4202
1978,7300,375
1978,7422,30
1978,7474,159
1978,7613,50
1978,7841,6
1978,8076,120
1978,8375,84
1978,8390,18
1978,8458,174
1978,8743,150
1978,8848,30
1980,6235,58
1981,4576,55
1991,299,48
1991,4818,55
1992,1025,50
1994,1025,20
1996,2040,135
1996,2043,50
1996,4616,100
1996,9283,150
1997,4567,25
1997,5663,30
2003,1025,30
2004,263,17129
2004,276,776
2004,299,4155
2004,301,4879
2004,346,30
2004,430,50
2004,594,348
2004,631,17456
2004,702,30907
2004,1053,25
2004,1468,1661
2004,1473,1044
2004,1506,5
2004,2003,282
2004,2033,90
2004,2100,2805
2004,2169,85
2004,2608,3340
2004,2742,4550
2004,2964,2033
2004,3047,30
2004,3049,20
2004,3219,75
2004,3237,532
2004,3271,2822
2004,3276,2316
2004,3310,438
2004,3718,75
2004,3722,11469
2004,3727,1182
2004,3737,494
2004,3759,55524
2004,4079,1381
2004,4650,150
2004,5359,12
2004,5360,352
2004,5476,30
2004,5485,84
2004,5523,255
2004,5613,80
2004,5648,445
2004,5834,210
2004,5843,80
2004,6979,25
2004,7196,15
2004,7379,70
2004,7410,25
2004,7417,45
2004,8144,24
2004,8240,72
2004,9412,30
2019,2052,30
2019,5560,80
2025,1025,25
2025,1213,30
2025,1758,180
2029,1244,25
2029,6431,66
2033,653,40
2033,1416,2404
2033,1478,8
2033,1991,1127
2033,3714,5
2033,4626,25
2033,5181,3028
2033,5287,528
2033,5351,66
2033,5648,55
2033,5663,132
2035,1025,110
2035,5142,110
2035,5663,66
2037,3026,5
2037,4735,59
2037,4889,5
2037,5280,105
2037,5458,1236
2037,5754,100
2037,6903,26
2042,4638,80
2046,1025,25
2049,288,25
2050,3869,60
2050,5794,20
2050,5863,24
2051,1450,3175
2051,1800,150
2051,3321,20
2051,4567,25
2051,5641,30
2051,5648,75
2051,5663,120
2051,5711,5
2051,5815,15
2058,5142,25
2065,5142,15
2066,1025,55
2066,4567,25
2070,2039,40
2070,3709,536
2070,4771,25
2070,5514,75
2072,1025,25
2075,732,30
2075,5075,65
2076,1025,55
2080,378,181
2080,2088,1691
2080,2884,54
2080,3130,1511
2080,3310,3200
2080,3711,575
2080,3722,56945
2080,3746,7231
2080,3755,1140
2080,3885,704
2080,4624,375
2080,4759,110
2080,5037,145
2080,5169,165
2080,5321,1880
2080,5382,216
2080,5400,165
2080,5451,392
2080,5461,45
2080,5533,187
2080,5648,606
2080,5765,176
2080,5774,100
2080,6096,110
2080,6431,176
2080,6875,42
2081,5659,100
2082,1025,50
2084,3316,135
2084,3763,40
2084,5190,200
2084,5466,248
2084,5477,80
2084,5492,120
2084,5570,40
2084,5684,40
2084,5690,40
2084,5793,20
2084,5856,84
2084,9192,12
2087,1416,190
2087,5509,1412
2087,5711,99
2087,5892,613
2088,505,25
2088,5449,22
2088,9424,132
2090,1025,25
2100,1025,50
2103,51,30
2103,420,220
2103,2692,129
2103,3336,15
2103,4840,54
2103,4863,5
2103,5459,102
2103,5556,25
2103,5980,416
2103,5988,85
2103,6334,60
2103,6382,60
2103,6548,72
2103,6647,20
2103,6859,10
2104,5142,80
2107,430,20
2107,3506,40
2107,3900,275
2110,1736,30
2112,1077,20
2112,1134,25
2112,1252,100
2112,2195,25
2113,1252,100
2115,2075,20
2115,3593,35
2115,4497,30
2115,4567,70
2115,5648,30
2115,6138,20
2115,6339,42
2115,6498,70
2115,9424,48
2118,26,1365
2118,2232,10
2118,3616,109
2118,6073,200
2118,6130,256
2123,3593,55
2125,311,125
2125,651,25
2125,3128,50
2125,3565,25
2127,4142,5
2135,311,5
2139,419,30
2139,2992,55
2140,4697,350
2153,757,202
2153,1891,6
2153,2895,15
2153,2919,15
2153,3435,47
2168,2155,30
2168,6177,20
2169,732,30
2169,1258,200
2169,3386,50
2169,4688,50
2169,5158,195
2179,404,30
2179,833,24
2179,2180,25
2179,9593,25
2183,7098,25
2183,7226,130
2183,7525,25
2183,8351,50
2193,1655,6
2193,3834,66
2193,4065,55
2193,5125,170
2193,5832,242
2193,5870,235
2193,6406,32
2193,6492,25
2193,9433,85
2193,9592,5
2196,2872,119
2197,5236,25
2197,9602,24
2204,5528,42
2232,9406,15
2232,9407,5
2232,9408,15
2247,4016,25
2247,4671,55
2247,6774,85
2249,1350,30
2249,1843,2052
2249,9485,105
2252,774,240
2254,7497,25
2258,1358,25
2258,1758,25
2258,2499,55
2258,4300,205
2258,4314,3968
2258,4317,465
2258,4338,169
2258,4964,53
2258,4966,80
2258,4972,646
2258,4973,89
2258,5016,90
2258,6952,1041
2258,7016,50
2258,7050,345
2258,7343,817
2258,7522,25
2258,7542,195
2258,7797,25
2258,8019,25
2258,8547,30
2258,8549,155
2258,8651,75
2265,40,75
2265,4447,60
2266,2921,50
2270,2783,5
2270,4421,96
2276,755,60
2294,2220,120
2302,2150,25
2302,2316,25
2302,2716,20
2302,4787,20
2302,9281,24
2302,9492,20
2306,1848,84
2306,3785,66
2307,4407,570
2314,9281,24
2317,925,12
2335,932,120
2335,1143,104
2335,1695,20
2335,2318,225
2335,2897,72
2335,3107,10
2335,3771,115
2335,4524,40
2335,9597,44
2335,9690,25
2336,9485,40
2338,1168,50
2338,2847,25
2338,6488,50
2347,4122,2
2347,7155,2
2348,2261,25
2348,8452,25
2352,386,1
2352,4122,1
2352,4144,12
2352,4943,12
2355,7332,25
2356,1025,25
2356,7042,60
2356,7517,30
2356,8488,30
2356,8558,30
2356,8564,800
2364,1025,25
2365,847,1998
2366,2435,45
2369,1025,25
2369,6647,20
2370,1736,5
2372,2424,225
2374,7274,25
2374,7286,20
2374,7296,44
2375,1025,30
2378,1025,20
2383,7893,60
2387,2445,300
2387,4161,15
2387,4951,25
2396,1025,25
2396,6905,50
2396,8876,35
2397,7841,120
2401,1584,5
2401,2261,25
2401,4567,25
2401,7842,18
2401,7863,50
2401,8918,60
2401,8991,25
2401,9006,25
2408,1370,25
2411,2406,25
2411,6932,80
2414,1025,50
2414,1603,25
2414,4207,196
2414,4947,200
2414,7478,75
2414,8388,30
2414,8731,25
2416,1610,25
2416,1978,47
2416,6913,30
2416,7011,30
2416,7145,25
2416,8032,55
2416,8060,84
2416,8079,85
2416,8445,129
2416,8738,5
2416,8868,60
2416,8869,25
2416,8891,175
2418,8066,76
2422,386,5916
2422,393,1325
2422,2430,1150
2426,390,4521
2426,2347,25691
2426,2409,580
2427,2424,50
2427,7477,475
2428,2424,25
2428,4236,25
2428,7251,40
2428,7282,25
2428,7466,165
2428,7656,190
2434,1025,25
2437,939,30
2437,1010,25
2437,2461,25
2437,7633,100
2451,4217,100
2456,7847,240
2458,8089,30
2459,7296,42
2461,6909,25
2464,2361,25
2465,1025,25
2465,1213,25
2466,15,1
2466,4122,1
2468,1025,70
2468,4231,50
2468,4243,25
2468,4258,220
2468,4294,45
2468,4341,20
2468,4354,96
2468,4373,20
2468,7107,215
2468,7184,35
2468,8275,42
2468,8277,36
2468,8336,61
2468,8491,30
2468,8667,67
2470,7769,175
2470,7958,42
2471,4294,25
2472,1025,25
2472,2514,606
2472,4272,105
2472,4295,610
2472,4304,40
2472,4360,467
2472,5026,50
2472,5027,25
2472,6958,690
2472,6971,180
2472,7033,265
2472,7044,35
2472,7061,20
2472,7109,20
2472,7719,120
2472,7923,192
2472,8161,30
2472,8339,36
2473,8256,24
2474,4294,10
2474,7028,16
2477,4326,505
2477,7028,40
2477,7055,430
2477,7498,25
2477,7779,117
2477,8161,42
2477,8595,35
2478,6950,50
2478,7205,20
2478,7774,45
2478,7787,640
2478,7926,5529
2478,7941,72
2478,7968,30
2478,7999,159
2478,8114,115
2478,8181,20
2478,8209,72
2478,8218,170
2478,8487,25
2478,8532,40
2478,8681,55
2479,4354,20
2479,8203,42
2479,8933,411
2482,1025,25
2482,6966,390
2482,7749,45
2482,7989,30
2483,1025,35
2483,8161,30
2483,8346,27
2485,1025,25
2485,7814,36
2488,68,42
2488,4231,75
2488,6986,1029
2488,7531,495
2488,8164,2492
2488,8346,42
2489,7171,55
2489,7182,20
2495,2577,120
2495,4366,520
2495,7026,843
2495,7739,264
2496,2258,180
2496,4318,40
2496,4352,20
2496,7028,20
2496,7202,74
2496,7349,100
2496,7381,170
2496,7388,30
2496,7773,5
2496,8307,33
2496,9015,10
2497,4373,450
2497,7066,5
2497,8614,50
2500,198,18
2500,1658,160
2500,2555,120
2500,2557,1946
2500,2565,225
2500,4236,30
2500,4239,300
2500,4241,180
2500,4242,130
2500,4246,30
2500,4250,55
2500,4251,525
2500,4256,330
2500,4266,300
2500,4267,245
2500,4272,455
2500,4275,18
2500,4276,167
2500,4279,90
2500,4280,30
2500,4283,60
2500,4285,75
2500,4288,25
2500,4309,150
2500,4311,240
2500,4342,270
2500,4360,1328
2500,4362,524
2500,4374,75
2500,4375,717
2500,4378,200
2500,4381,350
2500,4969,90
2500,4981,90
2500,4986,210
2500,4990,21
2500,4991,185
2500,4993,60
2500,4996,180
2500,5002,355
2500,5003,30
2500,5004,413
2500,5005,85
2500,5017,30
2500,5025,432
2500,5026,30
2500,5027,225
2500,5028,30
2500,5032,30
2500,6947,520
2500,6962,185
2500,6971,50
2500,6975,140
2500,6992,25
2500,6998,240
2500,7001,90
2500,7009,1117
2500,7012,276
2500,7013,120
2500,7019,186
2500,7021,215
2500,7022,150
2500,7037,90
2500,7044,30
2500,7048,380
2500,7061,435
2500,7070,290
2500,7072,70
2500,7078,60
2500,7081,41
2500,7092,210
2500,7098,175
2500,7102,60
2500,7106,120
2500,7109,120
2500,7121,120
2500,7122,50
2500,7126,30
2500,7135,60
2500,7177,300
2500,7187,830
2500,7188,120
2500,7193,120
2500,7194,335
2500,7207,25
2500,7220,180
2500,7236,120
2500,7237,525
2500,7238,545
2500,7312,150
2500,7319,120
2500,7323,30
2500,7328,100
2500,7354,366
2500,7359,60
2500,7370,60
2500,7382,300
2500,7401,75
2500,7405,30
2500,7411,120
2500,7485,210
2500,7491,54
2500,7501,25
2500,7511,30
2500,7527,60
2500,7534,85
2500,7535,150
2500,7538,90
2500,7539,35
2500,7547,338
2500,7559,756
2500,7565,30
2500,7702,90
2500,7709,60
2500,7720,462
2500,7727,30
2500,7731,42
2500,7746,120
2500,7752,72
2500,7755,180
2500,7762,25
2500,7767,30
2500,7771,30
2500,7773,30
2500,7789,120
2500,7794,80
2500,7795,25
2500,7807,87
2500,7810,30
2500,7812,90
2500,7819,66
2500,7825,84
2500,7829,60
2500,7934,78
2500,7940,174
2500,7942,30
2500,7948,36
2500,7955,36
2500,7964,42
2500,7973,474
2500,7987,108
2500,7996,210
2500,8005,448
2500,8006,390
2500,8011,90
2500,8023,277
2500,8105,36
2500,8108,126
2500,8111,72
2500,8119,55
2500,8122,90
2500,8126,50
2500,8127,66
2500,8135,144
2500,8140,228
2500,8150,36
2500,8156,126
2500,8159,36
2500,8163,377
2500,8166,180
2500,8177,72
2500,8195,72
2500,8196,24
2500,8212,105
2500,8213,96
2500,8233,90
2500,8234,42
2500,8235,108
2500,8246,105
2500,8253,144
2500,8278,180
2500,8282,108
2500,8284,42
2500,8291,168
2500,8295,36
2500,8297,66
2500,8308,90
2500,8316,42
2500,8339,1014
2500,8344,210
2500,8351,90
2500,8502,105
2500,8513,24
2500,8517,100
2500,8523,150
2500,8546,35
2500,8570,55
2500,8573,90
2500,8587,150
2500,8592,30
2500,8597,35
2500,8601,90
2500,8610,70
2500,8611,30
2500,8621,48
2500,8626,30
2500,8680,348
2500,8780,54
2500,8794,25
2500,8803,84
2500,8804,65
2500,8807,70
2500,8815,30
2500,8892,30
2500,8936,77
2500,8943,110
2500,9018,35
2500,9022,30
2501,1025,25
2501,8603,75
2503,4225,250
2503,7757,180
2503,8015,175
2507,4200,380
2509,1844,597
2509,2508,105
2509,4284,199
2509,4319,30
2509,4379,367
2509,6954,180
2509,7010,141
2509,7066,50
2509,7131,54
2509,7155,485
2509,7232,1275
2509,7233,281
2509,7330,11
2509,7536,960
2509,7780,86
2509,8001,810
2509,8103,36
2509,8130,108
2509,8261,60
2509,8652,5
2509,8802,75
2511,8251,42
2512,1025,25
2512,4275,305
2512,5020,30
2512,6991,50
2512,7028,30
2512,7078,25
2512,7105,100
2512,7357,60
2512,7727,30
2512,8023,30
2512,8150,25
2512,8161,20
2516,4244,32
2517,7217,455
2520,1258,30
2520,1309,30
2520,1370,25
2532,2542,315
2532,7137,66
2532,7296,1313
2532,7614,30
2532,8785,30
2532,9391,5408
2532,9710,91
2534,7622,30
2537,901,50
2544,901,25
2549,1025,675
2554,1825,25
2554,2493,60
2554,2908,5
2554,4379,24
2554,6948,25
2554,7028,51
2554,7044,75
2554,7057,487
2554,7107,45
2554,7537,46
2554,7566,20
2554,7568,225
2554,7742,25
2554,7960,20
2554,8107,30
2554,8161,24
2554,8279,30
2554,8280,30
2554,8330,18
2554,8634,25
2554,8655,85
2554,8667,42
2557,7401,35
2557,8316,72
2561,7820,8
2568,2473,240
2568,2548,300
2568,2550,120
2568,2576,320
2568,7090,210
2568,8024,192
2568,8260,282
2568,9021,40
2569,68,30
2572,530,15
2572,2359,150
2572,4334,50
2572,6994,45
2572,7046,175
2572,7196,160
2574,790,20
2574,1825,35
2574,2701,50
2574,4376,535
2576,7786,60
2577,3828,50
2577,4319,15
2580,963,340
2580,1727,391
2580,1758,95
2580,3370,250
2580,6131,165
2580,6414,150
2584,3058,75
2598,1025,90
2598,2773,300
2598,3904,36
2598,3989,83429
2598,4722,776
2598,6063,100
2599,5549,24
2601,1725,135
2601,2615,125
2601,3634,104
2601,3956,166
2608,2204,6
2608,2986,75
2608,3999,685
2608,6057,736
2608,6698,105
2609,4889,44
2612,327,50
2612,6444,99
2613,548,1183
2613,572,130
2613,776,24
2613,1010,75
2613,1758,50
2613,3681,695
2613,4048,60
2613,6419,50
2615,5556,45
2615,6096,110
2618,4855,170
2619,1713,125
2619,2142,20
2619,2638,160
2619,3021,90
2619,4042,451
2619,4734,64
2619,6320,40
2620,1025,25
2620,5663,30
2631,1267,290
2631,3502,45
2631,4724,22
2631,5931,95
2631,6088,27
2633,1025,35
2634,778,25
2634,1025,50
2636,6123,45
2637,778,95
2637,1025,45
2642,6626,5
2649,70,216
2649,469,1022
2649,1719,110
2649,2269,115
2649,3433,150
2649,4016,121
2649,4236,150
2649,4386,66
2649,4746,696
2649,4936,13613
2649,5212,325
2649,5351,55
2649,6264,161
2649,6520,246
2649,6705,35
2649,6747,25
2649,9220,40
2649,9302,1452
2649,9600,55
2649,9658,112
2652,150,15
2652,938,30
2652,1221,144
2652,2168,450
2652,5089,125
2652,9492,113
2655,359,125
2655,567,16
2655,1134,20
2655,1148,75
2655,1609,25
2655,1926,15
2655,2279,60
2655,3412,15
2655,4787,20
2655,9281,30
2670,1843,30
2672,1721,5
2672,1972,573
2672,2712,30
2672,5125,190
2672,9466,25
2674,2649,65
2674,3443,4220
2675,3481,1683
2677,430,6
2677,1155,190
2679,212,55
2684,7087,175
2686,5063,40
2703,430,1
2703,2719,41
2703,9282,448
2710,1563,130
2710,1843,60
2710,3154,162
2719,9312,55
2719,9330,55
2723,967,100
2725,91,194
2725,969,30
2725,978,10
2725,2583,80
2725,3357,12
2725,3857,10
2725,4053,20
2725,6031,20
2725,6056,15
2725,6180,200
2725,6204,24
2725,6248,20
2725,6250,225
2725,6327,100
2725,6586,90
2725,9083,24
2728,409,80
2728,3358,5
2729,34,156
2729,193,72
2729,243,200
2729,778,85
2729,1025,50
2729,1166,1580
2729,1206,55
2729,1242,1207
2729,1752,530
2729,1800,195
2729,1839,49
2729,2169,25
2729,2625,90
2729,2861,391
2729,3189,79
2729,3195,828
2729,3196,1138
2729,3202,20
2729,3204,126
2729,3214,5400
2729,3219,315
2729,3222,1490
2729,3235,47
2729,3244,1156
2729,3247,40
2729,3248,25
2729,3251,130
2729,4595,25
2729,5142,20
2729,5641,188
2729,6339,30
2729,6431,30
2729,9030,25
2729,9034,10
2729,9035,510
2729,9042,250
2729,9047,75
2729,9048,15
2729,9052,45
2729,9053,50
2729,9068,100
2729,9073,1705
2729,9087,410
2729,9089,75
2730,410,265
2730,2607,30
2733,6379,25
2740,778,100
2740,1025,55
2741,1010,15
2742,649,5
2742,974,75
2742,1025,20
2742,2100,5720
2742,2169,25
2742,3205,2265
2742,3207,1436
2742,3225,1081
2742,4762,1901
2742,9032,20
2743,1736,66
2744,778,30
2744,1025,30
2744,1758,30
2744,2169,30
2745,3980,820
2745,4680,5
2751,1751,45
2757,1580,30
2757,6593,805
2759,3560,96
2759,4830,25
2759,5993,20
2759,6048,19
2760,6286,5
2767,2132,45
2767,5973,30
2783,878,840
2783,937,7989
2783,1334,140
2783,2270,338
2783,2683,55
2784,76,75
2784,77,50
2784,78,120
2784,79,55
2784,161,320
2784,198,1
2784,210,4
2784,248,75
2784,386,1
2784,862,50
2784,1153,24
2784,1553,50
2784,1667,325
2784,2024,100
2784,3301,50
2784,3514,25
2784,4103,30
2784,4122,2
2784,4484,835
2784,5152,920
2784,5517,50
2784,6213,25
2784,6280,1595
2784,6405,50
2784,6503,25
2784,6822,25
2785,1873,40
2794,430,5
2801,81,20
2801,112,25
2801,113,25
2801,130,253
2801,144,75
2801,149,25
2801,166,75
2801,232,325
2801,314,25
2801,376,170
2801,402,182
2801,429,20
2801,460,403
2801,824,1453
2801,901,1080
2801,1094,31220
2801,1360,450
2801,1375,717
2801,1524,161
2801,1534,45
2801,1620,15
2801,1649,262
2801,1707,5
2801,1758,20
2801,1763,25
2801,1813,2700
2801,1860,610
2801,1895,50
2801,1898,701
2801,1927,50
2801,1982,530
2801,2240,25
2801,2518,50
2801,2519,420
2801,2522,235
2801,2523,300
2801,2524,155
2801,2526,48
2801,2527,75
2801,2528,1379
2801,2530,25
2801,2531,48
2801,2534,200
2801,2535,10
2801,2536,50
2801,2537,215
2801,2538,25
2801,2540,15
2801,2541,330
2801,2542,110
2801,2543,240
2801,2544,415
2801,2545,325
2801,2546,125
2801,2547,25
2801,2560,45
2801,2684,475
2801,4004,25
2801,4596,100
2801,6851,25
2801,7086,795
2801,7087,200
2801,7124,945
2801,7128,25
2801,7137,260
2801,7600,25
2801,7602,85
2801,7603,15
2801,7604,25
2801,7605,25
2801,7606,25
2801,7607,150
2801,7608,25
2801,7609,105
2801,7610,295
2801,7611,30
2801,7612,30
2801,7613,21
2801,7614,30
2801,7615,78
2801,7616,260
2801,7617,120
2801,7618,50
2801,7619,30
2801,7620,120
2801,7621,30
2801,7622,130
2801,7623,140
2801,7624,114
2801,7625,90
2801,7626,177
2801,7627,25
2801,7628,210
2801,7629,25
2801,7818,25
2801,8468,100
2801,8469,50
2801,8471,25
2801,8472,175
2801,8474,100
2801,8475,25
2801,8476,25
2801,8477,30
2801,8478,25
2801,8479,60
2801,8783,25
2801,8784,180
2801,8785,30
2801,8786,30
2801,8788,60
2801,8789,50
2801,8790,50
2801,8791,60
2801,8792,25
2801,8793,25
2801,8926,30
2801,8927,30
2801,8928,150
2801,9474,25
2801,9566,50
2801,9678,40
2806,9442,54
2808,9269,457
2810,3155,790
2815,371,25
2815,528,150
2819,4578,25
2826,3103,30
2831,787,275
2832,3169,10
2833,1887,1118
2833,2211,81
2833,2712,55
2833,9303,32
2833,9427,3
2840,430,586
2840,1209,184
2840,9678,95
2847,1609,25
2847,1890,25
2847,2279,60
2847,3441,25
2847,9281,25
2853,5736,66
2853,5874,50
2853,6324,121
2858,2161,255
2861,9058,15
2872,130,600
2872,140,60
2872,174,630
2872,203,7086
2872,253,90
2872,281,300
2872,356,300
2872,372,2994
2872,374,822
2872,558,360
2872,566,30
2872,572,510
2872,649,60
2872,673,30
2872,753,510
2872,754,60
2872,902,30
2872,976,240
2872,1119,240
2872,1252,870
2872,1343,120
2872,1558,90
2872,1736,414
2872,1762,30
2872,2229,423
2872,2252,510
2872,2299,432
2872,2358,2640
2872,2701,2510
2872,2716,60
2872,2841,60
2872,2844,480
2872,3108,774
2872,3142,30
2872,3495,30
2872,3507,300
2872,3944,40
2872,3973,150
2872,4426,300
2872,4428,505
2872,4547,66
2872,4618,390
2872,4666,30
2872,4668,60
2872,4777,36
2872,5191,36
2872,5333,60
2872,5448,60
2872,5483,180
2872,5524,30
2872,6123,110
2872,6159,144
2872,6192,120
2872,6300,120
2872,6315,420
2872,8988,30
2886,9286,17
2887,4471,255
2887,5142,25
2896,2074,179
2909,5116,42
2909,9313,25
2909,9500,190
2909,9607,20
2909,9651,30
2909,9718,70
2920,2649,25
2920,3418,110
2921,2266,25
2943,2926,50
2943,4395,284
2952,1120,150
2952,1736,90
2952,3103,30
2952,3426,25
2952,9384,10
2953,1025,55
2954,1025,55
2954,1624,50
2954,1736,85
2954,1883,50
2954,3103,60
2954,9188,5
2954,9488,33
2954,9652,25
2962,515,50
2962,778,100
2962,1206,545
2962,3235,853
2962,5142,55
2963,1025,55
2963,3251,2329
2963,4762,30
2964,1025,100
2964,3209,8302
2965,1025,75
2968,547,5
2968,991,5
2968,1712,1224
2968,1729,25
2968,1736,20
2968,2617,15
2968,3861,50
2968,3924,1034
2968,3989,9482
2968,4736,261
2968,4838,75
2968,4855,20
2968,6264,104
2968,6285,165
2968,6503,156
2968,6689,83
2968,6832,433
2968,6939,12
2981,1751,70
2982,1025,25
2982,2773,1885
2982,6063,88
2984,979,149
2984,1736,110
2984,2640,195
2984,3560,40
2984,3992,15
2984,4941,44
2984,6451,20
2985,6018,98
2990,2095,200
2990,2599,2381
2990,3755,15
2990,5407,50
2992,323,50
2992,2139,800
2996,430,12
2996,4114,75
2996,6582,40
2997,2,128
2997,15,2048239
2997,34,540
2997,68,319
2997,90,1137694
2997,92,10
2997,104,30
2997,107,18
2997,116,15
2997,124,5862
2997,147,10584
2997,151,45
2997,163,3267
2997,167,258
2997,169,1745083
2997,175,2225
2997,177,405
2997,180,91
2997,188,643537
2997,194,6189
2997,195,42793
2997,196,45
2997,226,10833
2997,252,61027
2997,258,20
2997,260,693
2997,276,9772
2997,294,1188
2997,299,7538
2997,327,52
2997,332,15
2997,336,257409
2997,340,44
2997,346,152
2997,357,18799
2997,385,827
2997,389,636954
2997,392,45
2997,403,1219
2997,416,5770
2997,418,960
2997,420,44725
2997,425,1275
2997,447,27
2997,453,120
2997,483,7789
2997,492,55
2997,522,566
2997,536,15114
2997,553,210
2997,557,77
2997,563,534
2997,565,15
2997,569,138
2997,571,816
2997,573,370
2997,575,11438
2997,581,2305
2997,583,45
2997,584,40
2997,595,2216
2997,600,52
2997,607,2090
2997,614,50229
2997,649,13724
2997,666,3292
2997,673,76
2997,676,15
2997,712,60
2997,748,746
2997,836,1298
2997,962,6856
2997,1001,2586
2997,1010,90
2997,1015,15
2997,1016,10
2997,1020,1426
2997,1021,1647
2997,1025,5003
2997,1027,20
2997,1047,8682
2997,1053,18
2997,1102,4332
2997,1111,306
2997,1161,1785
2997,1166,1575
2997,1193,5358
2997,1200,40
2997,1225,226
2997,1258,414
2997,1259,2622
2997,1263,858
2997,1266,376
2997,1285,330
2997,1291,237
2997,1292,210
2997,1295,318
2997,1307,90161
2997,1309,141
2997,1312,88
2997,1327,8534
2997,1419,2283
2997,1426,116
2997,1430,846
2997,1478,74
2997,1615,178
2997,1620,1417
2997,1628,108
2997,1690,12
2997,1691,45
2997,1707,9382
2997,1714,55
2997,1725,240
2997,1736,9263
2997,1745,926
2997,1784,210
2997,1800,2182
2997,1803,6609
2997,1834,48
2997,1840,1341
2997,1848,34
2997,1880,2090
2997,1907,25
2997,1909,76
2997,1953,45
2997,1972,2226
2997,1973,2063
2997,2004,3177
2997,2025,1975
2997,2075,60
2997,2080,10
2997,2093,15
2997,2153,114
2997,2169,85
2997,2171,76
2997,2482,278
2997,2554,552
2997,2572,301
2997,2582,115
2997,2597,32
2997,2608,31721
2997,2636,15
2997,2649,15
2997,2671,24
2997,2674,51
2997,2729,20342
2997,2744,1152
2997,2749,30
2997,2766,280
2997,2767,10
2997,2777,162
2997,2784,1347
2997,2789,15
2997,2796,654
2997,2808,449
2997,2833,87
2997,2852,30
2997,2872,89507
2997,2887,174
2997,2908,240
2997,2916,90
2997,2924,288
2997,2944,205
2997,2962,4354
2997,2984,45
2997,2990,5775
2997,3024,51
2997,3043,57
2997,3050,20
2997,3056,787
2997,3069,15
2997,3070,15
2997,3071,603
2997,3074,1280
2997,3087,15
2997,3107,5
2997,3130,2792
2997,3142,390
2997,3172,432
2997,3192,528
2997,3199,30
2997,3207,246
2997,3210,1357
2997,3213,414
2997,3225,2496
2997,3228,1895
2997,3237,4896
2997,3239,3348
2997,3249,2207
2997,3253,18804
2997,3254,1476
2997,3260,180
2997,3281,552
2997,3282,235
2997,3317,22
2997,3340,30
2997,3353,50
2997,3354,49954
2997,3359,15
2997,3364,15
2997,3373,30
2997,3448,320
2997,3489,75
2997,3517,212
2997,3524,70
2997,3526,30
2997,3533,246
2997,3545,138
2997,3548,30
2997,3562,201
2997,3638,830
2997,3673,30
2997,3679,50
2997,3696,966
2997,3704,468
2997,3722,24723
2997,3725,1787
2997,3748,12
2997,3876,93
2997,3901,10
2997,3918,5173
2997,3920,183
2997,3923,30
2997,3982,20
2997,3989,94133
2997,3998,135
2997,4004,45
2997,4069,25
2997,4075,10
2997,4081,190
2997,4088,591
2997,4106,258
2997,4110,45
2997,4150,60
2997,4392,15
2997,4432,33
2997,4438,582
2997,4456,135
2997,4470,891
2997,4489,33
2997,4550,207
2997,4567,561
2997,4595,537
2997,4601,22
2997,4625,2546
2997,4635,15
2997,4684,510
2997,4706,43
2997,4708,224
2997,4728,381
2997,4730,5
2997,4739,22
2997,4740,1130
2997,4742,45
2997,4745,115
2997,4750,5
2997,4753,642
2997,4755,559
2997,4762,15
2997,4771,30
2997,4791,6111
2997,4825,15
2997,4837,90
2997,4854,10047
2997,4861,36
2997,4864,1768
2997,4878,225
2997,4902,75
2997,5016,13317
2997,5047,210
2997,5048,7207
2997,5083,10
2997,5158,45
2997,5191,1002
2997,5199,102348
2997,5328,39
2997,5519,10848
2997,5556,33
2997,5586,433
2997,5641,1020
2997,5663,30
2997,5680,44
2997,5809,15
2997,5921,10
2997,5959,30
2997,5992,150
2997,6020,72
2997,6058,126
2997,6063,484
2997,6071,10
2997,6074,92
2997,6126,4267
2997,6195,42
2997,6231,30
2997,6274,90
2997,6280,45
2997,6377,10
2997,6378,5
2997,6380,63
2997,6437,126
2997,6456,52
2997,6461,33
2997,6462,216
2997,6478,66
2997,6522,132
2997,6524,160
2997,6526,204
2997,6643,54
2997,6689,15
2997,6710,70
2997,6721,45
2997,6730,543
2997,6733,20
2997,6757,5
2997,7043,946
2997,7196,1754
2997,8021,6149
2997,9031,348
2997,9224,106
2997,9269,109
2997,9424,187
2997,9463,504
2997,9540,360
2997,9641,168
2997,9650,20
2997,9723,12
3001,2139,386
3001,3504,40
3019,2600,55
3020,6521,30
3020,6630,100
3020,6775,12
3024,2,209
3024,15,634937
3024,34,7398
3024,51,5
3024,52,102
3024,68,7303
3024,72,15
3024,82,43
3024,90,1882288
3024,104,2338
3024,107,3341
3024,116,5
3024,124,2104
3024,151,146
3024,162,80
3024,163,1049
3024,167,250
3024,175,628
3024,176,167
3024,177,20
3024,178,31
3024,180,1000
3024,194,2209
3024,196,1151
3024,204,3790
3024,226,3682
3024,229,20959
3024,251,139
3024,252,17230
3024,260,1653
3024,271,111
3024,274,6497
3024,276,3346
3024,290,140
3024,298,11
3024,324,26
3024,325,317
3024,327,98437
3024,330,1945
3024,332,65
3024,339,97
3024,341,96
3024,342,1566
3024,346,4494
3024,355,4422
3024,385,8281
3024,392,46
3024,403,5
3024,406,260
3024,407,4633
3024,409,194
3024,414,184705
3024,416,1528
3024,418,140
3024,425,425
3024,430,5
3024,437,10224
3024,446,5
3024,447,40336
3024,453,130
3024,483,27952
3024,492,737
3024,505,3980
3024,522,182
3024,550,1394
3024,553,70
3024,554,431
3024,559,706
3024,563,3734
3024,565,5
3024,566,562
3024,569,71
3024,571,389
3024,573,4494
3024,574,330
3024,575,8156
3024,576,35
3024,583,15
3024,584,20
3024,587,8970
3024,588,655
3024,589,157
3024,590,582
3024,595,5
3024,597,312
3024,604,1220
3024,605,538
3024,607,1153
3024,612,300949
3024,614,7774
3024,616,50
3024,619,5853
3024,621,10
3024,624,196
3024,634,203
3024,642,4573
3024,649,6936
3024,650,25622
3024,666,33653
3024,673,510
3024,676,5
3024,682,4309
3024,689,1650
3024,705,5
3024,712,3743
3024,732,69
3024,735,1097
3024,739,46
3024,748,1725
3024,802,5
3024,836,25
3024,919,5
3024,935,10
3024,950,10
3024,951,1408
3024,957,55
3024,958,172
3024,960,30
3024,961,3471
3024,962,2501
3024,965,45
3024,973,23
3024,974,252
3024,983,15
3024,991,1546
3024,998,129
3024,1006,20
3024,1008,129
3024,1010,105
3024,1015,5084
3024,1016,5
3024,1020,754
3024,1021,529
3024,1025,32406
3024,1102,1384
3024,1111,122
3024,1161,605
3024,1166,470
3024,1171,25
3024,1193,7266
3024,1225,129
3024,1258,235
3024,1259,894
3024,1263,1035
3024,1266,4196
3024,1270,31
3024,1272,241
3024,1285,72
3024,1291,3833
3024,1292,3815
3024,1295,96
3024,1307,18122
3024,1312,642
3024,1327,681
3024,1419,801
3024,1426,8304
3024,1430,1117
3024,1468,263
3024,1478,439
3024,1506,5194
3024,1532,2016
3024,1566,40
3024,1585,913
3024,1620,7055
3024,1639,6
3024,1684,5
3024,1685,5
3024,1691,1236
3024,1694,12
3024,1704,435
3024,1707,2429
3024,1710,32840
3024,1712,37
3024,1714,6958
3024,1725,15743
3024,1733,20
3024,1736,4035
3024,1743,11
3024,1745,302
3024,1746,25
3024,1756,171
3024,1760,5438
3024,1769,2066
3024,1800,745
3024,1832,5
3024,1840,2424
3024,1953,15
3024,1970,42
3024,1983,567
3024,2004,32737
3024,2025,533
3024,2033,30
3024,2075,281
3024,2080,58
3024,2093,45
3024,2095,203
3024,2119,63
3024,2122,267
3024,2127,25
3024,2137,31
3024,2169,40
3024,2204,5
3024,2237,47
3024,2310,5
3024,2482,440
3024,2500,5106
3024,2532,367
3024,2572,90
3024,2580,3009
3024,2582,25
3024,2584,33
3024,2598,2557
3024,2601,3055
3024,2608,10150
3024,2613,1630
3024,2615,1971
3024,2619,1562
3024,2623,31
3024,2631,3466
3024,2632,280
3024,2636,5
3024,2639,115
3024,2649,220
3024,2652,1350
3024,2672,859
3024,2674,45
3024,2676,10
3024,2729,7704
3024,2744,383
3024,2750,178
3024,2767,17
3024,2784,1219
3024,2852,15
3024,2872,30298
3024,2887,251
3024,2908,80
3024,2924,456
3024,2962,696
3024,2971,712
3024,2977,27
3024,2984,1157
3024,3004,26
3024,3006,124
3024,3020,45
3024,3030,20
3024,3043,5
3024,3049,3765
3024,3050,5
3024,3053,139
3024,3056,7571
3024,3057,1160
3024,3064,502
3024,3065,107
3024,3069,5
3024,3070,15
3024,3071,206
3024,3077,20
3024,3079,1577
3024,3083,66
3024,3087,5
3024,3130,1748
3024,3142,2031
3024,3172,149
3024,3188,56
3024,3192,176
3024,3199,2805
3024,3202,245
3024,3207,82
3024,3210,8819
3024,3213,106
3024,3224,5619
3024,3225,620
3024,3228,487
3024,3237,28176
3024,3239,1103
3024,3249,447
3024,3253,525
3024,3254,72
3024,3258,62
3024,3260,5
3024,3261,80
3024,3271,1276
3024,3272,100
3024,3276,2165
3024,3281,418
3024,3282,45
3024,3284,5435
3024,3340,30
3024,3353,10
3024,3354,27437
3024,3359,5
3024,3364,5
3024,3372,923
3024,3373,10
3024,3382,40
3024,3383,60
3024,3428,24
3024,3452,78
3024,3479,169
3024,3489,50
3024,3493,5
3024,3533,82
3024,3538,114
3024,3539,81
3024,3540,42
3024,3541,496
3024,3545,46
3024,3548,10
3024,3562,36
3024,3579,20
3024,3580,30
3024,3593,46
3024,3605,98
3024,3613,5
3024,3624,10
3024,3631,5
3024,3638,4967
3024,3673,253
3024,3680,75
3024,3690,219
3024,3696,337
3024,3704,542
3024,3718,1229
3024,3722,2352
3024,3725,776
3024,3748,838
3024,3759,5224
3024,3760,1818
3024,3805,127
3024,3824,20
3024,3852,18
3024,3858,2415
3024,3861,150
3024,3862,15
3024,3867,80
3024,3876,36
3024,3894,1365
3024,3895,2678
3024,3915,197
3024,3918,1829
3024,3920,61
3024,3923,10
3024,3924,21
3024,3930,110
3024,3945,155
3024,3953,61
3024,3955,30
3024,3963,169
3024,3968,86
3024,3984,1997
3024,3990,444
3024,3996,410
3024,3998,45
3024,4000,66
3024,4004,30
3024,4021,40
3024,4037,202
3024,4039,80
3024,4041,919
3024,4051,257
3024,4062,24
3024,4072,52
3024,4079,1502
3024,4081,50
3024,4086,6
3024,4088,219
3024,4150,33727
3024,4392,5
3024,4395,22
3024,4420,50
3024,4432,10
3024,4470,110
3024,4475,35
3024,4489,12
3024,4502,15
3024,4550,3491
3024,4567,268
3024,4595,178
3024,4601,16
3024,4625,10
3024,4634,225
3024,4635,668
3024,4649,20
3024,4684,1194
3024,4698,320
3024,4702,153
3024,4706,300
3024,4726,5
3024,4727,69
3024,4728,127
3024,4730,5249
3024,4735,17
3024,4736,30
3024,4742,263
3024,4744,147
3024,4745,11
3024,4746,603
3024,4750,131
3024,4753,214
3024,4756,120
3024,4762,19178
3024,4785,327
3024,4791,2027
3024,4819,25
3024,4825,38
3024,4826,55
3024,4835,88
3024,4837,30
3024,4838,447
3024,4854,3427
3024,4855,1222
3024,4864,820
3024,4902,35
3024,4906,85
3024,4922,5
3024,4936,464
3024,5047,70
3024,5051,5
3024,5074,5
3024,5083,5
3024,5087,6
3024,5130,272
3024,5158,15
3024,5164,11
3024,5187,534
3024,5191,246
3024,5199,42607
3024,5267,58
3024,5307,30
3024,5328,690
3024,5331,165
3024,5360,5
3024,5399,15
3024,5491,352
3024,5519,1441
3024,5556,57
3024,5583,424
3024,5586,18995
3024,5641,166
3024,5648,15
3024,5663,222
3024,5680,1300
3024,5809,5
3024,5916,743
3024,5918,58
3024,5970,5
3024,5980,20
3024,6020,80
3024,6037,102
3024,6053,1341
3024,6058,20
3024,6062,10
3024,6063,2698
3024,6067,231
3024,6074,76
3024,6079,6
3024,6089,20
3024,6092,92
3024,6099,6
3024,6123,5
3024,6126,1545
3024,6156,30
3024,6194,65
3024,6215,10
3024,6217,271
3024,6227,25
3024,6231,10
3024,6232,30
3024,6254,50
3024,6263,5
3024,6274,35
3024,6280,45
3024,6291,122
3024,6331,21
3024,6340,363
3024,6362,26
3024,6380,21
3024,6384,5
3024,6408,224
3024,6413,39
3024,6437,42
3024,6474,82
3024,6484,33
3024,6486,5
3024,6520,6
3024,6522,44
3024,6524,24
3024,6526,68
3024,6534,6
3024,6545,24
3024,6566,6
3024,6623,22
3024,6627,5
3024,6634,5
3024,6689,136
3024,6730,181
3024,6742,11
3024,6745,12
3024,6786,5
3024,6804,24660
3024,6811,25
3024,6815,10
3024,6831,5
3024,6833,5
3024,6834,50
3024,7032,55
3024,7043,497
3024,7196,5
3024,7376,14076
3024,7503,16
3024,7543,114
3024,7618,45
3024,9031,10
3024,9250,35
3024,9251,112
3024,9391,469
3024,9424,106
3024,9426,1778
3024,9540,646
3030,324,60
3030,1731,25
3034,1266,444
3034,1746,1167
3034,2123,10
3034,2598,6519
3034,2622,570
3034,3584,25
3034,3587,1490
3034,3664,160
3034,3879,4874
3034,3904,55
3034,3989,946
3034,4058,75
3034,4712,25
3034,4854,510
3034,5556,245
3034,6241,5
3034,6392,25
3047,6,80
3047,1882,40
3047,3049,2216
3047,6063,35
3047,6122,2613
3047,6361,406
3047,6682,140
3049,1025,35
3049,3047,1058
3049,4567,30
3049,6122,2158
3049,6361,2715
3054,2609,68
3056,481,985
3056,919,36
3056,2112,50
3056,5933,760
3057,423,728
3057,1013,16828
3057,2107,65
3057,2983,178
3057,2985,288
3057,3058,160
3057,3356,260
3057,3492,260
3057,3557,1220
3057,3900,10
3057,3911,128
3057,3933,38
3057,4677,71
3057,4898,590
3057,5913,230
3057,5932,44
3064,1025,20
3066,3026,12
3066,3939,20
3066,4735,42
3066,4889,3
3066,5749,25
3066,6011,35
3070,3951,70
3073,5528,21
3074,2615,1115
3074,2979,28
3074,3347,303
3074,3609,192
3074,3638,27
3074,3956,337
3074,4082,10
3074,5052,57
3074,6321,540
3074,6636,6988
3074,6860,234
3074,6897,662
3075,6801,5
3077,6705,5
3077,6707,25
3077,6778,25
3077,6784,25
3079,6,25
3079,387,45
3079,617,30
3079,1025,75
3079,1743,25
3079,3559,20
3079,3704,36
3079,3973,25
3079,4066,75
3079,4567,150
3079,4595,55
3079,5648,25
3079,9747,60
3083,142,25
3083,1025,25
3083,6181,75
3084,1025,150
3084,1743,25
3084,1800,50
3084,2784,180
3084,3973,30
3084,5556,114
3084,5641,110
3084,5648,60
3084,5663,25
3084,6341,150
3084,6498,25
3084,9317,25
3093,1025,30
3095,1428,175
3095,2171,265
3095,9219,75
3097,1115,25
3099,1751,30
3102,1117,6
3107,101,75
3107,1651,140
3107,2248,15
3107,4419,20
3107,5103,36
3110,2193,28
3117,4646,130
3117,4896,110
3130,42,25
3130,55,25
3130,98,25
3130,105,5
3130,172,25
3130,198,1
3130,421,225
3130,576,360
3130,786,100
3130,807,20
3130,900,1710
3130,919,3893
3130,1101,50
3130,1110,20
3130,1332,60
3130,1380,30
3130,2155,80
3130,2178,1015
3130,2191,138
3130,2629,30
3130,2664,205
3130,2793,20
3130,2859,25
3130,2860,80
3130,2901,30
3130,2933,180
3130,3125,50
3130,3126,30
3130,3142,1
3130,3186,75
3130,3391,105
3130,3443,140
3130,3509,638
3130,3602,145
3130,4016,382
3130,4098,40
3130,4122,1
3130,4143,22
3130,4410,50
3130,4439,75
3130,4576,50
3130,4741,25
3130,4911,75
3130,5074,50
3130,5096,24
3130,5153,60
3130,5185,3230
3130,5202,165
3130,5212,85
3130,5455,25
3130,5592,25
3130,5696,25
3130,5823,176
3130,5994,30
3130,6045,75
3130,6068,560
3130,6106,25
3130,6177,5
3130,6443,205
3130,9208,60
3130,9248,75
3130,9320,315
3130,9428,50
3130,9502,6
3130,9576,160
3130,9604,50
3130,9605,75
3130,9653,25
3130,9660,60
3130,9682,50
3130,9724,30
3130,9752,146
3130,9798,25
3130,9805,20
3130,9835,30
3130,9836,90
3142,1665,1
3142,2165,310
3142,3317,55
3142,6112,90
3149,3501,30
3152,1912,10
3152,2823,25
3153,9542,66
3164,6605,21
3170,5781,121
3172,1039,30
3173,9621,20
3179,3790,6
3179,9425,18
3190,666,140
3190,3203,45
3192,9148,50
3193,3234,75
3194,1025,75
3194,2965,1005
3196,1025,25
3196,2729,35
3198,1025,25
3199,3204,258
3199,3211,672
3199,3214,60
3199,5556,610
3200,1025,20
3203,2605,35
3203,3190,30
3205,778,50
3205,1025,25
3205,3195,417
3205,4567,55
3205,9035,135
3207,1025,25
3207,2097,893
3207,3205,83
3207,4762,36
3209,778,45
3209,1010,50
3210,151,66
3210,171,120
3210,188,15
3210,414,30
3210,1010,25
3210,1025,80
3210,1242,218
3210,1265,275
3210,1266,90
3210,1312,36
3210,1676,20
3210,1736,1250
3210,1882,30
3210,2004,54
3210,2744,572
3210,2852,25
3210,2874,30
3210,2963,3710
3210,2964,1575
3210,3130,120
3210,3172,546
3210,3189,744
3210,3197,102
3210,3202,127
3210,3206,228
3210,3216,30
3210,3218,216
3210,3225,54
3210,3229,606
3210,3230,4260
3210,3232,1590
3210,3233,313
3210,3241,30
3210,3250,65
3210,3489,108
3210,3680,180
3210,4470,180
3210,4595,96
3210,4864,62
3210,5074,30
3210,5142,60
3210,5158,95
3210,5556,60
3210,5606,30
3210,6063,68
3210,9024,5060
3210,9029,250
3210,9033,50
3210,9034,25
3210,9039,1528
3210,9040,15
3210,9063,276
3210,9071,72
3210,9072,210
3210,9074,60
3210,9079,90
3210,9092,90
3210,9093,150
3210,9094,30
3210,9104,535
3210,9113,60
3210,9114,90
3210,9115,60
3210,9117,30
3210,9118,60
3210,9131,200
3210,9133,60
3210,9139,25
3210,9140,30
3210,9141,30
3210,9150,20
3210,9158,18
3210,9160,25
3210,9424,30
3211,1025,50
3211,9078,105
3213,778,10
3213,1025,25
3216,4924,368
3216,9125,30
3219,2169,55
3220,778,25
3221,1025,55
3221,2169,20
3221,3219,221
3224,188,15
3224,1242,6357
3224,1707,286
3224,1736,356
3224,1800,176
3224,2075,44
3224,2169,65
3224,2674,25
3224,2784,400
3224,3130,125
3224,3192,1210
3224,3200,1170
3224,3217,55
3224,3226,990
3224,3231,44
3224,3250,70
3224,3251,266
3224,3252,100
3224,3593,10
3224,4470,80
3224,4567,165
3224,4595,210
3224,5142,75
3224,5648,25
3224,6808,50
3224,9026,70
3224,9028,50
3224,9031,725
3224,9040,75
3224,9041,85
3224,9047,50
3224,9049,65
3224,9050,25
3224,9060,25
3224,9068,145
3224,9082,40
3224,9087,3990
3224,9088,175
3224,9093,50
3224,9121,25
3224,9127,25
3224,9147,25
3224,9151,40
3224,9424,15
3225,2169,29
3225,3235,264
3225,3251,620
3228,515,20
3228,778,5
3228,1025,55
3228,1800,35
3228,2169,25
3228,2605,477
3228,3203,108
3228,3248,50
3228,4855,122
3228,9138,20
3232,9080,60
3235,1025,55
3235,5142,40
3237,346,2002
3237,896,4489
3237,1025,70
3237,1707,6
3237,1844,22305
3237,2025,2190
3237,2169,30
3237,2358,2815
3237,2468,2633
3237,2482,10
3237,2488,3291
3237,2496,441
3237,2550,1700
3237,2568,7346
3237,2637,1467
3237,2744,217
3237,3211,227
3237,3479,6977
3237,3501,30
3237,3562,60
3237,4207,14123
3237,4236,80
3237,4300,525
3237,4306,1659
3237,4336,664
3237,4354,386
3237,4400,4864
3237,4567,45
3237,4855,4603
3237,4885,25
3237,4964,402
3237,4965,25
3237,4969,481
3237,5016,7098
3237,5030,90
3237,5142,30
3237,6940,30
3237,6968,342
3237,6989,558
3237,7011,22685
3237,7042,210
3237,7043,309
3237,7119,60
3237,7173,30
3237,7174,3468
3237,7183,365
3237,7192,36
3237,7204,90
3237,7296,714
3237,7309,168
3237,7361,1673
3237,7368,60
3237,7399,530
3237,7407,791
3237,7499,111
3237,7512,1236
3237,7562,2438
3237,7754,654
3237,7791,300
3237,7977,36
3237,8112,36
3237,8146,145
3237,8198,138
3237,8199,72
3237,8248,824
3237,8258,60
3237,8279,144
3237,8283,7249
3237,8326,417
3237,8520,36
3237,8548,60
3237,8593,290
3237,8795,540
3237,8931,52
3237,9019,30
3237,9075,30
3237,9710,77
3238,2,40
3238,89,88
3238,2127,50
3239,3223,367
3239,3232,75
3239,3257,20
3239,9051,175
3239,9076,40
3239,9106,40
3239,9110,150
3239,9120,65
3239,9124,255
3239,9155,25
3244,1736,27
3244,5142,25
3246,1025,5
3246,5142,55
3249,2605,34
3249,2637,1311
3249,2743,35
3249,6027,18
3249,9062,862
3249,9095,60
3251,9038,80
3253,336,5
3253,666,1440
3253,1166,1592
3253,1242,17940
3253,1265,4173
3253,1618,240
3253,1620,320
3253,2075,135
3253,2169,36
3253,2962,1420
3253,2964,8771
3253,3195,65
3253,3203,1466
3253,3204,827
3253,3205,5000
3253,3211,1241
3253,3220,3256
3253,3221,3441
3253,3229,678
3253,3230,7650
3253,3244,221
3253,4470,95
3253,4567,240
3253,4936,1490
3253,5663,36
3253,9024,25066
3253,9068,55
3253,9069,15
3253,9121,100
3253,9144,35
3253,9150,80
3253,9424,71
3254,1025,25
3254,1206,2640
3255,1025,25
3255,1213,5
3256,1025,25
3258,3246,12340
3258,9055,105
3263,1025,22
3263,1736,20
3269,486,45
3269,4815,40
3269,4822,50
3269,5189,351
3269,5500,20
3270,661,160
3270,2073,30
3271,269,55
3271,1025,55
3271,1258,25
3271,3725,7
3271,4567,465
3271,4760,2316
3272,5423,365
3276,462,37707
3276,645,380
3276,729,91
3276,1025,60
3276,1800,1770
3276,5328,224
3276,5476,25
3276,5663,144
3276,9424,54
3281,297,42700
3281,698,1100
3281,3300,55
3281,3713,480
3281,4626,1125
3281,4665,40
3281,4794,340
3281,5289,1133
3281,5404,30
3281,5581,610
3281,5683,85
3281,6515,20
3282,251,48
3282,298,6
3282,614,48
3282,5648,55
3282,5803,160
3284,15,5
3284,639,6116
3284,1025,25
3284,1239,50
3284,1800,85
3284,1992,7680
3284,2033,15
3284,3918,5
3284,4763,20521
3284,4896,370
3284,5561,920
3284,5641,295
3284,5663,30
3285,643,741
3285,690,25
3285,821,20
3285,974,100
3285,1266,1712
3285,1305,25
3285,1442,195
3285,1490,388
3285,2001,190
3285,3298,125
3285,3309,480
3285,3562,5
3285,3742,193
3285,4004,270
3285,4630,422
3285,4631,931
3285,4765,182
3285,4795,154
3285,5276,20
3285,5330,20
3285,5353,170
3285,5373,631
3285,5376,40
3285,5387,140
3285,5419,485
3285,5467,1420
3285,5500,25
3285,5531,45
3285,5567,1668
3285,5606,110
3285,5688,40
3285,5753,20
3285,5809,40
3285,5827,20
3287,3120,25
3287,5579,20
3288,5349,105
3288,5487,1065
3288,5613,185
3288,5630,20
3288,5641,66
3288,5663,66
3291,298,5
3291,5457,10
3297,273,20
3297,1025,20
3297,1707,10
3297,5679,184
3300,430,5
3300,5351,12
3305,1025,30
3309,3756,5
3310,1025,60
3310,5349,300
3310,5613,410
3316,5477,20
3318,5270,360
3318,5271,320
3318,5273,329
3318,5556,65
3320,4624,15
3322,5554,5
3334,5421,40
3337,3018,552
3337,4888,40
3345,1736,30
3350,573,10
3350,4854,5
3350,5986,35
3353,9071,30
3354,330,1341
3354,1025,30
3354,1039,360
3354,1743,60
3354,1800,402
3354,2075,320
3354,2115,182479
3354,2676,175
3354,2784,1065
3354,2872,36
3354,3172,450
3354,3704,126
3354,3887,19182
3354,3895,1465
3354,3949,1768
3354,4079,3682
3354,4595,282
3354,5328,72
3354,5556,342
3354,5641,1188
3354,5648,236
3354,5663,108
3354,6138,50
3354,9424,60
3355,620,35
3355,966,10
3355,1255,20
3355,2593,30
3355,2628,5
3355,2635,52
3355,3023,25
3355,3027,60
3355,3530,5
3355,3596,36
3355,3678,26
3355,3694,30
3355,3865,491
3355,3902,10
3355,3925,51
3355,3943,20
3355,3960,10
3355,4094,15
3355,4674,6
3355,4678,5
3355,4703,5
3355,4720,50
3355,4842,5
3355,4849,20
3355,4850,15
3355,4892,155
3355,4935,10
3355,5036,10
3355,5912,65
3355,5922,30
3355,5925,5
3355,5927,10
3355,5941,15
3355,5986,40
3355,6000,15
3355,6041,5
3355,6059,10
3355,6070,5
3355,6240,30
3355,6242,35
3355,6244,55
3355,6252,78
3355,6305,20
3355,6309,5
3355,6330,25
3355,6416,27
3355,6424,11
3355,6430,5
3355,6448,111
3355,6576,21
3355,6592,78
3355,6620,40
3355,6684,5
3355,6688,5
3366,9590,810
3372,1057,25
3372,2581,10
3382,6333,30
3385,4122,25
3389,6226,5
3422,4507,40
3422,5142,55
3444,9258,25
3454,294,355
3456,234,75
3456,469,665
3456,787,25
3456,996,10
3456,1917,30
3456,1970,6
3456,2210,30
3456,3091,55
3456,3476,25
3456,3520,580
3456,3806,25
3456,3814,25
3456,3824,55
3456,3830,550
3456,4065,365
3456,4582,50
3456,4602,25
3456,4694,250
3456,4702,120
3456,4749,30
3456,4828,75
3456,4934,75
3456,5078,100
3456,5201,50
3456,5237,25
3456,5522,75
3456,5535,25
3456,5776,25
3456,5988,50
3456,6054,200
3456,6086,420
3456,6251,105
3456,6371,205
3456,6440,260
3456,6471,25
3456,6648,25
3456,6828,25
3456,6866,500
3456,8522,185
3456,9174,176
3456,9459,360
3456,9463,2483
3456,9533,185
3456,9600,60
3456,9645,1115
3456,9647,30
3456,9767,435
3461,2520,20
3471,1025,25
3479,2566,520
3479,4236,115
3479,4976,55
3479,5012,10
3479,5648,60
3479,7006,170
3479,7008,180
3479,7028,20
3479,7221,744
3479,7571,110
3479,8518,90
3479,8658,30
3490,1843,165
3494,430,18
3494,1357,45
3494,2080,5
3494,4730,18
3494,4755,904524
3494,6062,40
3494,6215,4
3494,6757,5
3496,469,55
3496,738,15
3496,1428,2669
3496,2049,508
3496,3539,20
3496,3562,5
3496,3659,10
3496,3913,5
3496,3920,50
3496,4730,20
3496,5130,46
3499,4895,50
3499,5938,25
3499,5969,45
3508,3650,20
3509,5644,725
3529,3859,15
3529,6517,40
3529,6899,47
3532,3047,911
3532,6122,796
3532,6361,114
3541,6243,95
3544,5924,16
3548,4688,25
3548,6027,48
3548,6123,24
3548,6341,50
3562,2767,5
3562,3142,1
3562,4122,1
3562,4586,160
3562,5081,120
3562,5949,100
3562,6888,390
3577,2731,50
3577,3892,20
3577,4095,80
3577,4835,125
3577,5919,20
3577,6149,40
3577,6431,55
3577,6526,6
3580,1709,30
3584,3904,140
3584,4746,287
3587,3034,20
3588,5931,40
3589,383,2647
3589,1025,20
3589,1743,25
3594,4082,175
3599,4017,100
3609,560,35
3609,1725,40
3609,3047,50
3609,4838,42
3609,6122,135
3609,6361,176
3613,6152,20
3631,2730,105
3631,6209,95
3638,631,3904
3638,2998,2135
3638,3047,6465
3638,3049,12008
3638,3505,662
3638,3532,2746
3639,1025,100
3639,1743,50
3660,6135,55
3660,6239,5
3660,6814,5
3661,424,40
3662,4927,70
3664,1025,25
3664,2620,835
3664,4854,90
3673,1245,40
3673,3212,20
3673,5452,189
3673,5486,15
3673,5791,25
3673,6357,96
3685,1025,20
3690,3650,30
3690,4007,36
3690,6093,74
3696,1025,66
3696,3087,180
3696,3382,25
3696,3621,30
3696,5975,55
3696,6593,235
3703,6708,20
3704,2075,25
3705,1505,150
3705,3273,35
3705,3706,213
3705,4775,80
3705,5375,40
3705,5479,60
3705,5514,105
3707,1025,25
3707,1449,3715
3707,4653,25
3711,270,20
3711,3288,10
3711,5662,85
3711,5699,40
3711,9554,30
3713,5768,5
3715,4626,286
3715,5449,260
3715,5509,149
3715,5518,110
3715,5731,55
3715,5894,649
3718,1995,92
3718,4567,75
3718,4638,90
3718,5321,360
3719,1025,50
3722,271,42
3722,387,10
3722,414,6
3722,484,226
3722,649,110
3722,1025,185
3722,1736,288
3722,2075,110
3722,3322,80
3722,3724,31146
3722,4801,180
3722,5328,1285
3722,5473,935
3722,5554,2974
3722,5595,115
3722,5602,550
3722,5663,90
3722,9424,18
3724,1758,55
3724,2667,40
3724,4484,330
3724,5556,220
3724,5612,55
3724,5663,66
3725,447,1170
3725,1487,228
3725,1992,25
3725,3650,150
3725,3760,50
3725,5269,30
3725,5556,400
3727,1025,25
3727,4567,80
3729,1025,55
3729,1506,20
3729,1800,25
3731,251,20
3731,5476,69
3736,1025,25
3737,645,3910
3737,1736,50
3737,4802,1344
3737,5203,55
3737,5327,12
3737,5473,55
3737,5527,813
3737,5648,110
3737,5663,85
3737,5745,591
3737,5769,474
3737,9424,24
3742,919,36
3742,3735,200
3742,5494,30
3746,3869,772
3747,1025,25
3748,1025,30
3748,2075,90
3748,4567,180
3753,677,55
3753,821,40
3753,1258,80
3753,3322,11835
3753,4802,108
3753,4815,40
3753,5357,165
3753,5488,35
3753,5554,4165
3753,5745,95
3759,1010,15
3759,2049,571
3759,3288,430
3759,3729,70
3759,3730,162
3759,4601,243
3759,5271,100
3759,5272,38
3759,5515,14612
3760,270,10
3760,483,6
3760,1620,75
3760,2049,185
3760,3128,25
3760,3288,15
3760,3704,66
3760,3729,719
3760,5643,270
3760,5663,30
3760,9424,45
3762,1025,30
3776,2960,20
3790,2149,495
3790,9188,5
3801,1848,12
3803,3813,88
3805,5528,186
3806,4431,6
3810,3442,105
3820,1025,25
3820,1736,30
3856,6035,64
3858,2124,2
3858,3026,28
3858,3562,3425
3858,4037,255
3858,5081,30
3858,5921,10
3858,6235,25
3858,6888,30
3865,3657,80
3865,4720,5
3865,6244,20
3867,4475,25
3867,4924,65
3867,6378,10
3867,9728,30
3869,5781,86
3869,5805,242
3872,1025,55
3874,5047,20
3874,9302,50
3887,1025,50
3887,1800,30
3887,5641,228
3887,5663,36
3894,335,25
3894,614,15
3894,953,449
3894,2988,1334
3894,3693,1100
3894,3957,25
3899,108,25
3899,1077,75
3899,2159,25
3899,6569,30
3905,1010,30
3915,3942,51
3918,330,145
3918,1800,171
3918,3084,26100
3918,3704,84
3918,3895,37
3918,5648,25
3920,733,20
3920,3670,65
3920,3745,20
3920,4923,229
3920,5832,74
3924,2,32
3924,15,84210
3924,72,15
3924,124,150
3924,151,35
3924,178,31
3924,192,2131
3924,195,2398
3924,204,246
3924,271,106
3924,290,15
3924,294,1223
3924,324,15
3924,327,39
3924,336,1882
3924,341,96
3924,387,639481
3924,414,211532
3924,416,5
3924,417,1
3924,453,5
3924,483,30
3924,505,1725
3924,545,14592
3924,569,50
3924,573,5610
3924,575,5604
3924,588,703
3924,592,2284
3924,597,5
3924,605,497
3924,607,291
3924,614,1354
3924,682,4309
3924,705,5
3924,802,5
3924,957,30
3924,961,30
3924,998,6
3924,1001,46
3924,1008,129
3924,1010,20
3924,1015,15
3924,1025,70
3924,1225,20
3924,1258,160
3924,1266,10
3924,1272,261
3924,1292,30
3924,1307,385
3924,1327,43
3924,1419,5
3924,1468,10
3924,1532,700
3924,1620,673
3924,1707,518
3924,1712,6
3924,1736,969
3924,1800,41
3924,2033,30
3924,2075,6
3924,2137,31
3924,2237,57
3924,2598,6
3924,2608,26
3924,2619,1281
3924,2672,82
3924,2674,5
3924,2676,5
3924,2852,5
3924,2872,76
3924,2990,10
3924,2997,13
3924,3074,141
3924,3079,112
3924,3130,151
3924,3172,70
3924,3188,56
3924,3237,6
3924,3276,1366
3924,3340,5
3924,3354,2858
3924,3372,757
3924,3382,35
3924,3493,5
3924,3538,69
3924,3539,81
3924,3541,476
3924,3580,30
3924,3631,5
3924,3638,81
3924,3696,5
3924,3718,5
3924,3759,536
3924,3760,22
3924,3853,10
3924,3858,26
3924,3861,20
3924,3874,3212
3924,3918,3192
3924,3984,51
3924,3990,434
3924,4021,215
3924,4022,1049
3924,4023,47
3924,4110,5
3924,4550,21
3924,4567,90
3924,4595,26
3924,4684,700
3924,4698,119
3924,4706,106
3924,4742,366
3924,4785,6
3924,4835,67
3924,5087,6
3924,5158,5
3924,5307,30
3924,5491,378
3924,5556,5
3924,5663,216
3924,5781,352
3924,5970,5
3924,6063,25
3924,6099,6
3924,6123,5
3924,6194,65
3924,6217,271
3924,6254,50
3924,6280,15
3924,6331,21
3924,6384,5
3924,6409,25
3924,6413,39
3924,6534,6
3924,6689,262
3924,9424,12
3924,9540,22
3925,4700,20
3925,4888,15
3925,5142,30
3928,3939,10
3935,2748,20
3937,2580,48
3949,1025,60
3949,1166,50
3949,3501,25
3949,4484,140
3949,9747,36
3952,1025,20
3955,6745,142
3961,4100,5
3976,6034,45
3977,3072,15
3979,58,35
3979,704,61
3979,1512,655
3979,4545,2098
3979,5125,249
3979,5488,978
3979,5612,791
3979,5686,70
3979,5843,30
3979,9412,112
3980,5528,63
3983,6348,15
3984,331,165
3984,1062,210
3984,1724,15
3984,1866,725
3984,2595,70
3984,3541,35
3984,3921,35
3984,3967,70
3984,4058,70
3984,4693,546
3984,4752,5202
3984,5054,1428
3984,5089,35
3984,5248,30
3984,5656,25
3984,5721,60
3984,5934,112
3984,6046,120
3984,6108,35
3984,6137,310
3984,6169,35
3984,6229,35
3984,6243,65
3984,6352,35
3984,6511,84
3984,6539,70
3984,6575,15
3984,6687,105
3984,6833,154
3995,9791,55
3996,1025,35
3996,3681,406
3996,3971,24
3996,4058,42
3996,4071,102
4000,469,50
4001,6277,40
4004,311,350
4004,1111,35
4004,1971,50
4004,1977,25
4004,1999,60
4004,2149,165
4004,2849,10
4004,3334,15
4004,4667,20
4004,4924,430
4004,5343,33
4004,5545,10
4004,5558,21
4004,5571,35
4004,5653,70
4004,5744,15
4004,5847,15
4004,6441,25
4004,9395,25
4004,9820,30
4008,1025,25
4014,6839,50
4016,3280,20
4016,3846,10
4016,5086,75
4016,6502,30
4016,9602,30
4021,68,3674
4021,187,5538
4021,417,277
4021,977,340
4021,1013,12561
4021,2608,47
4021,2672,10
4021,2774,45
4021,2985,60
4021,3058,40
4021,3076,266
4021,3081,120
4021,3635,565
4021,3676,5
4021,3933,38
4021,3970,462
4021,4677,34
4021,5046,462
4021,5932,11
4021,6090,158
4021,6190,755
4021,6689,20
4039,2143,315
4039,2979,627
4039,3041,1160
4039,3913,390
4041,2117,81
4041,4085,10
4041,6089,35
4042,6491,24
4042,6614,104
4043,3103,50
4043,4046,562
4043,5987,168
4043,6005,335
4043,6088,171
4043,6145,25
4043,6736,30
4049,5648,135
4049,5663,120
4051,2921,50
4062,2,381
4062,10,10
4062,52,25
4062,177,707
4062,237,6
4062,251,1721
4062,324,70
4062,411,199
4062,430,582772
4062,505,2580
4062,599,11
4062,666,76319
4062,673,2033
4062,850,5
4062,971,624
4062,1025,260
4062,1166,235
4062,1193,7307
4062,1840,606
4062,2080,16057
4062,2118,1714
4062,2134,730
4062,2598,1541
4062,2640,260
4062,2767,37
4062,2852,20
4062,2982,339
4062,2997,434
4062,3020,194
4062,3024,4422870
4062,3083,5
4062,3494,20
4062,3608,382
4062,3867,5
4062,3924,486
4062,3969,5
4062,4021,30143
4062,4023,63
4062,4069,103
4062,4110,73
4062,4475,11
4062,4635,6493
4062,4726,7120
4062,4755,355
4062,4815,10
4062,4832,26
4062,4860,287
4062,4861,36
4062,4867,6
4062,5916,1987
4062,6062,5
4062,6089,766
4062,6232,5
4062,6378,11
4062,6427,447
4062,6461,22
4062,6521,15
4062,6545,5
4062,6638,16
4062,6745,15
4062,6757,5
4062,6775,6
4062,6957,1459
4062,7196,3688
4062,8550,1225
4066,5641,680
4066,6106,5
4066,6715,50
4071,1736,42
4071,5142,25
4079,330,886
4079,1025,30
4079,6126,148
4085,4078,20
4086,35,165
4086,6362,66
4087,5417,122
4089,551,20
4089,6136,25
4089,6570,105
4093,1025,50
4093,5663,60
4097,612,544
4097,4702,3492
4097,5528,66
4097,6593,1875
4104,2853,25
4104,3834,100
4104,4923,640
4104,5832,90
4104,6158,125
4108,2229,25
4110,52,42
4110,63,30
4110,1357,30
4110,1967,20
4110,2893,24
4110,3024,43
4110,3835,66
4110,3867,11
4110,4115,90
4110,4531,55
4110,5884,10
4110,6378,15
4110,6633,15
4110,6745,83
4118,1025,25
4118,7278,108
4119,1934,75
4125,1535,455
4129,1025,25
4131,1361,40
4131,6906,155
4139,7011,1
4141,1025,20
4141,2366,70
4141,2435,40
4141,4121,5
4141,5142,25
4141,8093,24
4148,7254,25
4148,8396,25
4150,6,35
4150,392,110
4150,528,3781
4150,543,62552
4150,799,12233
4150,1610,2975
4150,1921,6900
4150,2259,100
4150,2384,1762
4150,2389,1135
4150,2416,2689
4150,2468,2861
4150,2482,1160
4150,2483,7849
4150,2488,4830
4150,2560,210
4150,3103,70
4150,3386,994
4150,4207,38062
4150,4227,997
4150,4253,154
4150,4257,40
4150,4336,27236
4150,4341,261
4150,4361,491
4150,4379,1934
4150,6063,35
4150,6913,1888
4150,6925,275
4150,6996,1227
4150,7088,170
4150,7145,75
4150,7407,516
4150,7515,573
4150,7520,110
4150,7563,55
4150,7782,58
4150,8021,75
4150,8204,2726
4150,8827,119
4151,7836,30
4152,4175,25
4152,5142,25
4152,7856,12
4159,1025,55
4159,4567,80
4166,7245,5
4167,1335,5
4167,1818,60
4167,2371,110
4167,2380,85
4167,2382,125
4167,2393,10
4167,2424,774
4167,4121,140
4167,4133,200
4167,4151,25
4167,4161,20
4167,4179,150
4167,4194,10
4167,4218,25
4167,4951,105
4167,5204,25
4167,6917,150
4167,7154,30
4167,7254,25
4167,7295,25
4167,7297,50
4167,7436,25
4167,7455,25
4167,7462,50
4167,7471,50
4167,7646,60
4167,7660,25
4167,7663,25
4167,7679,30
4167,7868,30
4167,7908,30
4167,7914,60
4167,8041,90
4167,8075,72
4167,8089,30
4167,8366,30
4167,8381,30
4167,8404,100
4167,8829,25
4168,4121,60
4169,4139,1
4169,4223,42
4169,5209,42
4169,7011,1
4171,4163,5
4172,7670,25
4172,8860,25
4173,1025,20
4173,2371,10
4173,5142,25
4174,5142,25
4175,451,5
4175,1345,20
4175,4141,70
4175,4152,25
4175,4171,25
4175,4173,80
4175,4174,25
4175,4186,25
4175,4187,50
4175,4217,45
4175,4220,25
4175,4953,25
4175,4963,50
4175,5206,25
4186,1853,25
4186,4196,5
4187,5142,25
4187,7276,10
4188,7632,49
4193,6909,25
4193,7470,15
4202,1818,175
4202,2371,355
4202,2424,600
4202,2431,300
4202,2458,1205
4202,4176,25
4202,4180,100
4202,4183,100
4202,4184,645
4202,4195,600
4202,4215,135
4202,4219,595
4202,6920,275
4202,7154,60
4202,7258,250
4202,7288,100
4202,7294,125
4202,7426,190
4202,7432,125
4202,7436,25
4202,7455,60
4202,7644,30
4202,7836,120
4202,7838,150
4202,7858,75
4202,7867,120
4202,7903,335
4202,8041,30
4202,8066,44
4202,8089,60
4202,8094,55
4202,8098,30
4202,8378,120
4202,8380,595
4202,8460,15
4202,8462,225
4202,8764,25
4202,8771,50
4202,8776,125
4202,8825,60
4202,8826,325
4202,8840,50
4202,8878,125
4202,8904,125
4202,8979,200
4207,157,78
4207,200,150
4207,210,18
4207,211,5975
4207,231,4470
4207,746,370
4207,771,105
4207,974,190
4207,1010,55
4207,1025,80
4207,1161,30
4207,1166,5
4207,1358,25
4207,1361,10
4207,1535,9292
4207,1546,275
4207,1603,25
4207,1611,1575
4207,1620,18
4207,1768,230
4207,1910,255
4207,1961,50
4207,2145,185
4207,2165,84
4207,2349,492
4207,2357,25
4207,2373,326
4207,2374,635
4207,2379,25
4207,2389,740
4207,2402,20
4207,2405,25
4207,2406,75
4207,2410,425
4207,2411,2510
4207,2437,455
4207,2444,90
4207,2446,140
4207,2447,25
4207,2450,25
4207,2452,150
4207,2453,15
4207,2457,213
4207,2459,606
4207,2461,175
4207,2463,80
4207,2464,25
4207,2467,670
4207,2470,697
4207,2472,108
4207,2473,195
4207,2484,25
4207,2488,25
4207,2506,235
4207,2510,20
4207,2511,597
4207,2514,310
4207,2517,304
4207,2533,25
4207,2548,35
4207,2559,440
4207,2567,70
4207,2570,220
4207,2667,25
4207,2887,25
4207,3128,25
4207,3142,1
4207,3740,25
4207,4121,25
4207,4123,150
4207,4124,75
4207,4125,480
4207,4128,572
4207,4131,380
4207,4156,100
4207,4168,1208
4207,4224,160
4207,4225,260
4207,4228,40
4207,4234,220
4207,4235,643
4207,4238,60
4207,4252,29
4207,4257,50
4207,4259,115
4207,4261,30
4207,4262,36
4207,4268,30
4207,4269,55
4207,4270,20
4207,4271,140
4207,4273,20
4207,4274,25
4207,4282,300
4207,4300,18
4207,4302,35
4207,4305,90
4207,4307,69
4207,4313,75
4207,4327,5
4207,4328,386
4207,4336,81
4207,4340,140
4207,4346,175
4207,4351,735
4207,4354,30
4207,4365,25
4207,4370,25
4207,4373,80
4207,4379,110
4207,4382,50
4207,4400,25
4207,4885,36
4207,4942,140
4207,4949,220
4207,4950,180
4207,4955,100
4207,4969,60
4207,4970,192
4207,4975,60
4207,4977,426
4207,4988,30
4207,4989,276
4207,4999,73
4207,5006,871
4207,5008,175
4207,5015,380
4207,5033,105
4207,5602,30
4207,5663,30
4207,6904,950
4207,6905,85
4207,6906,70
4207,6907,54
4207,6908,125
4207,6910,100
4207,6912,330
4207,6919,50
4207,6923,270
4207,6924,25
4207,6927,220
4207,6932,645
4207,6934,325
4207,6935,15
4207,6937,300
4207,6939,6298
4207,6941,160
4207,6964,50
4207,6965,400
4207,6966,250
4207,6967,150
4207,6969,80
4207,6970,330
4207,6972,175
4207,6979,238
4207,6982,251
4207,6985,65
4207,6997,50
4207,7000,80
4207,7002,290
4207,7005,80
4207,7011,639
4207,7020,30
4207,7024,140
4207,7036,170
4207,7054,580
4207,7060,185
4207,7065,470
4207,7066,35
4207,7112,105
4207,7118,120
4207,7134,100
4207,7136,95
4207,7145,67
4207,7148,25
4207,7152,50
4207,7157,95
4207,7159,160
4207,7160,100
4207,7165,150
4207,7170,30
4207,7172,160
4207,7180,215
4207,7181,35
4207,7186,54
4207,7198,40
4207,7204,1070
4207,7205,104
4207,7210,25
4207,7218,25
4207,7228,60
4207,7233,952
4207,7235,25
4207,7243,70
4207,7244,150
4207,7250,225
4207,7253,509
4207,7261,50
4207,7262,45
4207,7263,125
4207,7266,42
4207,7269,100
4207,7270,180
4207,7271,235
4207,7280,1245
4207,7289,116
4207,7290,50
4207,7291,25
4207,7300,215
4207,7305,35
4207,7309,56
4207,7314,25
4207,7318,520
4207,7331,102
4207,7332,110
4207,7333,50
4207,7340,368
4207,7341,30
4207,7342,110
4207,7361,25
4207,7364,130
4207,7366,240
4207,7371,50
4207,7372,94
4207,7373,25
4207,7375,36
4207,7377,30
4207,7386,60
4207,7387,40
4207,7392,100
4207,7393,625
4207,7402,76
4207,7419,100
4207,7420,25
4207,7422,105
4207,7427,145
4207,7433,25
4207,7437,100
4207,7450,12
4207,7451,167
4207,7473,48
4207,7474,241
4207,7475,144
4207,7478,25
4207,7480,20
4207,7482,70
4207,7486,213
4207,7492,18
4207,7497,102
4207,7510,192
4207,7516,150
4207,7522,20
4207,7528,50
4207,7529,25
4207,7536,620
4207,7545,55
4207,7552,11
4207,7560,90
4207,7564,120
4207,7570,82
4207,7571,50
4207,7581,190
4207,7582,25
4207,7587,55
4207,7593,616
4207,7596,402
4207,7599,165
4207,7630,40
4207,7631,100
4207,7633,125
4207,7636,60
4207,7638,10
4207,7645,492
4207,7648,30
4207,7649,179
4207,7651,100
4207,7657,18
4207,7666,40
4207,7667,25
4207,7671,187
4207,7672,120
4207,7674,25
4207,7676,150
4207,7678,75
4207,7684,146
4207,7688,61
4207,7691,42
4207,7693,54
4207,7697,245
4207,7716,66
4207,7726,36
4207,7735,36
4207,7737,30
4207,7738,73
4207,7744,262
4207,7748,151
4207,7750,125
4207,7756,21
4207,7757,25
4207,7760,75
4207,7761,25
4207,7764,5
4207,7768,6
4207,7774,50
4207,7776,25
4207,7780,1132
4207,7781,85
4207,7782,60
4207,7784,30
4207,7785,10
4207,7787,399
4207,7788,30
4207,7793,120
4207,7802,50
4207,7804,79
4207,7808,142
4207,7809,20
4207,7815,72
4207,7818,50
4207,7832,115
4207,7833,100
4207,7835,145
4207,7849,30
4207,7852,30
4207,7853,96
4207,7866,228
4207,7869,54
4207,7871,108
4207,7875,114
4207,7879,126
4207,7880,180
4207,7882,60
4207,7884,228
4207,7886,120
4207,7897,150
4207,7901,63
4207,7906,90
4207,7912,150
4207,7913,36
4207,7920,42
4207,7921,160
4207,7929,84
4207,7930,66
4207,7932,206
4207,7935,72
4207,7937,126
4207,7943,25
4207,7952,11
4207,7956,480
4207,7959,126
4207,7962,297
4207,7963,24
4207,7971,90
4207,7979,41
4207,7983,40
4207,7985,42
4207,7989,102
4207,7991,42
4207,7992,36
4207,7994,30
4207,7995,25
4207,7997,179
4207,7999,18
4207,8004,15
4207,8010,25
4207,8013,155
4207,8015,256
4207,8028,120
4207,8032,42
4207,8033,138
4207,8039,30
4207,8047,30
4207,8052,145
4207,8054,48
4207,8057,30
4207,8058,120
4207,8062,132
4207,8064,60
4207,8069,72
4207,8084,70
4207,8088,48
4207,8099,120
4207,8100,36
4207,8101,78
4207,8124,30
4207,8125,180
4207,8136,113
4207,8138,60
4207,8145,69
4207,8147,18
4207,8148,72
4207,8152,30
4207,8153,168
4207,8157,36
4207,8158,30
4207,8160,48
4207,8170,6
4207,8173,90
4207,8178,108
4207,8180,42
4207,8183,222
4207,8188,18
4207,8189,15
4207,8191,60
4207,8194,1008
4207,8198,48
4207,8201,36
4207,8209,54
4207,8210,42
4207,8211,30
4207,8219,138
4207,8222,60
4207,8223,174
4207,8224,108
4207,8255,6
4207,8256,72
4207,8257,98
4207,8260,24
4207,8262,126
4207,8267,209
4207,8283,42
4207,8296,36
4207,8298,311
4207,8299,126
4207,8300,24
4207,8305,343
4207,8309,36
4207,8315,18
4207,8317,18
4207,8318,90
4207,8332,30
4207,8333,114
4207,8338,36
4207,8346,30
4207,8347,85
4207,8352,84
4207,8353,72
4207,8354,150
4207,8356,60
4207,8358,180
4207,8359,84
4207,8365,114
4207,8367,60
4207,8375,395
4207,8377,114
4207,8383,580
4207,8385,30
4207,8386,91
4207,8388,270
4207,8389,120
4207,8392,84
4207,8393,42
4207,8394,120
4207,8399,30
4207,8400,35
4207,8401,282
4207,8404,35
4207,8405,135
4207,8407,50
4207,8409,30
4207,8410,85
4207,8411,45
4207,8412,230
4207,8413,50
4207,8416,90
4207,8418,40
4207,8420,35
4207,8423,66
4207,8424,145
4207,8427,40
4207,8436,41
4207,8440,80
4207,8445,192
4207,8446,25
4207,8451,118
4207,8455,25
4207,8461,231
4207,8464,60
4207,8466,100
4207,8481,60
4207,8488,5
4207,8493,25
4207,8494,50
4207,8496,100
4207,8499,125
4207,8512,35
4207,8514,30
4207,8516,30
4207,8518,65
4207,8526,70
4207,8532,15
4207,8535,30
4207,8536,50
4207,8537,120
4207,8538,35
4207,8542,40
4207,8543,135
4207,8545,175
4207,8549,760
4207,8553,60
4207,8556,35
4207,8557,70
4207,8560,564
4207,8564,40
4207,8567,35
4207,8576,35
4207,8578,50
4207,8579,25
4207,8580,35
4207,8584,35
4207,8585,25
4207,8591,168
4207,8593,75
4207,8599,24
4207,8603,55
4207,8606,90
4207,8612,20
4207,8614,105
4207,8615,25
4207,8624,25
4207,8628,140
4207,8629,361
4207,8631,60
4207,8632,175
4207,8633,25
4207,8635,175
4207,8636,35
4207,8637,105
4207,8644,210
4207,8646,30
4207,8647,25
4207,8648,36
4207,8650,35
4207,8658,105
4207,8660,4
4207,8661,30
4207,8664,75
4207,8665,215
4207,8666,25
4207,8669,30
4207,8670,30
4207,8671,48
4207,8672,35
4207,8674,25
4207,8676,15
4207,8678,35
4207,8682,60
4207,8683,35
4207,8687,25
4207,8689,40
4207,8693,307
4207,8697,115
4207,8700,115
4207,8701,60
4207,8706,105
4207,8708,25
4207,8713,20
4207,8714,64
4207,8717,20
4207,8725,138
4207,8726,60
4207,8728,87
4207,8729,90
4207,8731,30
4207,8733,30
4207,8734,25
4207,8736,30
4207,8737,33
4207,8738,90
4207,8746,70
4207,8750,85
4207,8751,90
4207,8753,80
4207,8757,30
4207,8759,252
4207,8761,50
4207,8762,75
4207,8765,48
4207,8766,25
4207,8767,35
4207,8768,133
4207,8774,35
4207,8775,50
4207,8778,65
4207,8779,199
4207,8781,35
4207,8796,6
4207,8798,35
4207,8800,45
4207,8801,15
4207,8808,5
4207,8810,38
4207,8812,77
4207,8816,25
4207,8817,105
4207,8820,30
4207,8821,65
4207,8831,30
4207,8832,24
4207,8833,24
4207,8834,72
4207,8835,78
4207,8839,90
4207,8850,25
4207,8851,24
4207,8852,42
4207,8853,155
4207,8854,30
4207,8856,75
4207,8857,49
4207,8859,30
4207,8860,35
4207,8864,102
4207,8866,80
4207,8868,30
4207,8869,95
4207,8872,78
4207,8873,20
4207,8876,80
4207,8877,30
4207,8879,25
4207,8882,35
4207,8883,30
4207,8885,114
4207,8890,20
4207,8891,55
4207,8895,74
4207,8896,30
4207,8898,30
4207,8899,60
4207,8901,84
4207,8903,60
4207,8906,25
4207,8909,20
4207,8912,55
4207,8913,70
4207,8915,25
4207,8916,35
4207,8917,30
4207,8921,25
4207,8924,96
4207,8932,935
4207,8935,170
4207,8939,70
4207,8940,36
4207,8941,30
4207,8945,282
4207,8950,610
4207,8955,35
4207,8956,55
4207,8961,30
4207,8962,25
4207,8968,25
4207,8972,198
4207,8974,24
4207,8978,50
4207,8985,132
4207,8987,25
4207,8988,55
4207,8989,30
4207,8994,25
4207,8997,35
4207,8999,25
4207,9007,100
4207,9008,25
4207,9010,60
4207,9012,20
4207,9013,3
4207,9017,130
4207,9020,28
4207,9021,25
4207,9341,25
4207,9391,15
4207,9458,30
4207,9710,25
4217,5142,25
4217,7256,10
4217,8453,100
4220,1818,75
4228,1331,30
4228,2568,50
4228,2575,625
4228,7136,95
4228,7327,20
4229,4263,516
4229,4268,370
4229,4322,25
4229,4370,25
4229,4982,25
4229,5001,40
4229,7057,263
4229,7133,121
4229,8657,217
4231,2468,20
4234,2470,125
4235,4297,95
4235,7003,64
4235,7044,25
4235,7091,130
4235,7167,833
4235,7494,6
4235,7931,48
4242,7359,25
4244,2501,40
4244,8545,45
4260,8263,35
4260,8615,15
4263,7030,100
4263,7415,35
4263,7508,4
4263,7572,24
4263,7803,25
4263,8249,6
4273,2566,25
4274,7028,25
4274,8215,30
4274,8552,20
4274,8672,25
4281,7988,22
4282,115,85
4282,4293,245
4282,4978,119
4282,5033,210
4282,7090,20
4282,7123,150
4282,7210,5
4282,7304,5
4282,7306,15
4282,7525,5
4282,7740,110
4282,8026,6
4282,8197,78
4287,5014,65
4287,7036,50
4287,7111,100
4288,2477,350
4288,4290,115
4288,4345,894
4288,4372,20
4288,4382,160
4288,4970,50
4288,5002,75
4288,6999,1115
4288,7013,25
4288,7017,380
4288,7031,105
4288,7039,20
4288,7058,140
4288,7059,150
4288,7093,50
4288,7180,50
4288,7214,40
4288,7386,75
4288,8143,11
4288,8503,70
4288,8534,685
4288,8560,2350
4289,8544,25
4290,4263,24
4290,4325,380
4290,7055,149
4290,7415,230
4290,7541,70
4290,7573,217
4290,8497,646
4290,8507,80
4290,8605,30
4290,8819,105
4296,8205,24
4300,125,30
4300,905,120
4300,2256,300
4300,2486,246
4300,2498,115
4300,2513,180
4300,2563,50
4300,3158,30
4300,3489,10
4300,3885,554
4300,4226,60
4300,4276,60
4300,4278,30
4300,4299,90
4300,4314,15
4300,4324,30
4300,4330,30
4300,4335,450
4300,4337,25
4300,4345,301
4300,4382,90
4300,4979,90
4300,5014,30
4300,5020,36
4300,6077,60
4300,6824,401
4300,6942,60
4300,6950,180
4300,6970,75
4300,6977,90
4300,6983,30
4300,6984,95
4300,6988,150
4300,6999,60
4300,7014,345
4300,7017,60
4300,7018,20
4300,7031,55
4300,7053,240
4300,7058,90
4300,7059,45
4300,7074,30
4300,7100,50
4300,7113,90
4300,7127,150
4300,7197,60
4300,7239,30
4300,7296,25
4300,7329,45
4300,7356,64
4300,7371,30
4300,7398,90
4300,7405,45
4300,7406,30
4300,7472,270
4300,7514,30
4300,7558,240
4300,7722,72
4300,7736,108
4300,7740,65
4300,7742,15
4300,7769,456
4300,7796,30
4300,7826,50
4300,7941,48
4300,7944,30
4300,7967,72
4300,7982,66
4300,8133,6
4300,8154,72
4300,8171,108
4300,8179,72
4300,8189,46
4300,8238,132
4300,8263,104
4300,8268,120
4300,8345,18
4300,8534,196
4300,8618,115
4300,8623,120
4300,8630,25
4300,8638,36
4300,8649,30
4300,8795,150
4300,8809,54
4300,8937,30
4300,8949,25
4300,9019,5
4300,9293,36
4300,9404,90
4306,7113,30
4306,7802,30
4306,8238,30
4306,8348,90
4314,1758,30
4314,4233,130
4314,4261,60
4314,4294,25
4314,4298,40
4314,4349,25
4314,4985,40
4314,5001,421
4314,5023,552
4314,6951,90
4314,7107,60
4314,7214,20
4314,7346,20
4314,7493,413
4314,7548,25
4314,7576,73
4314,7729,48
4314,7960,100
4314,8017,30
4314,8109,6
4314,8245,48
4314,8247,6
4314,8252,90
4314,8272,48
4314,8489,40
4314,8616,35
4319,2355,45
4320,7804,5
4320,8514,30
4326,8161,35
4328,2517,1
4328,8267,25
4328,8483,60
4329,8161,15
4336,892,20
4336,1025,70
4336,2482,1567
4336,4207,111
4336,4237,35
4336,4255,120
4336,4262,42
4336,4304,25
4336,4309,60
4336,4343,599
4336,4364,349
4336,4961,180
4336,4970,82
4336,4974,43
4336,5025,220
4336,6941,35
4336,6946,90
4336,6949,77
4336,6958,30
4336,6971,30
4336,7021,30
4336,7028,35
4336,7033,95
4336,7072,70
4336,7082,410
4336,7085,4947
4336,7097,130
4336,7105,30
4336,7122,90
4336,7187,6
4336,7207,10
4336,7322,2738
4336,7347,100
4336,7357,100
4336,7377,35
4336,7380,180
4336,7389,105
4336,7534,10
4336,7538,50
4336,7559,315
4336,7585,135
4336,7594,60
4336,7719,50
4336,7755,60
4336,7756,131
4336,7804,35
4336,8110,423
4336,8195,30
4336,8224,390
4336,8246,42
4336,8509,42
4336,8513,12
4336,8517,75
4336,8554,59
4336,8572,20
4336,8610,72
4336,8680,70
4336,8779,237
4336,8782,54
4336,8815,50
4336,8946,357
4336,8950,55
4338,4987,1985
4338,7033,619
4338,7097,390
4338,8352,51
4341,846,180
4341,2558,36
4341,2908,20
4341,4329,30
4341,4350,50
4341,5007,135
4341,5010,85
4341,7044,100
4341,7055,25
4341,7057,1807
4341,7310,48
4341,7344,80
4341,7533,75
4341,7537,705
4341,7561,68
4341,7566,996
4341,7970,361
4341,7980,155
4341,8002,32
4341,8020,78
4341,8116,42
4341,8320,18
4341,8641,30
4341,8676,25
4344,7036,25
4344,8486,20
4345,6792,50
4348,7210,20
4356,7028,35
4356,7111,30
4356,7349,95
4356,7760,75
4356,8345,30
4356,8499,45
4358,7062,25
4364,7044,25
4366,2577,60
4378,7727,6
4379,7721,114
4379,8177,48
4383,596,70
4383,1685,2624
4383,2704,853
4383,4582,3159
4388,2787,10
4388,4505,175
4394,5105,25
4394,9459,572
4394,9658,352
4395,899,40
4395,1932,329
4395,6775,18
4396,5833,20
4396,5907,30
4396,6633,5
4396,6902,784
4397,4456,50
4400,4356,2495
4400,4975,349
4400,6990,388
4400,7003,110
4400,7052,33
4400,7155,102
4400,7235,30
4400,7397,234
4400,7700,20
4400,7812,5
4400,8263,589
4400,8264,9
4400,8270,30
4400,8293,78
4400,8549,575
4400,8682,60
4400,8799,36
4412,466,40
4412,5608,420
4415,1350,95
4415,2272,211
4415,2682,440
4415,3777,66
4415,4574,363
4415,9255,99
4417,4828,1265
4421,65,60
4421,2129,220
4421,3272,110
4421,3677,45
4421,4394,993
4421,4475,30
4421,5184,25
4421,6460,35
4421,6678,42
4421,6707,110
4421,6727,35
4421,9432,288
4421,9567,32
4421,9658,36
4423,940,63
4424,1024,5
4433,4423,530
4448,4423,40
4458,361,108
4458,1067,30
4458,1179,30
4458,1682,10
4458,1698,10
4458,1841,30
4458,2335,15
4458,3128,25
4458,6339,30
4458,9342,30
4458,9540,25
4459,3549,40
4473,4395,158
4480,28,25
4480,3809,6
4519,1168,25
4519,2314,25
4519,9281,55
4523,468,50
4550,42,16920
4550,902,15
4550,1859,6
4550,3457,15
4550,3921,55
4550,4113,20
4550,4439,55
4550,5081,708
4550,5202,66
4550,9318,91
4550,9727,5
4563,5142,55
4567,1800,50
4567,5282,51
4567,9412,50
4572,3401,30
4581,4486,318
4582,9553,55
4585,2132,35
4585,6453,3227
4585,9402,30
4586,1980,55
4601,2077,1005
4601,4819,1125
4601,5487,58
4603,1010,30
4603,2746,15
4604,270,30
4604,5526,45
4610,1736,60
4610,5311,135
4610,5760,45
4611,1736,60
4613,6,25
4613,200,35
4613,253,25
4613,676,48
4613,939,25
4613,1171,20
4613,1446,50
4613,1758,195
4613,1800,5
4613,1882,25
4613,3286,20
4613,3386,25
4613,4437,40
4613,4567,25
4613,5637,125
4621,5663,24
4624,1991,55
4624,3335,165
4624,5639,200
4625,1478,90
4625,2086,2318
4625,3716,155
4625,4626,1482
4625,5406,110
4628,4663,30
4628,5356,105
4628,5491,121
4628,5502,275
4628,5528,78
4631,4616,50
4631,5410,30
4632,5368,71
4634,1025,20
4634,4567,55
4635,237,24
4635,583,60
4635,1440,1935
4635,5181,7075
4635,5405,1235
4635,5664,205
4637,1025,25
4637,1758,55
4640,676,55740
4640,701,6592
4640,921,60
4640,1025,360
4640,1039,228
4640,1166,300
4640,1171,15
4640,1325,360
4640,1618,174
4640,1736,1734
4640,1758,65
4640,1927,90
4640,2069,462
4640,2667,30
4640,3172,755
4640,3286,15
4640,3386,30
4640,3762,9278
4640,4437,108
4640,4470,210
4640,4603,4895
4640,4613,7033
4640,5381,8138
4640,5773,25
4644,1025,30
4644,4567,30
4645,636,25
4645,5642,435
4645,6880,75
4646,1025,55
4647,1025,25
4657,298,55
4657,5703,30
4657,5746,695
4664,5509,50
4664,5602,182
4665,59,440
4665,5765,50
4670,522,20
4670,3382,25
4670,3738,40
4670,4761,250
4670,5379,112
4670,5459,85
4684,74,30
4684,2674,25
4684,5351,25
4684,5528,26
4684,5870,55
4684,6321,100
4684,6774,30
4684,6841,25
4685,525,330
4687,3024,145
4687,4395,62
4687,5528,208
4687,6741,55
4687,6775,60
4697,3562,40
4697,5641,187
4698,4675,72
4706,5870,55
4706,6798,35
4706,9349,45
4706,9825,100
4712,366,1427
4712,1743,117
4712,3562,45
4712,5641,5
4712,6063,30
4712,6392,360
4714,392,15
4714,826,25
4714,1464,91
4714,1736,211
4714,2872,196
4714,3562,35
4714,6138,10
4714,6532,250
4714,9424,72
4722,1025,20
4723,1025,50
4723,4093,450
4723,6261,616
4723,6655,65
4726,186,408
4726,1025,50
4726,2640,650
4726,2748,3449
4726,2993,312
4726,3080,75
4726,3669,195
4726,3969,10
4726,5993,300
4726,6264,950
4726,6661,5318
4726,6709,4159
4730,251,36
4730,324,60
4730,411,20
4730,505,748
4730,971,585
4730,1193,4
4730,1840,5
4730,2598,22
4730,2984,20
4730,3608,126
4730,5916,40
4730,6427,122
4730,6813,20
4730,6957,6624
4730,7196,9442
4730,8550,460
4735,51,37
4735,3026,80
4735,3928,5
4735,3939,10
4736,4000,25
4736,6217,652
4744,6104,335
4744,6738,100
4744,6741,15
4747,3520,1580
4748,2,18
4750,4923,25
4750,5125,100
4750,6406,105
4750,6833,25
4750,6858,1105
4755,2,38
4755,15,41173
4755,34,6
4755,51,32
4755,52,20
4755,68,2865
4755,107,15
4755,151,25
4755,155,1583
4755,167,12
4755,177,5
4755,178,5859
4755,196,25
4755,274,10
4755,276,112
4755,304,34799
4755,385,5
4755,417,5
4755,420,7524
4755,430,602309
4755,446,78
4755,545,12720
4755,557,9200
4755,581,10
4755,583,5
4755,604,105
4755,605,939
4755,614,1075
4755,666,1452
4755,748,16
4755,998,6
4755,1001,30014
4755,1010,10
4755,1025,26
4755,1225,150
4755,1254,257
4755,1258,11
4755,1266,51
4755,1307,120
4755,1620,585
4755,1710,259
4755,1712,10
4755,1736,923
4755,1800,152
4755,2075,5
4755,2080,5
4755,2204,5
4755,2232,5
4755,2672,843
4755,2852,5
4755,2872,321
4755,2887,175
4755,2967,5
4755,2997,38
4755,3024,51
4755,3028,11
4755,3237,130
4755,3253,1657
4755,3261,75
4755,3284,2843
4755,3340,10
4755,3354,12540
4755,3372,766
4755,3494,310
4755,3538,124
4755,3539,91
4755,3541,476
4755,3548,15
4755,3616,345
4755,3858,36
4755,3959,51
4755,3972,25
4755,3984,56
4755,4021,224
4755,4023,53
4755,4038,58
4755,4058,15
4755,4110,5
4755,4150,35
4755,4470,25
4755,4475,5
4755,4550,129
4755,4595,69
4755,4684,432
4755,4698,251
4755,4706,71
4755,4742,188
4755,4745,10
4755,4748,26
4755,4832,294
4755,5048,1270
4755,5063,10
4755,5117,306
4755,5164,11
4755,5199,40
4755,5331,10
4755,5586,108
4755,5663,120
4755,5680,10
4755,5980,20
4755,6063,61
4755,6288,50
4755,6408,60
4755,6461,22
4755,6939,6
4755,9424,18
4758,1025,55
4758,5142,55
4758,5663,30
4760,4595,211
4760,4653,20
4762,263,2696
4762,268,25
4762,299,23
4762,309,1433
4762,573,787
4762,635,305
4762,702,664
4762,705,5644
4762,710,1480
4762,711,356
4762,713,732
4762,726,45
4762,729,469
4762,742,200
4762,1242,84
4762,1258,130
4762,1263,934
4762,1265,1605
4762,1417,655
4762,1430,50
4762,1448,545
4762,1506,214
4762,2033,150
4762,2077,240
4762,2081,45
4762,2087,128
4762,2100,120
4762,2742,1111
4762,3195,1901
4762,3215,45
4762,3263,57
4762,3276,9707
4762,3310,67
4762,3340,25
4762,3673,379
4762,3715,770
4762,3727,175
4762,3737,5315
4762,3760,380
4762,4412,30
4762,4567,355
4762,4624,140
4762,4625,35
4762,4759,50
4762,4782,3513
4762,4785,1578
4762,4786,23904
4762,4791,195
4762,4819,514
4762,4823,10
4762,4824,345
4762,5319,45
4762,5327,78
4762,5350,30
4762,5359,2387
4762,5385,24
4762,5450,6962
4762,5458,156
4762,5527,1077
4762,5595,881
4762,5622,130
4762,5642,44
4762,5647,1716
4762,5680,136
4762,5787,25
4762,5849,118
4762,6063,740
4762,8230,698
4763,639,605
4763,735,25
4763,1992,155
4763,2075,45
4763,5648,25
4765,5856,16
4770,698,495
4770,3713,275
4770,3716,33
4770,4758,351
4770,5850,75
4783,735,165
4783,1025,55
4783,2076,1598
4783,4484,330
4783,4567,176
4785,735,110
4785,1025,55
4785,2075,54
4786,735,90
4786,1025,60
4786,1166,100
4786,2072,1118
4786,2076,239
4786,5165,989
4786,5648,50
4786,5663,36
4791,4759,63
4792,1266,55
4792,2784,200
4792,4812,241
4796,5546,5
4796,5587,10
4801,2075,25
4807,3670,30
4819,270,10
4823,5506,360
4825,4740,425
4825,6265,33
4826,6063,110
4828,6866,1196
4829,1025,50
4829,6655,50
4832,6844,60
4838,383,10
4838,2035,5
4838,2050,20
4838,2984,110
4838,3283,3386
4838,3584,20
4838,3609,35
4838,3664,257
4838,3946,515
4838,3980,50
4838,4628,4001
4838,4782,20
4838,4786,299
4838,4854,72
4838,5284,95
4838,5356,632
4838,5382,30
4838,5385,50
4838,5458,460
4838,5647,25
4838,6484,60
4838,6545,124
4838,6909,75
4840,15,30
4852,2859,60
4852,3024,372
4852,5069,30
4855,51,1451
4855,59,65
4855,62,165
4855,321,2709
4855,338,50
4855,466,163
4855,658,68
4855,1155,122
4855,1519,95
4855,1715,74
4855,1736,10
4855,1743,50
4855,1922,30
4855,2023,30
4855,2037,60
4855,2153,1564
4855,2269,135
4855,2282,15
4855,2857,120
4855,2895,118
4855,2931,50
4855,2994,20
4855,3066,575
4855,3272,156
4855,3442,25
4855,3509,396
4855,3529,28
4855,3590,204
4855,3606,75
4855,3682,2486
4855,3703,75
4855,3885,171
4855,3920,60
4855,3928,25
4855,3954,60
4855,3972,45
4855,4030,155
4855,4038,18
4855,4236,200
4855,4396,300
4855,4555,60
4855,4705,30
4855,4735,171
4855,4825,87
4855,4831,262
4855,4878,409
4855,4910,41
4855,4929,25
4855,5042,25
4855,5080,1428
4855,5081,915
4855,5164,294
4855,5242,25
4855,5245,455
4855,5278,119
4855,5284,25
4855,5355,425
4855,5415,818
4855,5423,754
4855,5437,50
4855,5540,700
4855,5549,26315
4855,5669,235
4855,5708,25
4855,5752,382
4855,5754,50
4855,5780,230
4855,5782,98
4855,5800,149
4855,5807,20
4855,5814,145
4855,5852,20
4855,5854,80
4855,5870,100
4855,5905,80
4855,5924,62
4855,5972,50
4855,5983,25
4855,6033,75
4855,6053,6906
4855,6087,1900
4855,6106,135
4855,6134,175
4855,6153,85
4855,6157,375
4855,6196,378
4855,6199,370
4855,6206,1035
4855,6209,10
4855,6218,340
4855,6231,220
4855,6235,579
4855,6264,55
4855,6273,50
4855,6310,25
4855,6321,25
4855,6322,100
4855,6329,45
4855,6386,50
4855,6389,2912
4855,6390,30
4855,6396,1393
4855,6406,169
4855,6412,50
4855,6477,20
4855,6492,40
4855,6501,885
4855,6519,15
4855,6533,20
4855,6543,54
4855,6563,25
4855,6588,250
4855,6594,6341
4855,6615,25
4855,6625,18
4855,6648,825
4855,6654,100
4855,6663,1214
4855,6672,25
4855,6701,25
4855,6708,56049
4855,6719,25
4855,6721,208
4855,6722,30
4855,6723,25
4855,6725,445
4855,6738,160
4855,6787,25
4855,6791,244
4855,6797,25
4855,6803,76
4855,6812,25
4855,6813,50
4855,6832,167
4855,6846,315
4855,6858,315
4855,6867,25
4855,6872,90
4855,6876,25
4855,6878,30
4855,6879,50
4855,6882,458
4855,6883,125
4855,6887,255
4855,6894,8632
4855,6903,149
4855,7601,100
4855,8439,30
4855,8444,100
4855,8822,211
4855,9145,66
4855,9165,815
4855,9302,455
4855,9387,30
4855,9397,25
4855,9433,30
4855,9579,336
4855,9613,760
4855,9641,94
4855,9731,50
4855,9758,25
4855,9761,160
4855,9793,50
4855,9794,20
4855,9819,50
4855,9822,60
4860,2,358
4860,68,53289
4860,72,755
4860,177,5639
4860,251,1749
4860,324,70
4860,327,16202
4860,385,925
4860,411,199
4860,430,706032
4860,505,2580
4860,612,3319
4860,666,76346
4860,673,2033
4860,850,5
4860,971,709
4860,1025,32626
4860,1102,1379
4860,1166,235
4860,1193,7361
4860,1225,24825
4860,1691,1226
4860,1725,59882
4860,1840,606
4860,2080,16072
4860,2118,1865
4860,2134,730
4860,2204,70
4860,2598,1541
4860,2640,260
4860,2737,70
4860,2767,37
4860,2852,25
4860,2982,339
4860,2997,446
4860,3020,356
4860,3024,392
4860,3083,5
4860,3261,104
4860,3360,717
4860,3372,1212
4860,3494,30
4860,3538,302
4860,3541,552
4860,3608,382
4860,3924,486
4860,3969,5
4860,3984,2043
4860,4021,14755
4860,4023,63
4860,4062,10
4860,4069,103
4860,4110,57
4860,4475,11
4860,4550,136
4860,4635,6499
4860,4698,397
4860,4706,1209
4860,4712,50
4860,4726,6942
4860,4754,42
4860,4755,195
4860,4815,10
4860,4861,36
4860,4867,6
4860,4871,5
4860,5048,1207
4860,5164,66
4860,5417,100
4860,5586,11088
4860,5916,1987
4860,6063,1404
4860,6089,1293
4860,6378,17
4860,6408,174
4860,6427,447
4860,6461,22
4860,6545,1
4860,6638,16
4860,6757,5
4860,6786,117
4860,6957,1459
4860,7196,3703
4860,8550,1335
4860,9424,41
4861,2,882
4861,10,10
4861,34,7320
4861,82,43
4861,104,2153
4861,107,3072
4861,134,5
4861,151,91
4861,162,50
4861,167,187
4861,176,465
4861,177,1317
4861,180,949
4861,196,1078
4861,204,3291
4861,229,20552
4861,237,6
4861,251,3036
4861,260,1351
4861,274,17266
4861,298,32
4861,324,140
4861,325,285
4861,327,728671
4861,330,1460
4861,332,65
4861,339,97
4861,342,2029
4861,346,3376
4861,355,4450
4861,385,7629
4861,392,51
4861,406,686
4861,407,6082
4861,411,398
4861,416,913
4861,418,140
4861,430,772801
4861,437,8681
4861,446,1171
4861,447,33797
4861,453,85
4861,483,23586
4861,492,722
4861,505,7436
4861,550,1708
4861,554,446
4861,559,681
4861,563,3565
4861,566,547
4861,573,4682
4861,574,475
4861,583,15
4861,587,9263
4861,589,212
4861,590,679
4861,597,6133
4861,599,22
4861,604,1363
4861,616,50
4861,619,5707
4861,621,10
4861,624,763
4861,634,229
4861,642,4145
4861,647,578
4861,649,5
4861,650,31541
4861,666,176608
4861,673,4571
4861,689,1609
4861,712,3346
4861,732,69
4861,735,1103
4861,739,46
4861,850,10
4861,935,10
4861,950,1086
4861,951,1325
4861,957,25
4861,958,172
4861,960,30
4861,961,3366
4861,971,566
4861,973,23
4861,974,233
4861,981,25
4861,991,1525
4861,998,123
4861,1006,55
4861,1010,50
4861,1015,4909
4861,1025,64759
4861,1102,1384
4861,1161,600
4861,1166,585
4861,1171,25
4861,1193,18616
4861,1225,24913
4861,1246,39
4861,1258,97
4861,1263,836
4861,1266,3992
4861,1270,31
4861,1291,3815
4861,1292,3758
4861,1312,614
4861,1426,15863
4861,1430,3298
4861,1468,253
4861,1478,489
4861,1506,5194
4861,1585,877
4861,1620,6667
4861,1685,5
4861,1691,1236
4861,1694,12
4861,1704,435
4861,1707,1324
4861,1710,35656
4861,1712,31
4861,1714,4357
4861,1725,19197
4861,1733,20
4861,1736,1199
4861,1743,11
4861,1746,25
4861,1750,10
4861,1756,171
4861,1760,5719
4861,1769,2173
4861,1832,5
4861,1840,2008
4861,1953,10
4861,1983,537
4861,2004,30723
4861,2025,326
4861,2075,260
4861,2080,16794
4861,2095,163
4861,2118,2106
4861,2122,282
4861,2124,15
4861,2127,25
4861,2134,1460
4861,2169,140
4861,2310,5
4861,2482,440
4861,2500,4852
4861,2532,1524
4861,2572,125
4861,2580,2176
4861,2584,79
4861,2598,3240
4861,2601,4409
4861,2613,1179
4861,2615,2088
4861,2623,31
4861,2631,3571
4861,2639,115
4861,2640,515
4861,2649,220
4861,2652,1133
4861,2672,777
4861,2674,23
4861,2676,5
4861,2729,983
4861,2744,383
4861,2750,78
4861,2767,86
4861,2784,825
4861,2852,40
4861,2872,468
4861,2887,79
4861,2924,401
4861,2971,712
4861,2977,37
4861,2982,678
4861,2984,1216
4861,2997,5293043
4861,3004,26
4861,3006,124
4861,3020,394
4861,3024,661
4861,3049,3800
4861,3050,5
4861,3053,142
4861,3056,7302
4861,3057,6014
4861,3064,435
4861,3070,10
4861,3077,38
4861,3079,1562
4861,3083,76
4861,3130,401
4861,3142,1895
4861,3199,2886
4861,3202,245
4861,3210,10235
4861,3224,5934
4861,3237,23132
4861,3271,1266
4861,3281,51
4861,3284,3150
4861,3340,20
4861,3354,3289
4861,3383,112
4861,3452,78
4861,3489,25
4861,3494,45
4861,3552,60
4861,3579,20
4861,3593,46
4861,3605,108
4861,3608,571
4861,3613,5
4861,3624,10
4861,3638,4576
4861,3673,253
4861,3690,550
4861,3704,322
4861,3718,1235
4861,3725,48
4861,3748,847
4861,3759,4774
4861,3760,1814
4861,3805,133
4861,3858,2394
4861,3861,130
4861,3862,15
4861,3894,1334
4861,3895,3680
4861,3915,214
4861,3918,25
4861,3924,1024090
4861,3930,347
4861,3945,402
4861,3953,61
4861,3955,35
4861,3968,74
4861,3969,10
4861,3984,2012
4861,3989,1763
4861,3996,495
4861,4037,202
4861,4041,1106
4861,4062,20
4861,4069,196
4861,4079,1502
4861,4084,25
4861,4086,38
4861,4110,95
4861,4150,24088
4861,4432,10
4861,4470,60
4861,4489,12
4861,4502,15
4861,4550,3577
4861,4567,36
4861,4595,26
4861,4601,10
4861,4625,77
4861,4634,225
4861,4635,10727
4861,4649,20
4861,4684,625
4861,4706,375
4861,4726,9390
4861,4727,79
4861,4730,4275
4861,4735,17
4861,4742,65
4861,4744,202
4861,4745,10
4861,4750,131
4861,4755,295
4861,4756,120
4861,4762,15093
4861,4785,433
4861,4815,20
4861,4819,25
4861,4826,55
4861,4838,463
4861,4854,80
4861,4860,574
4861,4864,1904
4861,4867,12
4861,4906,85
4861,4936,464
4861,5074,5
4861,5130,272
4861,5187,540
4861,5191,126
4861,5267,43
4861,5328,679
4861,5331,165
4861,5519,1093
4861,5556,46
4861,5583,515
4861,5586,18229
4861,5641,75
4861,5648,25
4861,5663,190
4861,5680,1550
4861,5916,2611
4861,5918,70
4861,5928,6
4861,5979,35
4861,5992,25
4861,6020,85
4861,6063,2537
4861,6067,260
4861,6089,2133
4861,6156,30
4861,6227,25
4861,6263,5
4861,6280,15
4861,6291,122
4861,6340,2360
4861,6362,26
4861,6378,34
4861,6408,119
4861,6427,410
4861,6461,44
4861,6474,82
4861,6484,80
4861,6521,30
4861,6545,2
4861,6610,10
4861,6623,38
4861,6627,15
4861,6636,5
4861,6638,32
4861,6742,11
4861,6745,5
4861,6757,10
4861,6775,12
4861,6811,25
4861,6831,5
4861,6957,2185
4861,7043,54
4861,7196,4349
4861,7376,12252
4861,7503,16
4861,7543,109
4861,7618,45
4861,8550,2076
4861,9251,512
4861,9391,133
4861,9424,41
4861,9540,168
4862,883,10
4864,1327,20
4864,3235,625
4864,3243,355
4864,9033,25
4864,9056,50
4864,9057,100
4864,9066,35
4864,9069,310
4864,9094,190
4864,9099,50
4864,9106,5508
4864,9111,35
4864,9136,55
4883,6644,6
4884,6506,64
4885,7518,16
4885,7537,25
4885,7777,20
4885,8001,130
4892,3961,80
4896,974,305
4897,4889,55
4903,6233,100
4908,1166,50
4908,1736,30
4908,6335,75
4922,3562,10
4922,4855,445
4922,6583,75
4924,210,1
4924,1129,2
4924,3360,156
4924,4489,25
4924,4531,30
4924,5226,1
4924,5779,25
4931,4745,48
4934,5528,30
4936,6040,30
4939,1736,42
4939,4567,70
4957,7634,680
4957,7661,30
4957,7839,66
4957,7895,186
4957,7898,126
4957,7902,186
4957,8030,528
4957,8040,264
4957,8083,120
4957,8092,66
4957,8355,186
4957,8398,60
4957,8414,220
4957,8973,66
4958,386,1
4958,4122,1
4961,2349,50
4961,4207,766
4961,4282,25
4961,7253,515
4961,7262,30
4961,8905,55
4962,7438,5
4963,5142,25
4964,2488,108
4964,2490,15
4964,2493,810
4964,2561,608
4964,4240,170
4964,4270,25
4964,4332,155
4964,4348,75
4964,4350,40
4964,4369,35
4964,4968,502
4964,5007,25
4964,5010,245
4964,6945,109
4964,6996,719
4964,7047,50
4964,7057,2199
4964,7130,260
4964,7169,994
4964,7195,45
4964,7201,272
4964,7209,755
4964,7227,15
4964,7310,84
4964,7315,5
4964,7344,20
4964,7361,296
4964,7375,72
4964,7408,1397
4964,7409,212
4964,7498,30
4964,7518,288
4964,7533,157
4964,7537,215
4964,7550,50
4964,7576,247
4964,7577,322
4964,7580,44
4964,7590,424
4964,7592,40
4964,7710,30
4964,7714,110
4964,7732,36
4964,7733,254
4964,7734,496
4964,7742,25
4964,7758,30
4964,7759,6
4964,7770,40
4964,7801,358
4964,7974,42
4964,7984,36
4964,7986,12
4964,8002,16
4964,8018,126
4964,8141,16
4964,8161,440
4964,8162,72
4964,8225,108
4964,8239,60
4964,8272,36
4964,8279,6
4964,8330,862
4964,8336,174
4964,8341,36
4964,8521,43
4964,8539,10
4964,8645,30
4964,8655,230
4964,8663,160
4964,8937,25
4966,1025,80
4966,5142,80
4967,7210,25
4967,8129,50
4968,7044,30
4968,7169,105
4969,7351,85
4969,7487,20
4970,7736,42
4970,8505,165
4970,9424,48
4971,7081,81
4971,7794,135
4971,8161,85
4972,7936,24
4972,7976,24
4972,8285,48
4973,4354,25
4973,7044,25
4973,7579,145
4973,7591,60
4974,7028,45
4978,8302,24
5001,7974,30
5002,7013,50
5002,7194,25
5006,4365,374
5006,7219,55
5013,7543,350
5015,7407,30
5016,790,105
5016,2485,202
5016,2490,100
5016,2501,4017
5016,2516,1630
5016,2548,25
5016,2554,1573
5016,2569,74
5016,4229,2305
5016,4244,271
5016,4354,25
5016,4985,370
5016,6938,157
5016,6956,350
5016,6987,900
5016,7028,25
5016,7044,25
5016,7057,2869
5016,7080,25
5016,7130,144
5016,7182,40
5016,7209,75
5016,7216,75
5016,7230,25
5016,7362,140
5016,7375,24
5016,7408,23
5016,7502,140
5016,7537,54
5016,7566,269
5016,7703,25
5016,7714,66
5016,7730,90
5016,7801,796
5016,8132,18
5016,8143,83
5016,8161,41
5016,8231,84
5016,8330,863
5016,8574,15
5016,8627,5
5016,8673,42
5016,8947,5
5018,2477,3
5018,2488,5
5018,4314,20
5027,4370,25
5031,4373,25
5031,8321,30
5035,7023,6
5040,1736,55
5040,3103,55
5040,4926,70
5040,5958,209
5040,5987,448
5040,5997,385
5044,6329,20
5048,3590,30
5048,5549,270
5048,6215,30
5048,6264,75
5055,6550,297
5056,6787,55
5075,1038,119
5075,5407,65
5075,5836,784
5075,5886,1064
5075,6381,350
5075,6779,30
5075,6795,980
5075,6800,290
5075,9349,480
5075,9822,382
5099,9652,81
5104,4542,55
5112,791,5
5112,792,155
5112,3416,781
5116,5125,119
5116,5164,294
5116,5528,26
5116,6406,42
5116,6526,42
5117,3378,25
5117,4420,30
5117,5528,103
5117,5879,392
5117,6572,4951
5117,6883,25
5123,5641,428
5123,9424,42
5130,5602,75
5130,5648,95
5132,1627,1410
5132,2171,830
5164,4104,968
5164,9765,36
5165,1025,25
5166,1736,30
5166,5719,20
5181,1025,45
5186,3752,160
5187,1166,911
5187,1493,1519
5187,4470,106
5187,5142,35
5187,5692,60
5187,5711,50
5192,688,1887
5192,1800,119
5192,2043,150
5192,4656,138
5192,4658,25
5192,4694,330
5192,5419,100
5192,5634,20
5192,5707,20
5192,5906,20
5195,6086,100
5199,169,6
5199,728,12026
5199,1468,1354
5199,4640,209381
5200,636,35
5200,1506,40
5200,3095,100
5200,4702,25
5200,5356,95
5200,5622,105
5200,5642,410
5200,5643,1206
5200,9580,60
5203,5612,11
5206,8692,5
5210,167,30
5210,386,2
5210,3142,1
5210,4122,2
5210,7281,20
5210,7293,30
5213,5142,50
5214,2428,5
5214,8449,5
5217,1535,6
5217,2441,180
5217,7845,24
5217,7864,139
5218,5528,26
5219,1025,25
5220,3384,25
5222,7905,132
5222,7922,48
5222,8056,66
5222,8085,462
5222,8696,40
5222,8984,90
5222,8990,30
5223,4200,650
5223,5213,280
5223,8395,150
5223,8827,395
5224,1025,25
5224,1736,30
5224,5142,25
5226,447,4
5230,1056,12
5244,567,45
5244,1144,50
5244,1640,275
5244,1861,25
5250,4877,60
5258,2087,32
5262,2075,25
5266,3711,30
5267,704,20
5267,5601,139
5269,1025,25
5269,2051,1035
5269,3718,5
5271,5171,85
5271,5172,60
5271,5273,25
5272,1025,75
5273,5271,240
5283,2853,65
5284,4633,25
5284,5668,25
5287,1025,55
5287,2075,55
5311,1736,85
5311,5142,25
5321,5474,185
5324,4801,15
5327,4567,50
5328,5182,42
5328,5663,180
5328,5800,35
5331,5452,50
5334,5739,110
5334,6778,110
5334,6882,121
5339,1707,2
5350,701,382
5350,728,10
5350,1025,25
5350,4782,1656
5350,4800,66
5350,4824,75
5350,5454,115
5350,5590,2016
5350,5647,554
5350,5727,95
5350,5797,1533
5350,5804,65
5350,5817,271
5356,4628,6
5357,5400,60
5357,5648,298
5360,5527,6126
5360,5663,96
5381,0,25
5381,151,40
5381,594,60
5381,2649,156
5381,2674,85
5381,3456,915
5381,3885,405
5381,4747,450
5381,5707,66
5381,6063,370
5386,2075,25
5388,6580,135
5399,9747,55
5406,2086,1947
5406,4625,70
5414,3735,400
5415,6708,100
5419,5268,40
5419,5634,5
5419,5751,40
5423,3095,25
5426,5451,25
5426,5556,60
5426,5851,120
5430,2070,25
5434,5701,92
5442,6809,5
5444,5609,38
5446,5623,105
5449,4567,55
5449,9424,132
5450,2085,1228
5450,5683,225
5457,821,50
5458,3272,25
5458,3329,20
5458,5280,832
5458,5283,40
5458,5642,342
5458,5818,20
5458,5822,20
5458,5870,490
5458,5875,60
5458,6235,25
5458,6324,20
5458,6353,18
5458,6778,25
5458,6866,225
5459,6566,6
5466,5898,20
5467,5562,25
5467,5790,105
5468,242,2078
5468,648,1072
5468,1418,521
5468,1470,963
5468,1620,110
5468,2019,5913
5468,5358,110
5468,5591,55
5476,2075,360
5480,3681,4924
5480,4702,330
5482,5663,180
5482,5830,30
5488,321,840
5488,2797,1250
5488,6800,6771
5488,8159,30
5488,8488,25
5488,9349,9263
5488,9825,3320
5491,735,100
5491,3704,30
5491,5325,40
5491,5332,30
5491,5413,820
5491,5444,25
5491,5566,475
5491,5734,5
5508,711,6
5508,1493,847
5508,3747,325
5513,1736,115
5515,1800,792
5515,4567,156
5515,5271,25
5515,5482,14
5515,5648,45
5515,5702,60
5519,505,158
5519,1991,831
5519,2035,3793
5519,3714,190
5519,4758,179
5519,5181,1521
5519,5509,110
5519,5553,285
5519,5725,170
5519,5794,380
5523,5607,195
5526,15,20
5526,5616,130
5527,1800,177
5527,3737,12
5527,5641,235
5533,5451,55
5540,307,270
5540,469,108
5540,482,140
5540,2065,35
5540,2775,45
5540,3024,35
5540,5276,20
5540,5549,40
5540,5559,15
5540,5596,15
5540,5625,110
5540,5704,10
5540,5723,20
5540,5752,84
5540,5781,44
5540,5898,15
5540,6106,20
5540,6251,628
5540,6594,40
5540,9302,80
5547,5338,200
5554,169,10
5554,704,10
5554,3753,143
5554,5488,6473
5554,5491,25
5554,5578,75
5554,5734,231
5556,9781,25
5561,1025,30
5563,4657,64
5575,1025,30
5575,5663,36
5582,3713,2050
5582,5551,22
5583,5551,50
5583,5582,1034
5586,53,245
5586,57,653
5586,58,1621
5586,189,3855
5586,573,31594
5586,599,1596
5586,687,784
5586,935,8945
5586,1166,2827
5586,1509,2985
5586,1616,253
5586,1679,36
5586,2037,3051
5586,2171,2870
5586,2230,70
5586,2674,112
5586,2852,35
5586,3469,228
5586,3509,797
5586,3869,93
5586,3979,4563
5586,4004,342
5586,4412,4582
5586,4417,42
5586,4531,35
5586,4555,50
5586,4802,247
5586,4923,310
5586,5116,3726
5586,5125,147
5586,5164,2434
5586,5187,3734
5586,5337,628
5586,5419,1164
5586,5460,95
5586,5669,42
5586,5708,367
5586,5765,66
5586,5896,318
5586,6063,363
5586,6086,1954
5586,6106,35
5586,6882,105
5586,8550,258
5586,9391,3011
5586,9424,84
5586,9433,30
5586,9576,15
5586,9833,36
5590,1025,25
5595,59,1188
5595,1620,88
5595,4802,636
5595,5166,235
5595,5527,1402
5602,483,15
5602,4767,1990
5602,4793,343
5602,5171,50
5602,5172,25
5602,5271,110
5602,5273,288
5602,5372,30
5602,5443,25
5602,5446,55
5602,5497,255
5602,5498,60
5602,5623,3405
5602,5738,160
5607,1736,60
5607,4567,25
5607,5663,30
5609,5668,475
5612,4545,255
5612,5282,39
5612,6235,30
5616,5526,40
5619,5663,66
5619,5711,311
5622,702,3120
5622,5459,25
5622,5554,26
5622,5626,25
5622,5669,499
5622,9554,1425
5626,5198,297
5626,6880,104
5629,9288,110
5636,5813,188
5636,9424,30
5637,1025,60
5638,1991,40
5638,2036,590
5638,3716,22
5638,5518,110
5638,5725,55
5638,5815,40
5638,5883,75
5638,6063,55
5639,2075,55
5639,5663,61
5641,5123,7347
5641,5325,33
5641,5648,75
5641,5663,462
5641,5813,5
5641,5843,75
5641,9424,30
5641,9781,335
5642,4645,44
5643,636,285
5644,57,22
5644,733,32
5644,2282,30
5644,3289,20
5644,5832,6
5644,5870,740
5646,9492,120
5647,505,50
5647,666,28
5647,735,50
5647,1025,25
5647,5165,813
5647,5638,50
5647,5648,55
5647,5727,5
5648,59,690
5648,5075,30
5648,5795,50
5652,5554,70
5652,5587,30
5652,5609,25
5652,6672,25
5652,9580,10
5658,9379,25
5663,1591,25
5663,1800,100
5663,5328,1992
5663,5348,55
5668,4545,475
5669,4396,899
5677,1025,55
5677,3747,66
5680,1025,30
5681,1025,30
5681,5663,36
5686,3289,5
5697,482,25
5703,4657,1441
5703,5266,110
5703,5673,25
5707,2049,25
5712,1025,30
5725,430,5
5727,1025,30
5746,5361,20
5746,5563,1059
5748,392,111
5754,3026,5
5760,5142,25
5765,6594,621
5765,6663,182
5768,612,5
5768,5289,15
5774,5740,55
5787,3272,25
5787,5896,88
5800,5182,5
5804,735,30
5805,5781,5
5810,5177,40
5817,1025,35
5819,5736,18
5819,5874,15
5819,9335,24
5830,3755,25
5830,5594,193
5832,3834,35
5832,4923,10
5849,2075,20
5849,9424,48
5851,5556,120
5868,5513,225
5879,5644,274
5894,3275,440
5896,4923,325
5912,4673,20
5916,6,25
5916,2982,5201
5916,4567,40
5924,6515,20
5928,6685,110
5928,6866,165
5930,2974,15
5949,1980,85
5949,6888,25
5960,6613,35
5980,430,5
6008,6481,40
6020,430,30
6027,12,430
6027,152,10
6027,413,25
6027,826,350
6027,1003,575
6027,1070,30
6027,1728,50
6027,2165,1720
6027,2315,50
6027,2539,25
6027,3014,90
6027,3951,25
6027,5556,25
6027,6357,197
6027,9263,210
6027,9353,775
6030,3562,24
6030,5945,24
6030,6499,88
6030,6553,20
6030,6593,355
6053,3186,55
6053,3399,24
6053,3805,160
6053,4016,1078
6053,5217,80
6053,5289,11
6053,5669,825
6053,5819,170
6053,6406,45
6053,6773,10
6053,9433,190
6053,9613,60
6053,9758,69
6063,459,25
6063,1886,30
6063,2036,50
6063,2204,20
6063,2822,47
6063,3017,30
6063,3497,25
6063,3590,30
6063,3674,5
6063,3823,20
6063,3954,843
6063,4547,25
6063,4694,64
6063,4750,6796
6063,4816,70
6063,5055,30
6063,5195,80
6063,5283,85
6063,5289,64
6063,5745,100
6063,5769,55
6063,5979,100
6063,6034,25
6063,6133,30
6063,6156,65
6063,6216,7495
6063,6291,277
6063,6409,50
6063,6429,35
6063,6476,30
6063,6540,72
6063,6543,80
6063,6575,20
6063,6579,30
6063,6629,25
6063,6685,80
6063,6773,70
6063,6813,100
6063,6839,90
6063,6852,36
6063,7864,66
6063,9186,49
6063,9219,68
6063,9558,42
6066,3922,24
6066,6096,140
6076,3054,60
6076,3073,109
6076,3377,60
6076,4061,102
6077,6529,30
6089,423,816
6089,1025,55
6089,2107,1025
6089,3635,1074
6089,3900,5
6089,3981,18
6089,4015,192
6089,4709,30
6089,5913,10
6089,6328,70
6092,2124,10
6092,6429,25
6092,6813,50
6100,2,551
6100,34,7326
6100,51,48
6100,72,705
6100,176,10
6100,177,719
6100,178,15346
6100,251,1662
6100,274,355
6100,276,4428
6100,324,70
6100,327,394
6100,346,387
6100,385,1444
6100,392,46
6100,430,828500
6100,505,2580
6100,559,706
6100,583,5
6100,599,11
6100,604,1408
6100,605,1006
6100,614,1036
6100,624,20
6100,666,76454
6100,673,1194
6100,735,205
6100,748,1730
6100,850,5
6100,950,16
6100,971,624
6100,998,130
6100,1015,6063
6100,1025,32679
6100,1102,1378
6100,1166,330
6100,1193,6551
6100,1200,10
6100,1225,24825
6100,1291,3759
6100,1292,3759
6100,1430,240
6100,1620,7473
6100,1691,1226
6100,1710,19006
6100,1714,420
6100,1736,827
6100,1800,291
6100,1840,596
6100,1953,15
6100,2004,31221
6100,2075,92
6100,2080,5923
6100,2103,1894
6100,2118,1799
6100,2169,22
6100,2598,1456
6100,2640,260
6100,2672,843
6100,2737,5
6100,2744,809
6100,2796,114
6100,2852,25
6100,2887,62
6100,2924,416
6100,2982,339
6100,2997,404
6100,3013,55
6100,3020,229
6100,3024,311
6100,3057,517
6100,3083,5
6100,3142,648
6100,3210,7695
6100,3237,34593
6100,3253,3822
6100,3284,5303
6100,3340,5
6100,3354,29127
6100,3538,135
6100,3541,526
6100,3548,171
6100,3690,80
6100,3704,268
6100,3748,838
6100,3924,486
6100,3972,25
6100,3984,1089
6100,4038,58
6100,4041,953
6100,4058,15
6100,4062,10
6100,4069,103
6100,4110,32
6100,4470,20
6100,4595,79
6100,4635,3766
6100,4684,1011
6100,4706,59
6100,4726,7068
6100,4742,60
6100,4752,867
6100,4755,14
6100,4815,10
6100,4860,287
6100,4861,36
6100,4867,6
6100,5048,1232
6100,5199,48963
6100,5328,369
6100,5331,30
6100,5556,11
6100,5586,19060
6100,5641,166
6100,5663,222
6100,5916,1981
6100,5980,111
6100,6046,20
6100,6067,231
6100,6071,5
6100,6089,30
6100,6098,12
6100,6378,17
6100,6382,15
6100,6408,219
6100,6461,6
6100,6486,10
6100,6521,15
6100,6545,1
6100,6638,16
6100,6647,5
6100,6939,6
6100,6957,1235
6100,7196,3378
6100,8550,1156
6100,9251,25
6122,3681,774
6122,4746,406
6122,6063,105
6122,6321,35
6126,21,5
6126,1263,78
6126,1620,2
6126,1800,446
6126,3548,382
6126,3664,23
6126,3949,677
6126,3989,5
6126,4079,336
6126,6829,145
6140,6342,20
6145,4031,10
6145,5997,60
6145,6014,5
6158,2853,25
6189,5549,121
6189,9576,35
6190,5781,66
6190,6887,50
6195,3621,25
6206,6725,810
6230,6063,160
6235,1980,120
6260,1025,100
6260,4049,370
6260,4093,474
6260,5641,160
6261,1025,50
6261,4829,2160
6261,6555,72
6271,1025,20
6297,1025,20
6342,6593,104
6361,6063,70
6361,6122,70
6392,3946,6
6400,6092,242
6402,1736,55
6402,5142,110
6404,1025,25
6404,5641,25
6408,5164,225
6413,3681,527
6413,6063,165
6427,6128,1288
6461,430,6
6474,6335,680
6514,1025,35
6514,4567,70
6519,6822,50
6527,5587,60
6545,1743,71
6545,3584,7926
6545,3681,7074
6545,4567,30
6545,4879,3114
6545,6063,562
6545,6392,20
6545,6683,35
6576,6536,11
6584,6269,100
6588,6708,50
6592,2762,11
6594,6708,200
6605,3164,135
6605,6158,66
6608,1025,25
6608,6709,24
6614,5978,20
6614,6624,120
6620,6363,30
6641,5648,10
6641,6063,35
6641,6897,40
6644,1736,24
6644,5142,20
6655,1025,25
6661,6709,191
6679,968,200
6679,2763,10
6709,6261,24
6709,6661,535
6713,1736,75
6713,4723,1404
6713,5142,50
6713,5663,60
6713,6261,50
6721,9613,90
6724,1025,20
6724,1736,24
6724,5142,20
6745,3033,20
6745,6446,1
6757,2,519
6757,34,7320
6757,82,43
6757,104,2138
6757,107,3289
6757,151,91
6757,167,187
6757,176,10
6757,177,683
6757,180,978
6757,196,1136
6757,204,3469
6757,229,16304
6757,237,6
6757,251,1677
6757,260,1648
6757,274,120
6757,298,5
6757,324,70
6757,325,348
6757,327,11639
6757,330,795
6757,332,65
6757,339,97
6757,342,1715
6757,346,4374
6757,355,4353
6757,385,8150
6757,392,46
6757,407,22935
6757,416,1441
6757,418,140
6757,430,878123
6757,437,9951
6757,446,5
6757,447,35248
6757,453,85
6757,483,24585
6757,505,4758
6757,550,1718
6757,554,406
6757,559,706
6757,563,3132
6757,566,582
6757,573,3853
6757,575,5589
6757,587,9778
6757,589,212
6757,590,622
6757,597,6230
6757,599,11
6757,604,1268
6757,607,1004
6757,616,50
6757,619,5812
6757,624,5
6757,634,5
6757,642,4478
6757,649,5
6757,650,7510
6757,666,105090
6757,673,1350
6757,689,1569
6757,712,986
6757,732,69
6757,735,1103
6757,739,46
6757,748,1709
6757,850,5
6757,935,10
6757,950,1007
6757,951,1408
6757,957,25
6757,961,3311
6757,971,278
6757,973,23
6757,974,241
6757,991,1505
6757,998,123
6757,1010,50
6757,1015,5064
6757,1020,214
6757,1025,32675
6757,1102,1378
6757,1161,600
6757,1166,340
6757,1171,25
6757,1193,13069
6757,1258,97
6757,1263,487
6757,1266,4138
6757,1291,3815
6757,1292,3763
6757,1307,16964
6757,1312,631
6757,1426,1796
6757,1430,15
6757,1468,253
6757,1478,52
6757,1506,5194
6757,1585,913
6757,1620,6694
6757,1685,5
6757,1691,1226
6757,1694,12
6757,1704,422
6757,1707,1287
6757,1710,16589
6757,1712,26
6757,1714,7250
6757,1725,3973
6757,1736,1193
6757,1743,11
6757,1746,25
6757,1760,5346
6757,1769,1768
6757,1840,1083
6757,1953,10
6757,1983,567
6757,2004,19603
6757,2025,326
6757,2075,153
6757,2080,4710
6757,2095,203
6757,2118,1082
6757,2127,25
6757,2169,15
6757,2310,5
6757,2482,95
6757,2500,3882
6757,2532,367
6757,2572,130
6757,2580,3009
6757,2584,12
6757,2598,4110
6757,2601,492
6757,2613,1630
6757,2615,1246
6757,2631,846
6757,2639,115
6757,2640,255
6757,2652,1298
6757,2674,23
6757,2676,5
6757,2729,605
6757,2744,383
6757,2750,178
6757,2784,821
6757,2852,20
6757,2872,308
6757,2887,79
6757,2924,401
6757,2971,712
6757,2982,339
6757,2984,1290
6757,2997,2608961
6757,3004,26
6757,3006,124
6757,3020,203
6757,3024,278
6757,3049,544
6757,3050,5
6757,3053,30
6757,3056,7445
6757,3057,839
6757,3064,502
6757,3070,10
6757,3079,1577
6757,3083,71
6757,3130,840
6757,3142,1896
6757,3199,2473
6757,3202,245
6757,3210,6739
6757,3224,5214
6757,3237,25090
6757,3281,350
6757,3284,5309
6757,3340,5
6757,3354,3286
6757,3452,78
6757,3489,25
6757,3494,906412
6757,3579,20
6757,3593,46
6757,3605,108
6757,3613,5
6757,3624,10
6757,3673,253
6757,3690,75
6757,3704,449
6757,3718,1247
6757,3725,445
6757,3748,83
6757,3759,4774
6757,3760,254
6757,3858,2383
6757,3862,15
6757,3894,1255
6757,3895,2319
6757,3915,197
6757,3918,25
6757,3924,513
6757,3984,1950
6757,3989,1749
6757,3996,5
6757,4041,932
6757,4062,10
6757,4069,103
6757,4079,1502
6757,4110,43
6757,4150,10802
6757,4432,10
6757,4470,60
6757,4489,12
6757,4550,3491
6757,4567,36
6757,4595,31
6757,4601,5
6757,4625,12
6757,4634,225
6757,4635,3982
6757,4649,20
6757,4684,603
6757,4726,4913
6757,4730,5414
6757,4735,17
6757,4742,60
6757,4744,55
6757,4745,5
6757,4750,126
6757,4756,120
6757,4762,16687
6757,4785,3
6757,4815,10
6757,4819,5
6757,4826,35
6757,4838,397
6757,4854,80
6757,4860,287
6757,4861,36
6757,4864,165
6757,4867,6
6757,4906,85
6757,5074,5
6757,5130,257
6757,5187,427
6757,5191,126
6757,5267,58
6757,5328,691
6757,5331,30
6757,5519,565
6757,5556,41
6757,5583,114
6757,5586,17815
6757,5641,75
6757,5648,25
6757,5663,184
6757,5680,45
6757,5916,2605
6757,5918,56
6757,5928,6
6757,6020,10
6757,6063,2608
6757,6067,231
6757,6089,87
6757,6156,30
6757,6227,25
6757,6280,15
6757,6291,122
6757,6362,5
6757,6378,17
6757,6408,164
6757,6461,6
6757,6484,80
6757,6521,15
6757,6545,1
6757,6610,10
6757,6638,16
6757,6804,24660
6757,6811,25
6757,6957,1170
6757,7032,55
6757,7043,461
6757,7196,3089
6757,7376,12679
6757,7503,16
6757,7543,10
6757,7618,45
6757,8550,1018
6757,9250,35
6757,9251,30
6757,9424,41
6757,9540,504
6783,5549,55
6783,6593,198
6803,6708,11
6804,1225,49320
6840,5528,21
6860,3456,150
6888,1980,375
6888,6235,45
6894,5780,75
6894,6251,535
6894,6648,300
6894,6708,6042
6897,6636,50
6910,7296,24
6911,363,60
6911,4211,50
6913,4855,24
6913,7145,75
6913,7904,50
6913,8424,25
6913,8868,60
6913,8897,115
6914,8847,25
6915,2386,525
6915,4214,25
6915,7290,50
6915,8063,125
6915,8383,5
6915,8773,30
6915,8881,25
6915,8891,24
6915,8913,50
6918,1541,15430
6918,1938,8410
6933,386,1
6933,4122,1
6933,7483,100
6933,7641,150
6933,7669,25
6936,7454,150
6937,8409,50
6939,1954,30
6939,2574,1885
6939,3237,15
6939,4456,45
6939,5528,151
6939,6572,533
6939,7069,25
6939,7933,102
6939,8874,90
6939,9391,165
6940,4308,64
6952,7028,25
6952,7489,20
6952,8535,25
6955,7099,40
6955,7542,5
6955,8815,25
6955,8947,55
6956,2501,75
6957,4338,8105
6957,7075,36
6957,7101,560
6960,4301,105
6965,7036,55
6965,8494,25
6978,4283,25
6978,4375,20
6978,8213,90
6980,5001,243
6985,7767,35
6986,2488,1040
6986,2564,15
6986,4248,23
6986,7051,185
6987,2258,25
6987,4354,25
6987,7745,55
6987,7953,24
6987,8169,115
6987,8207,60
6987,8673,25
6987,8815,25
6989,4354,20
6989,7044,5
6989,7210,25
6989,7316,5
6989,7553,25
6989,7567,60
6989,7822,25
6989,8117,30
6989,8200,108
6989,8312,171
6989,8323,64
6989,8334,30
6989,8511,25
6989,8814,55
6996,2489,95
6996,7016,5
6996,7361,3
6996,7375,42
6996,8106,24
6996,8277,102
6996,8280,84
6996,8639,48
6996,8929,12
7006,447,20
7009,7121,30
7010,2548,35
7010,4297,65
7011,311,90
7011,368,25
7011,528,976
7011,834,20
7011,1129,49
7011,1532,1358
7011,1840,45
7011,1844,7186
7011,1916,485
7011,2259,180
7011,2359,520
7011,2384,20
7011,2386,40
7011,2416,579
7011,2440,350
7011,2485,1172
7011,2501,119
7011,2551,120
7011,2554,118
7011,2568,210
7011,2795,95
7011,3141,20
7011,3615,20
7011,4139,70
7011,4169,20
7011,4207,1
7011,4210,40
7011,4318,240
7011,4336,7422
7011,4377,180
7011,4470,10
7011,4595,126
7011,5215,15
7011,6063,65
7011,6925,100
7011,6943,20
7011,7062,100
7011,7079,150
7011,7088,298
7011,7103,30
7011,7131,129
7011,7145,200
7011,7223,30
7011,7249,3598
7011,7307,25
7011,7396,150
7011,7417,551
7011,7424,91
7011,7524,30
7011,7530,30
7011,7554,10
7011,7586,30
7011,7643,90
7011,7688,249
7011,7723,180
7011,7745,36
7011,7846,55
7011,7885,42
7011,7904,20
7011,7954,36
7011,8003,713
7011,8031,24
7011,8055,51
7011,8060,54
7011,8063,84
7011,8067,114
7011,8076,92
7011,8079,20
7011,8088,24
7011,8151,120
7011,8155,72
7011,8274,36
7011,8292,36
7011,8301,96
7011,8357,48
7011,8360,92
7011,8361,24
7011,8363,48
7011,8383,30
7011,8403,48
7011,8435,35
7011,8441,136
7011,8445,51
7011,8501,1126
7011,8503,35
7011,8684,25
7011,8698,5
7011,8712,25
7011,8741,48
7011,8742,24
7011,8772,120
7011,8773,24
7011,8797,36
7011,8824,15
7011,8830,18
7011,8845,48
7011,8855,96
7011,8858,30
7011,8859,60
7011,8861,24
7011,8862,20
7011,8863,72
7011,8867,24
7011,8875,24
7011,8884,22
7011,8908,24
7011,8911,30
7011,8922,24
7011,8953,24
7011,8959,30
7011,8969,24
7011,8970,18
7011,8971,24
7011,8983,24
7011,8984,6
7011,8993,5
7011,9009,24
7011,9379,25
7016,4354,35
7016,8585,25
7023,5035,228
7023,7041,5
7026,7027,10
7035,2487,60
7038,4249,100
7042,4973,30
7043,7706,105
7043,8237,36
7043,8346,18
7046,7558,25
7046,8577,20
7047,4240,20
7047,5010,25
7047,7504,225
7047,7533,222
7047,7550,40
7047,7820,138
7047,7986,84
7047,8264,25
7047,8539,20
7051,7540,25
7052,1025,50
7052,6973,1452
7052,7096,166
7052,7178,65
7052,7219,70
7052,7397,398
7052,8161,24
7052,8214,314
7052,8820,50
7057,6948,1055
7057,8275,30
7063,7333,135
7075,4262,50
7075,4347,15
7075,7097,5
7075,7992,24
7075,8110,216
7075,8335,30
7083,7378,25
7084,4983,25
7084,7012,66
7084,7048,80
7085,4255,100
7085,4268,25
7085,4289,1055
7085,4294,70
7085,4309,25
7085,7015,285
7085,7028,25
7085,7040,175
7085,7177,175
7085,7491,27
7085,7568,635
7085,7751,589
7085,8291,42
7099,4294,5
7099,4314,20
7099,7596,12
7104,1025,25
7104,2494,25
7104,2497,575
7104,4306,150
7104,4352,120
7104,6981,60
7104,6982,60
7104,7049,420
7104,7068,360
7104,7189,225
7104,7339,40
7104,7388,30
7104,7396,40
7104,7516,685
7104,7521,20
7104,7532,1048
7104,7817,84
7104,8237,96
7104,8495,480
7104,8505,20
7104,8677,375
7114,1025,20
7114,2548,25
7114,6980,804
7114,7023,808
7114,7369,25
7114,7929,30
7114,8161,30
7115,4339,10
7120,4150,10
7120,7417,25
7120,8946,5
7130,8226,36
7130,8247,30
7133,7572,325
7137,2531,72
7141,8975,125
7143,4175,655
7143,7650,50
7155,1665,340
7155,2426,11449
7155,2455,385
7155,2507,410
7155,3142,3
7155,3562,126
7155,4159,1922
7155,4221,193
7155,4236,55
7155,4300,66
7155,4567,102
7155,4957,1358
7155,5222,1168
7155,6935,919
7155,7246,165
7155,7469,40
7155,7653,1240
7155,7665,176
7155,7681,42
7155,7861,663
7155,7883,145
7155,7891,60
7155,7910,198
7155,8439,218
7155,8744,55
7155,9710,55
7156,2402,500
7156,7478,25
7156,7693,60
7156,7901,12
7156,7906,30
7156,8376,27
7156,8411,25
7156,8729,30
7156,8873,50
7163,7969,6
7167,2508,25
7169,7588,6
7169,7823,146
7169,7993,50
7169,8609,21
7174,1025,25
7174,4354,30
7174,7044,60
7174,8815,110
7176,7760,25
7186,8228,24
7187,4373,30
7187,7168,120
7187,8159,36
7189,7378,65
7189,8251,12
7189,8482,25
7189,8805,5
7192,4313,120
7192,6966,275
7192,7056,25
7192,7304,25
7192,7373,25
7192,7749,105
7192,8024,83
7192,8161,36
7192,8257,96
7192,8346,24
7196,1844,178
7196,2479,1050
7196,4245,264
7196,4269,65
7196,4333,40
7196,6947,1170
7196,6953,1670
7196,6959,45
7196,6986,770
7196,6990,344
7196,7028,45
7196,7052,9106
7196,7069,120
7196,7117,135
7196,7133,2300
7196,7165,180
7196,7179,30
7196,7395,212
7196,8137,60
7196,8566,261
7196,8799,6
7196,8811,5
7200,7028,45
7203,8583,55
7204,7163,100
7204,7338,300
7206,7028,30
7208,8314,55
7218,7036,25
7221,7225,50
7222,4970,455
7222,7218,30
7225,7028,30
7230,7998,40
7230,8520,25
7231,4237,1537
7232,7412,75
7233,7486,428
7233,7776,105
7233,7963,102
7233,8138,36
7238,7807,93
7240,1428,3580
7240,3562,10
7240,7464,25
7240,7696,30
7240,8450,50
7240,8708,50
7248,2456,610
7248,4169,372
7248,4222,76
7248,5208,114
7248,5228,55
7248,6907,216
7248,6933,917
7248,7264,45
7248,7423,125
7248,7640,24
7248,7642,70
7248,7689,54
7248,7694,30
7248,7843,42
7248,7850,54
7248,7857,54
7248,7859,30
7248,7865,96
7248,7874,54
7248,7876,76
7248,7881,67
7248,7922,72
7248,8042,48
7248,8049,60
7248,8059,60
7248,8073,99
7248,8097,54
7248,8369,30
7248,8384,114
7248,8406,35
7248,8419,55
7248,8428,75
7248,8438,75
7248,8439,20
7248,8454,125
7248,8467,45
7248,8685,86
7248,8688,50
7248,8694,6
7248,8696,115
7248,8702,72
7248,8703,120
7248,8710,24
7248,8722,123
7248,8739,30
7248,8747,100
7248,8749,45
7248,8843,31
7248,8880,25
7248,8887,55
7248,8957,45
7248,8967,430
7248,8980,130
7248,9002,25
7249,8382,891
7255,8412,75
7257,386,1
7257,4122,1
7263,1546,50
7276,2424,300
7276,4213,25
7278,1025,20
7278,1736,30
7278,4567,20
7278,5142,25
7281,386,1
7281,4122,2
7281,5210,1
7285,2392,175
7285,4153,75
7285,8391,75
7287,4207,78
7289,7445,40
7289,8763,90
7296,6515,6
7310,5001,80
7310,8020,30
7310,8117,30
7313,7505,80
7318,1338,50
7319,7829,30
7322,7002,25
7322,7044,25
7322,7788,35
7322,7995,100
7322,8152,30
7322,8180,114
7322,8559,105
7322,8569,105
7322,8800,75
7322,8806,30
7322,8817,60
7326,7095,42
7326,7786,30
7329,1154,125
7329,7311,40
7340,8265,42
7340,8301,60
7343,7028,25
7346,7741,25
7349,1338,6
7349,2496,180
7349,2566,110
7353,4291,50
7353,7372,75
7355,8319,278
7361,2489,25
7361,7313,115
7361,7507,141
7361,8186,54
7361,8242,78
7361,8328,114
7361,8659,30
7366,8604,25
7372,7028,30
7375,8594,10
7376,905,650
7376,1532,50
7376,1665,1550
7376,2472,25
7376,2478,350
7376,2484,95
7376,2485,210
7376,2495,5
7376,2500,335
7376,2554,1304
7376,2557,25
7376,4227,25
7376,4244,45
7376,4252,50
7376,4255,50
7376,4275,45
7376,4314,100
7376,4320,1850
7376,4331,325
7376,4964,14
7376,4975,55
7376,4999,385
7376,5016,5504
7376,6984,25
7376,6987,1010
7376,6989,150
7376,7004,148
7376,7010,320
7376,7011,100
7376,7020,165
7376,7043,25
7376,7046,15
7376,7047,4003
7376,7064,125
7376,7075,355
7376,7085,6874
7376,7104,360
7376,7136,155
7376,7194,25
7376,7334,275
7376,7358,66
7376,7391,25
7376,7490,100
7376,7554,50
7376,7707,85
7376,7783,504
7376,8204,7696
7376,8492,65
7376,8945,2882
7392,8499,30
7393,7815,24
7394,8254,102
7395,2508,64
7395,8480,42
7397,7211,109
7399,7028,25
7399,7044,30
7400,4964,18
7400,8330,135
7402,4976,95
7402,8651,30
7403,8571,30
7407,7414,105
7407,7729,108
7407,8245,267
7407,8520,75
7407,8551,18
7415,8149,6
7417,8581,20
7422,8446,50
7435,9011,120
7452,4217,5
7452,7256,55
7467,7463,40
7468,7910,30
7469,15,1
7469,4122,1
7476,7911,30
7476,8457,75
7476,8686,25
7476,8976,140
7477,6917,25
7478,7666,25
7482,2414,75
7486,8173,30
7493,8586,25
7496,4237,20
7497,8614,25
7499,8341,18
7502,8161,5
7503,4370,25
7503,5021,80
7503,7028,25
7503,7513,75
7503,7562,149
7503,7708,50
7503,7728,30
7503,7990,90
7503,8161,30
7503,8229,30
7503,8529,75
7503,8620,150
7508,8605,22
7510,7768,4
7510,7947,8
7510,8262,24
7512,7166,30
7512,7375,53
7512,7499,42
7512,7505,45
7512,7703,60
7512,7957,24
7512,8016,18
7512,8120,24
7512,8161,24
7512,8165,48
7512,8182,400
7512,8236,97
7512,8242,18
7512,8269,60
7512,8275,36
7512,8350,60
7512,8582,20
7512,8607,20
7515,8107,28
7515,8141,43
7515,8172,30
7515,8259,36
7515,8294,52
7515,8551,42
7515,8589,23
7515,8596,30
7515,8607,65
7515,8639,34
7518,7195,35
7520,7741,42
7520,8134,18
7529,8208,6
7532,7028,50
7532,8268,30
7536,7028,21
7536,8946,78
7537,8161,17
7543,7028,35
7544,7738,49
7547,4285,25
7547,8647,30
7554,8935,30
7562,7028,25
7562,7317,170
7562,7502,35
7562,7546,5
7562,7555,60
7562,7708,20
7562,7712,20
7562,7753,65
7562,7822,25
7562,8128,144
7562,8161,6
7562,8203,18
7562,8207,96
7562,8229,24
7562,8323,8
7562,8326,72
7562,8349,25
7562,8670,30
7562,8952,110
7571,4349,30
7571,7396,30
7573,4290,2
7576,7732,461
7576,7827,135
7577,7823,232
7597,8627,95
7640,5221,45
7640,7891,18
7640,8992,30
7648,5663,30
7653,7682,1215
7653,8858,264
7665,2455,55
7665,8037,66
7682,2466,335
7716,8640,18
7728,8640,12
7732,7506,25
7735,8298,36
7738,8647,5
7739,1025,25
7739,8266,180
7741,2548,17
7741,4988,60
7741,7044,25
7741,7210,43
7741,7346,20
7741,7407,42
7741,7728,12
7741,7821,204
7741,8340,25
7741,8571,52
7741,8588,60
7741,8944,20
7744,252,25
7746,1025,25
7746,7135,25
7746,7535,45
7747,7701,376
7748,7162,70
7748,7367,130
7748,7557,20
7751,4239,53
7751,8005,95
7751,8119,50
7754,7352,90
7754,7578,30
7754,7816,108
7754,8304,36
7754,8310,72
7764,7028,25
7778,4268,25
7779,8184,12
7780,4224,40
7780,7351,100
7780,7704,36
7780,8138,48
7780,8313,6
7783,8206,30
7785,7523,55
7787,8209,60
7793,8513,6
7793,8794,15
7794,7795,25
7797,1025,25
7811,4354,31
7811,7028,72
7811,7044,31
7811,8159,44
7811,8931,12
7817,8304,30
7818,7406,50
7818,8025,24
7819,7188,30
7854,1532,30
7861,1370,55
7861,2389,25
7861,2399,75
7861,2423,185
7861,2507,20
7861,4200,340
7861,7435,925
7861,8048,85
7861,8390,116
7861,8395,25
7861,8426,204
7861,8443,175
7861,8710,18
7861,8964,60
7861,8981,366
7865,8871,42
7871,7656,48
7876,8846,20
7876,8902,20
7877,8914,192
7883,2466,105
7883,4221,27
7883,7468,35
7883,7637,5
7883,7905,36
7883,8096,60
7883,8371,36
7883,8419,30
7883,8694,30
7892,7268,25
7893,6917,25
7926,6964,25
7926,7028,25
7926,7927,277
7926,8313,30
7926,8510,65
7926,8512,50
7926,8671,114
7932,4262,30
7951,7073,15
7970,7980,42
8001,4267,50
8001,4363,430
8001,4997,315
8001,7751,98
8001,7756,80
8001,8006,80
8005,7751,45
8008,7028,35
8015,7376,6
8015,8810,5
8018,7171,30
8018,8937,25
8021,1025,50
8021,1166,120
8021,1658,25
8021,2479,1208
8021,2495,5560
8021,2504,75
8021,2515,40
8021,4262,105
8021,4273,65
8021,4315,105
8021,4322,50
8021,4329,998
8021,4370,140
8021,5029,115
8021,6807,89
8021,6962,25
8021,7028,5
8021,7050,516
8021,7082,645
8021,7129,75
8021,7167,856
8021,7192,118
8021,7227,115
8021,7306,100
8021,7321,20
8021,7329,70
8021,7374,107
8021,7385,50
8021,7393,499
8021,7417,366
8021,7547,25
8021,7582,75
8021,7587,75
8021,7725,60
8021,8125,66
8021,8232,30
8021,8281,72
8021,8563,80
8021,8598,25
8021,8668,30
8021,8780,6
8023,8278,30
8034,7240,50
8073,8880,20
8076,8891,30
8110,7800,35
8113,5016,6
8113,8021,18
8113,8161,42
8115,8602,35
8125,8581,30
8133,8821,67
8143,7375,6
8153,8142,42
8160,4989,50
8160,8651,55
8161,7972,216
8161,8002,5
8163,7044,35
8165,8172,30
8165,8186,60
8165,8595,50
8178,8660,60
8182,4243,20
8182,8269,24
8182,8350,20
8201,7522,10
8202,4286,385
8204,1025,35
8204,4303,270
8204,6960,248
8204,6963,210
8204,7073,75
8204,7342,105
8204,7700,50
8204,8170,78
8204,8211,22
8204,8218,67
8204,8227,84
8204,8229,30
8204,8583,50
8204,8654,417
8213,2500,18
8223,8519,70
8224,8118,216
8228,7186,40
8230,7043,525
8230,7364,20
8230,7536,20
8230,7599,80
8230,7932,39
8230,8237,60
8236,8491,35
8241,4323,104
8241,7132,105
8241,7409,10
8241,8107,42
8241,8115,125
8241,8172,18
8241,8304,48
8241,8582,15
8241,8594,15
8245,8161,24
8246,7370,105
8248,1025,25
8248,5006,3002
8250,8661,5
8260,2473,30
8260,6997,30
8267,4294,20
8267,6972,50
8267,7120,589
8267,7363,225
8267,7495,98
8267,7584,15
8267,7718,55
8267,7743,25
8267,8027,135
8267,8217,18
8267,8218,29
8267,8574,25
8267,8615,20
8281,4302,38
8283,2569,951
8283,4302,35
8283,4354,15
8283,4995,17
8283,6964,240
8283,7028,70
8283,7044,30
8283,7179,30
8283,7316,60
8283,7320,105
8283,7362,775
8283,7384,50
8283,7546,132
8283,7553,35
8283,7567,105
8283,7597,423
8283,7773,35
8283,8113,282
8283,8161,380
8283,8229,36
8283,8289,210
8283,8324,126
8283,8326,1131
8283,8565,35
8283,8585,35
8283,8590,35
8283,8608,105
8283,8643,30
8283,8670,36
8283,8814,22
8283,8952,70
8293,8286,6
8293,8488,25
8293,8666,11
8298,7735,35
8303,8498,105
8306,7968,24
8307,4349,15
8307,4354,20
8307,8221,18
8307,8598,20
8310,8216,30
8314,7028,25
8326,7028,35
8326,8340,77
8326,8670,42
8330,7207,20
8330,7953,6
8330,8563,25
8330,8673,180
8331,7932,136
8339,7789,47
8350,8641,25
8370,7262,204
8376,5223,60
8376,8418,20
8387,1807,490
8412,5224,130
8419,4122,1
8419,5226,1
8419,7894,30
8426,386,1
8426,4122,1
8426,7686,54
8438,4924,25
8439,7872,231
8443,386,1
8445,7920,72
8461,7649,119
8461,8767,25
8470,1375,138
8473,2525,80
8492,8321,72
8492,8676,25
8497,8507,30
8501,8223,136
8501,8679,30
8501,8779,30
8501,8809,30
8510,8518,40
8527,7166,20
8542,7572,25
8547,1358,20
8547,7730,2
8549,4268,215
8549,7218,580
8549,8309,258
8549,8948,30
8550,1825,90
8550,2503,9
8550,4961,54
8550,5018,808
8550,6077,45
8550,7235,340
8550,7366,45
8550,7486,85
8550,7528,120
8550,7566,25
8550,7598,60
8550,7809,297
8550,8217,30
8550,8264,63
8550,8290,80
8550,8298,189
8550,8439,72
8550,8528,40
8550,8530,45
8550,8549,1883
8550,8593,25
8550,8646,1440
8551,8327,28
8560,7945,24
8560,8003,105
8560,8662,20
8564,7230,30
8566,6628,177
8571,7028,30
8591,7943,108
8593,7417,110
8622,1025,25
8622,2517,1806
8622,4292,25
8622,4310,185
8622,4344,25
8622,4354,25
8622,5029,115
8622,7039,40
8622,7065,275
8622,7096,188
8622,7185,370
8622,7329,25
8622,7531,80
8622,7583,160
8622,7748,40
8622,7778,145
8622,7806,138
8622,8007,160
8622,8014,154
8622,8157,60
8622,8193,102
8622,8214,23
8622,8302,75
8622,8640,20
8622,8779,125
8622,8941,18
8622,8948,54
8654,7028,45
8654,7314,30
8688,8889,25
8692,2451,25
8692,8460,85
8718,1025,25
8722,210,1
8722,1129,1
8735,8885,96
8735,8891,126
8743,7296,30
8747,8990,20
8753,5142,25
8753,6063,30
8755,9710,25
8770,8954,55
8777,1978,6
8777,8735,30
8780,7070,30
8780,7744,30
8781,7028,35
8797,8274,36
8800,8653,105
8808,7028,25
8810,4268,25
8818,7571,15
8822,7982,54
8822,8582,25
8822,9579,155
8827,1025,85
8827,5142,25
8827,5213,30
8835,5220,30
8837,8891,30
8902,1129,1
8902,5226,1
8905,5142,25
8935,4235,30
8935,7036,105
8935,7596,30
8935,7983,10
8935,8629,5
8943,7220,50
8945,7546,480
8946,7725,60
8949,8238,25
8951,8274,30
8967,7301,250
8967,8077,150
8980,198,1
8980,5226,1
8980,8456,50
8981,8395,25
9017,7007,60
9024,1025,25
9024,3190,12006
9024,9128,255
9029,200,50
9029,885,25
9029,3128,50
9029,3208,188
9029,3216,308
9029,9037,40
9029,9050,20
9029,9067,40
9029,9097,45
9031,3249,45
9033,3259,55
9035,9036,25
9038,1025,55
9051,9156,90
9054,2729,35
9055,1025,50
9055,5142,55
9059,9137,30
9062,1736,55
9069,4864,30
9072,9098,120
9073,2075,150
9073,9027,100
9073,9043,310
9073,9066,80
9073,9090,170
9073,9107,100
9073,9126,80
9073,9146,235
9091,9158,28
9101,3240,814
9102,1025,55
9106,1428,36
9113,1736,30
9124,974,20
9124,9085,25
9128,1025,55
9131,5648,30
9134,3212,40
9136,430,15
9146,9149,20
9150,9152,58
9163,1124,1136
9174,15,60
9174,198,45
9174,1911,60
9174,4394,55
9179,5587,755
9181,2794,286
9181,9655,29
9191,2845,40
9234,70,217
9234,1852,16
9234,2912,5
9234,9538,31
9238,583,60
9238,4395,274
9251,2132,15
9251,6453,1493
9251,9402,20
9259,108,50
9259,1261,25
9259,1685,25
9259,1841,30
9269,2997,10
9269,5586,30
9273,371,1180
9273,521,25
9273,528,1240
9273,529,232
9273,1807,405
9273,2505,25
9273,2872,15
9273,4157,225
9273,4206,25
9273,6934,275
9273,7149,50
9273,7247,25
9273,7274,25
9273,7286,30
9273,7292,445
9273,7470,10
9273,7841,6
9273,8068,415
9273,8070,72
9273,8080,120
9273,8081,30
9273,8090,30
9273,8364,30
9273,8368,35
9273,8382,60
9273,8463,90
9273,8691,25
9273,8723,135
9273,8730,25
9273,8732,66
9273,8758,100
9273,8770,1163
9273,8773,50
9273,8823,60
9273,8828,60
9273,8841,30
9273,8844,30
9273,8848,60
9273,8849,90
9273,8888,54
9273,8894,72
9273,8914,66
9273,8919,30
9273,8954,30
9273,8958,75
9273,8982,60
9273,8995,30
9273,8998,60
9273,9000,25
9273,9004,90
9282,430,5
9282,9541,36
9294,2919,10
9319,1994,45
9327,1736,66
9327,2999,132
9327,5142,55
9332,2683,105
9332,5239,11
9373,1817,60
9391,42,70
9391,2168,75
9391,4494,90
9391,4699,246
9391,5240,286
9391,5528,688
9391,5549,110
9391,6096,30
9391,6572,806
9391,6648,450
9391,6939,290
9391,7933,30
9391,8874,85
9391,9452,25
9391,9815,45
9426,928,25
9426,1332,60
9426,1538,130
9426,1685,230
9426,2193,895
9426,2218,30
9426,2908,25
9426,3170,30
9426,3433,25
9426,3805,85
9426,3924,45
9426,4110,84
9426,4421,428
9426,5075,10
9426,5121,25
9426,6608,25
9426,6625,17
9426,7093,79
9426,7248,31
9426,9432,75
9426,9658,76
9433,2163,30
9433,6840,30
9446,1624,160
9459,3378,80
9459,9600,398
9463,3378,30
9463,5237,75
9463,6758,10
9463,6778,25
9463,9600,236
9492,152,15
9495,4562,20
9537,52,45
9540,64,42
9540,4699,50
9540,6429,25
9540,9761,791
9554,5896,5
9564,4523,885
9579,8822,85
9591,733,42
9591,5800,86
9613,5752,140
9618,450,33
9618,4430,6
9635,4520,60
9686,2874,755
9692,9622,110
9739,3867,6
9739,4110,124
9739,4475,42
9739,5243,5
9739,6062,6
9739,9358,50
9739,9831,11
9758,4016,25
9760,5075,2434
